brand,lens_type,raw_category,target_key,model,_source_url,_table_index,Type [standard],ID [standard],Interface,Focal length [mm],Aperture range F/#,Numerical aperture [object | image],Maximum sensor size [mm],Maximum angle of view [°],Recommended magnification range,Recommended working distance range [mm],Minimum working distance without extension tubes [mm],Filter thread [mm],Storage temperature [°C],Net weight [g],Additional info,f'eff [mm],SF [mm],S'F' [mm],HH' [mm],ß'P,SEP [mm],S'AP [mm],Σd [mm],Old lens name,Former lens name,Object space numerical aperture,Max. sensor size [mm],Max. angle of view [°],Rec. magnification range,Rec. working distance range [mm],Max. mechanical focus travel [mm],Net. weight [g]
Schneider-Kreuznach,fixed_focal,Large Format Lenses (PYRITE/AMBER/THULITE/EMERALD/TITANITE),schneider_large_format,PYRITE F2.8/28 mm large format lens,https://schneiderkreuznach.com/en/industrial-optics/lenses/large-format-lenses/pyrite/f2-8-28mm-v38,merged_kv,V38,1097781,V38-Mount,28,F/2.8 ... F/16,- | 0.18,30,55,-0.5 ... 0,61 ... ∞,-,M37 x 0.75,-25 … +70,99,-,29.29,-16.31,20.82,-2.94,1.05,11.62,-9.90,18.52,,,,,,,,,
Schneider-Kreuznach,fixed_focal,Large Format Lenses (PYRITE/AMBER/THULITE/EMERALD/TITANITE),schneider_large_format,PYRITE F2.8/35 mm large format lens,https://schneiderkreuznach.com/en/industrial-optics/lenses/large-format-lenses/pyrite/f2-8-35mm-v38,merged_kv,V38,1097782,V38-Mount,35,F/2.8 ... F/22,- | 0.18,30,47,-0.5 ... 0,77 ... ∞,-,M37 x 0.75,-25 … +70,108,-,34.93,-19.45,24.77,-3.54,1.05,13.92,-11.79,22.09,,,,,,,,,
Schneider-Kreuznach,fixed_focal,Large Format Lenses (PYRITE/AMBER/THULITE/EMERALD/TITANITE),schneider_large_format,PYRITE F2.8/40 mm large format lens,https://schneiderkreuznach.com/en/industrial-optics/lenses/large-format-lenses/pyrite/f2-8-40mm-v38,merged_kv,V38,1097232,V38-Mount,40,F/2.8 ... F/22,- | 0.17,43.2,55,-0.5 ... 0,97 ... ∞,-,M37 x 0.75,-25 … +70,102,-,41.52,-24.53,27.84,-2.19,1.05,15.04,-15.72,28.47,,,,,,,,,
Schneider-Kreuznach,fixed_focal,Large Format Lenses (PYRITE/AMBER/THULITE/EMERALD/TITANITE),schneider_large_format,PYRITE F2.8/50 mm large format lens,https://schneiderkreuznach.com/en/industrial-optics/lenses/large-format-lenses/pyrite/f2-8-50mm-v38,merged_kv,V38,1097301,V38-Mount,50,F/2.8 ... F/32,- | 0.17,43.2,46,-0.5 ... 0,127 ... ∞,-,M37 x 0.75,-25 … +70,107,-,50.15,-33.61,31.68,-3.07,0.94,19.56,-15.61,31.93,,,,,,,,,
Schneider-Kreuznach,fixed_focal,Large Format Lenses (PYRITE/AMBER/THULITE/EMERALD/TITANITE),schneider_large_format,PYRITE F4.0/45 mm large format lens,https://schneiderkreuznach.com/en/industrial-optics/lenses/large-format-lenses/pyrite/f4-0-45mm-v38,merged_kv,V38,1097783,V38-Mount,45,F/4 ... F/32,- | 0.12,43.2,50,-0.5 ... 0,114 ... ∞,-,M37 x 0.75,-25 … +70,94,-,46.78,-33.43,35.85,-1.79,1.02,12.26,-12.06,22.50,,,,,,,,,
Schneider-Kreuznach,fixed_focal,Large Format Lenses (PYRITE/AMBER/THULITE/EMERALD/TITANITE),schneider_large_format,PYRITE F4.0/60 mm large format lens,https://schneiderkreuznach.com/en/industrial-optics/lenses/large-format-lenses/pyrite/f4-0-60mm-v38,merged_kv,V38,1097302,V38-Mount,60,F/4 ... F/32,- | 0.12,62.5,55,-0.5 ... 0,156 ... ∞,-,M37 x 0.75,-25 … +70,114,-,60.07,-47.23,40.93,-1.89,0.97,14.64,-17.39,30.09,,,,,,,,,
Schneider-Kreuznach,fixed_focal,Large Format Lenses (PYRITE/AMBER/THULITE/EMERALD/TITANITE),schneider_large_format,PYRITE F4.0/80 mm large format lens,https://schneiderkreuznach.com/en/industrial-optics/lenses/large-format-lenses/pyrite/f4-0-80mm-v38,merged_kv,V38,1097276,V38-Mount,80,F/4 ... F/45,- | 0.12,82,54,-0.5 ... 0,214 ... ∞,-,M37 x 0.75,-25 … +70,109,-,80.34,-57.92,64.67,-1.81,1.03,20.29,-17.86,36.28,,,,,,,,,
Schneider-Kreuznach,fixed_focal,Large Format Lenses (PYRITE/AMBER/THULITE/EMERALD/TITANITE),schneider_large_format,PYRITE F5.6/80/1.0x mm large format lens,https://schneiderkreuznach.com/en/industrial-optics/lenses/large-format-lenses/pyrite/f5-6-80mm-1-0x-v38,merged_kv,V38,1097785,V38-Mount,80,F/5.6 ... F/45,0.06 | 0.06,100,62,-2 ... -0.5,98 ... 222,-,M37 x 0.75,-25 … +70,130,-,82.39,-60.14,60.14,-1.31,1.00,22.24,-22.26,43.19,,,,,,,,,
Schneider-Kreuznach,fixed_focal,Large Format Lenses (PYRITE/AMBER/THULITE/EMERALD/TITANITE),schneider_large_format,PYRITE F4.5/85/0.5x-2.0x mm large format lens,https://schneiderkreuznach.com/en/industrial-optics/lenses/large-format-lenses/pyrite/f4-5-85mm-0-5x-2-0x-v38,merged_kv,V38,1072517,V38-Mount,85,F/4.5 ... F/8,0.06 | 0.06,62.5,21,-1.0 (-2.0 ... -0.5),100 ... 228,-,M37 x 0.75,-25 … +70,270,-,85.13,-62.45,63.18,-5.12,1.01,22.02,-22.62,39.52,Macro Varon,,,,,,,,
Schneider-Kreuznach,fixed_focal,Large Format Lenses (PYRITE/AMBER/THULITE/EMERALD/TITANITE),schneider_large_format,PYRITE F4.5/90 mm/0.3x large format lens,https://schneiderkreuznach.com/en/industrial-optics/lenses/large-format-lenses/pyrite/f4-5-90mm-0-3x-v38,merged_kv,V38,1097784,V38-Mount,90,F/4.5 ... F/64,0.03 | 0.10,90,42,-0.3 (-0.5 ... -0.1),240 ... 967,-,M40.5 x 0.5,-25 … +70,129,-,90.80,-66.66,67.92,-3.56,1.02,22.56,-24.49,43.47,,,,,,,,,
Schneider-Kreuznach,fixed_focal,Large Format Lenses (PYRITE/AMBER/THULITE/EMERALD/TITANITE),schneider_large_format,PYRITE F4.5/90 mm large format lens,https://schneiderkreuznach.com/en/industrial-optics/lenses/large-format-lenses/pyrite/f4-5-90mm-v38,merged_kv,V38,1097789,V38-Mount,90,F/4.5 ... F/64,0.03 | 0.10,90,52,-0.5 ... 0,246 ... ∞,-,M37 x 0.75,-25 … +70,134,-,91.19,-67.47,67.77,-3.62,1.01,22.44,-24.72,43.52,,,,,,,,,
Schneider-Kreuznach,fixed_focal,Large Format Lenses (PYRITE/AMBER/THULITE/EMERALD/TITANITE),schneider_large_format,PYRITE F5.6/100 mm large format lens,https://schneiderkreuznach.com/en/industrial-optics/lenses/large-format-lenses/pyrite/f5-6-100mm-v38,merged_kv,V38,1097303,V38-Mount,100,F/5.6 ... F/64,- | 0.09,100,56,-0.5 ... 0,283 ... ∞,-,M37 x 0.75,-25 … +70,174,-,102.34,-81.84,84.88,-2.38,0.99,21.76,-16.21,35.58,,,,,,,,,
Schneider-Kreuznach,fixed_focal,Large Format Lenses (PYRITE/AMBER/THULITE/EMERALD/TITANITE),schneider_large_format,PYRITE F5.6/120/0.5x mm large format lens,https://schneiderkreuznach.com/en/industrial-optics/lenses/large-format-lenses/pyrite/f5-6-120mm-0-5x-v38,merged_kv,V38,1097787,V38-Mount,120,F/5.6 ... F/64,0.04 | 0.06,90,28,-0.5 (-0.675 ... -0.375),269 ... 411,-,M40.5 x 0.5,-25 … +70,164,-,119.75,-95.36,93.90,-0.54,1.00,24.33,-25.92,49.71,,,,,,,,,
Schneider-Kreuznach,fixed_focal,Large Format Lenses (PYRITE/AMBER/THULITE/EMERALD/TITANITE),schneider_large_format,PYRITE F5.6/120/1.0x mm large format lens,https://schneiderkreuznach.com/en/industrial-optics/lenses/large-format-lenses/pyrite/f5-6-120mm-1-0x-v38,merged_kv,V38,1097277,V38-Mount,120,F/5.6 ... F/64,0.05 | 0.05,90,21,-1 (-1.125 ... -0.875),198 ... 228,-,M40.5 x 0.5,-25 … +70,164,-,120.68,-94.33,94.33,-1.78,1.00,26.21,-26.48,50.91,,,,,,,,,
Schneider-Kreuznach,fixed_focal,Large Format Lenses (PYRITE/AMBER/THULITE/EMERALD/TITANITE),schneider_large_format,PYRITE F5.6/120/0.33x mm large format lens,https://schneiderkreuznach.com/en/industrial-optics/lenses/large-format-lenses/pyrite/f5-6-120mm-0-33x-v38,merged_kv,V38,1097788,V38-Mount,120,F/5.6 ... F/64,0.02 | 0.07,90,32,-0.33 (-0.375 ... -0.23),409 ... 609,-,M40.5 x 0.5,-25 … +70,164,-,118.92,-96.26,93.73,0.60,1.00,22.57,-25.29,48.46,,,,,,,,,
Schneider-Kreuznach,fixed_focal,Large Format Lenses (PYRITE/AMBER/THULITE/EMERALD/TITANITE),schneider_large_format,PYRITE F5.6/120/0.75x mm large format lens,https://schneiderkreuznach.com/en/industrial-optics/lenses/large-format-lenses/pyrite/f5-6-120mm-0-75x-v38,merged_kv,V38,1097786,V38-Mount,120,F/5.6 ... F/64,0.04 | 0.05,90,24,-0.75 (-0.875 ... -0.675),228 ... 269,-,M40.5 x 0.5,-25 … +70,164,-,120.24,-94.83,94.09,-1.20,1.00,25.40,-26.15,50.36,,,,,,,,,
Schneider-Kreuznach,fixed_focal,Large Format Lenses (PYRITE/AMBER/THULITE/EMERALD/TITANITE),schneider_large_format,AMBER F2.8/40 mm large format lens,https://schneiderkreuznach.com/en/industrial-optics/lenses/large-format-lenses/amber/f2-8-40mm-v38,merged_kv,V38,1111934,V38-Mount,40,F/2.8 ... F/22,- | 0.16,43.2,57,-0.25 ... 0,175 ... ∞,-,M37 x 0.75,-25 … +70,105,-,39.96,-27.10,29.91,-1.09,1.04,11.49,-11.48,21.83,,,,,,,,,
Schneider-Kreuznach,fixed_focal,Large Format Lenses (PYRITE/AMBER/THULITE/EMERALD/TITANITE),schneider_large_format,AMBER 4.0/60 mm large format lens,https://schneiderkreuznach.com/en/industrial-optics/lenses/large-format-lenses/amber/f4-0-60mm-v38,merged_kv,V38,1111933,V38-Mount,60,F/4.0 ... F/32,- | 0.11,62.5,55,-0.25 ... 0,274 ... ∞,-,M37 x 0.75,-25 … +70,114,-,59.97,-44.44,47.33,-1.96,1.02,14.12,-14.09,26.21,,,,,,,,,
Schneider-Kreuznach,fixed_focal,Large Format Lenses (PYRITE/AMBER/THULITE/EMERALD/TITANITE),schneider_large_format,AMBER 4.0/80 mm large format lens,https://schneiderkreuznach.com/en/industrial-optics/lenses/large-format-lenses/amber/f4-0-80mm-v38,merged_kv,V38,1111932,V38-Mount,80,F/4.0 ... F/32,- | 0.11,82,54,-0.25 ... 0,376 ... ∞,-,M37 x 0.75,-25 … +70,133,-,80.00,-62.45,63.81,-0.09,1.01,17.12,-16.63,33.66,,,,,,,,,
Schneider-Kreuznach,fixed_focal,Large Format Lenses (PYRITE/AMBER/THULITE/EMERALD/TITANITE),schneider_large_format,AMBER 5.6/100 mm large format lens,https://schneiderkreuznach.com/en/industrial-optics/lenses/large-format-lenses/amber/f5-6-100mm-v38,merged_kv,V38,1111931,V38-Mount,100,F/5.6 ... F/22,- | 0.08,82,45,-0.25 ... 0,469 ... ∞,-,M37 x 0.75,-25 … +70,146,-,100.02,-73.89,78.58,-4.45,1.03,23.16,-24.50,43.12,,,,,,,,,
Schneider-Kreuznach,fixed_focal,Large Format Lenses (PYRITE/AMBER/THULITE/EMERALD/TITANITE),schneider_large_format,THULITE F2.8/35 mm M42x1 large format lens,https://schneiderkreuznach.com/en/industrial-optics/lenses/large-format-lenses/thulite/f2-8-35mm-m42x1,merged_kv,M42x1,1101848,M42x1,35,F/2.8 ... F/16,- | 0.17,32,48,-0.15 ... 0,242 ... ∞,198,M43 x 0.75,-25 … +70,209,-,36.09,-2.26,12.99,-17.42,1.54,21.02,-42.75,39.56,,,,,,,,,
Schneider-Kreuznach,fixed_focal,Large Format Lenses (PYRITE/AMBER/THULITE/EMERALD/TITANITE),schneider_large_format,THULITE F2.8/35 mm M42x0.75 large format lens,https://schneiderkreuznach.com/en/industrial-optics/lenses/large-format-lenses/thulite/f2-8-35mm-m42x0-75,merged_kv,M42x0.75,1101847,M42x0.75,35,F/2.8 ... F/16,- | 0.17,32,48,-0.15 ... 0,242 ... ∞,198,M43 x 0.75,-25 … +70,209,-,36.09,-2.26,12.99,-17.42,1.54,21.02,-42.75,39.56,,,,,,,,,
Schneider-Kreuznach,fixed_focal,Large Format Lenses (PYRITE/AMBER/THULITE/EMERALD/TITANITE),schneider_large_format,THULITE F2.8/35 mm TFL-Mount large format lens,https://schneiderkreuznach.com/en/industrial-optics/lenses/large-format-lenses/thulite/f2-8-35mm-tfl,merged_kv,TFL,1101846,TFL-Mount,35,F/2.8 ... F/16,- | 0.17,32,48,-0.15 ... 0,242 ... ∞,198,M43 x 0.75,-25 … +70,211,-,36.09,-2.26,12.99,-17.42,1.54,21.02,-42.75,39.56,,,,,,,,,
Schneider-Kreuznach,fixed_focal,Large Format Lenses (PYRITE/AMBER/THULITE/EMERALD/TITANITE),schneider_large_format,THULITE F2.8/50 mm M42x1-LD large format lens,https://schneiderkreuznach.com/en/industrial-optics/lenses/large-format-lenses/thulite/f2-8-50mm-m42x1-ld,merged_kv,M42x1,1101281,M42x1,50,F/2.8 ... F/16,- | 0.18,32,35,-0.10 ... 0,510 ... ∞,205,M43 x 0.75,-25 … +70,358,-,51.25,-7.66,19.94,-19.04,1.60,24.29,-62.28,55.87,,,,,,,,,
Schneider-Kreuznach,fixed_focal,Large Format Lenses (PYRITE/AMBER/THULITE/EMERALD/TITANITE),schneider_large_format,THULITE F2.8/50 mm M42x1-SD large format lens,https://schneiderkreuznach.com/en/industrial-optics/lenses/large-format-lenses/thulite/f2-8-50mm-m42x1-sd,merged_kv,M42x1,1101282,M42x1,50,F/2.8 ... F/16,- | 0.17,32,34,-0.20 ... -0.05,260 ... 1025,202,M43 x 0.75,-25 … +70,345,-,51.00,-8.16,20.06,-18.23,1.57,24.29,-60.10,55.56,,,,,,,,,
Schneider-Kreuznach,fixed_focal,Large Format Lenses (PYRITE/AMBER/THULITE/EMERALD/TITANITE),schneider_large_format,THULITE F2.8/50 mm M42x0.75-LD large format lens,https://schneiderkreuznach.com/en/industrial-optics/lenses/large-format-lenses/thulite/f2-8-50mm-m42x0-75-ld,merged_kv,M42x0.75,1101279,M42x0.75,50,F/2.8 ... F/16,- | 0.18,32,35,-0.10 ... 0,510 ... ∞,205,M43 x 0.75,-25 … +70,358,-,51.25,-7.66,19.94,-19.04,1.60,24.29,-62.28,55.87,,,,,,,,,
Schneider-Kreuznach,fixed_focal,Large Format Lenses (PYRITE/AMBER/THULITE/EMERALD/TITANITE),schneider_large_format,THULITE F2.8/50 mm M42x0.75-SD large format lens,https://schneiderkreuznach.com/en/industrial-optics/lenses/large-format-lenses/thulite/f2-8-50mm-m42x0-75-sd,merged_kv,M42x0.75,1101280,M42x0.75,50,F/2.8 ... F/16,- | 0.17,32,34,-0.20 ... -0.05,260 ... 1025,202,M43 x 0.75,-25 … +70,345,-,51.00,-8.16,20.06,-18.23,1.57,24.29,-60.10,55.56,,,,,,,,,
Schneider-Kreuznach,fixed_focal,Large Format Lenses (PYRITE/AMBER/THULITE/EMERALD/TITANITE),schneider_large_format,THULITE F2.8/50 mm TFL-LD Mount large format lens,https://schneiderkreuznach.com/en/industrial-optics/lenses/large-format-lenses/thulite/f2-8-50mm-tfl-ld,merged_kv,TFL,1101276,TFL-Mount,50,F/2.8 ... F/16,- | 0.18,32,35,-0.10 ... 0,510 ... ∞,205,M43 x 0.75,-25 … +70,358,-,51.25,-7.66,19.94,-19.04,1.60,24.29,-62.28,55.87,,,,,,,,,
Schneider-Kreuznach,fixed_focal,Large Format Lenses (PYRITE/AMBER/THULITE/EMERALD/TITANITE),schneider_large_format,THULITE F2.8/50 mm TFL-Mount large format lens,https://schneiderkreuznach.com/en/industrial-optics/lenses/large-format-lenses/thulite/f2-8-50mm-tfl-sd,merged_kv,TFL,1101277,TFL-Mount,50,F/2.8 ... F/16,- | 0.17,32,34,-0.20 ... -0.05,260 ... 1025,202,M43 x 0.75,-25 … +70,358,-,51.00,-8.16,20.06,-18.23,1.57,24.29,-60.10,55.56,,,,,,,,,
Schneider-Kreuznach,fixed_focal,Large Format Lenses (PYRITE/AMBER/THULITE/EMERALD/TITANITE),schneider_large_format,THULITE F2.8/75 mm M42x1-LD large format lens,https://schneiderkreuznach.com/en/industrial-optics/lenses/large-format-lenses/thulite/f2-8-75mm-m42x1-ld,merged_kv,M42x1,1101709,M42x1,75,F/2.8 ... F/16,- | 0.17,32,24,-0.10 ... 0,770 ... ∞,290,M46 x 0.75,-25 … +70,430,-,74.93,-25.36,28.41,-24.52,1.20,37.16,-61.41,71.58,,,,,,,,,
Schneider-Kreuznach,fixed_focal,Large Format Lenses (PYRITE/AMBER/THULITE/EMERALD/TITANITE),schneider_large_format,THULITE F2.8/75 mm M42x1-SD large format lens,https://schneiderkreuznach.com/en/industrial-optics/lenses/large-format-lenses/thulite/f2-8-75mm-m42x1-sd,merged_kv,M42x1,1101710,M42x1,75,F/2.8 ... F/16,- | 0.18,32,24,-0.20 ... -0.05,397 ... 1515,288,M46 x 0.75,-25 … +70,430,-,74.36,-26.25,28.77,-22.86,1.21,35.07,-61.41,70.85,,,,,,,,,
Schneider-Kreuznach,fixed_focal,Large Format Lenses (PYRITE/AMBER/THULITE/EMERALD/TITANITE),schneider_large_format,THULITE F2.8/75 mm M42x0.75-LD large format lens,https://schneiderkreuznach.com/en/industrial-optics/lenses/large-format-lenses/thulite/f2-8-75mm-m42x0-75-ld,merged_kv,M42x0.75,1101707,M42x0.75,75,F/2.8 ... F/16,- | 0.17,32,24,-0.10 ... 0,770 ... ∞,290,M46 x 0.75,-25 … +70,430,-,74.93,-25.36,28.41,-24.52,1.20,37.16,-61.41,71.58,,,,,,,,,
Schneider-Kreuznach,fixed_focal,Large Format Lenses (PYRITE/AMBER/THULITE/EMERALD/TITANITE),schneider_large_format,THULITE F2.8/75 mm M42x0.75-SD large format lens,https://schneiderkreuznach.com/en/industrial-optics/lenses/large-format-lenses/thulite/f2-8-75mm-m42x0-75-sd,merged_kv,M42x0.75,1101708,M42x0.75,75,F/2.8 ... F/16,- | 0.18,32,24,-0.20 ... -0.05,397 ... 1515,288,M46 x 0.75,-25 … +70,430,-,74.36,-26.25,28.77,-22.86,1.21,35.07,-61.41,70.85,,,,,,,,,
Schneider-Kreuznach,fixed_focal,Large Format Lenses (PYRITE/AMBER/THULITE/EMERALD/TITANITE),schneider_large_format,THULITE F2.8/75 mm TFL-LD Mount large format lens,https://schneiderkreuznach.com/en/industrial-optics/lenses/large-format-lenses/thulite/f2-8-75mm-tfl-ld,merged_kv,TFL,1101705,TFL-Mount,75,F/2.8 ... F/16,- | 0.17,32,24,-0.10 ... 0,770 ... ∞,290,M46 x 0.75,-25 … +70,443,-,74.93,-25.36,28.41,-24.52,1.20,37.16,-61.41,71.58,,,,,,,,,
Schneider-Kreuznach,fixed_focal,Large Format Lenses (PYRITE/AMBER/THULITE/EMERALD/TITANITE),schneider_large_format,THULITE F2.8/75 mm TFL-Mount large format lens,https://schneiderkreuznach.com/en/industrial-optics/lenses/large-format-lenses/thulite/f2-8-75mm-tfl-sd,merged_kv,TFL,1101706,TFL-Mount,75,F/2.8 ... F/16,- | 0.18,32,24,-0.20 ... -0.05,397 ... 1515,288,M46 x 0.75,-25 … +70,443,-,74.36,-26.25,28.77,-22.86,1.21,35.07,-61.41,70.85,,,,,,,,,
Schneider-Kreuznach,fixed_focal,Large Format Lenses (PYRITE/AMBER/THULITE/EMERALD/TITANITE),schneider_large_format,EMERALD F2.8/28 mm F-LD Mount large format lens,https://schneiderkreuznach.com/en/industrial-optics/lenses/large-format-lenses/emerald/f2-8-28mm-f-mount-ld,merged_kv,F-LD,1071606,F-Mount,28,F/2.8 ... F/22,- | 0.17,43.2,76,-0.05 ... -0.01,553 ... 2830,54,M62 x 0.75,-25 … +70,510,-,28.65,19.96,38.29,56.82,3.67,27.72,-66.86,95.74,,Xenon-Emerald 2.8/28,,,,,,,
Schneider-Kreuznach,fixed_focal,Large Format Lenses (PYRITE/AMBER/THULITE/EMERALD/TITANITE),schneider_large_format,EMERALD F2.8/28 mm F-Mount large format lens,https://schneiderkreuznach.com/en/industrial-optics/lenses/large-format-lenses/emerald/f2-8-28mm-f-mount-sd,merged_kv,F-SD,1071609,F-Mount,28,F/2.8 ... F/22,- | 0.17,43.2,76,-0.10 ... -0.03,265 ... 939,60,M62 x 0.75,-25 … +70,517,-,28.77,19.96,37.98,56.58,3.64,27.85,-66.86,96.09,,Xenon-Emerald 2.8/28,,,,,,,
Schneider-Kreuznach,fixed_focal,Large Format Lenses (PYRITE/AMBER/THULITE/EMERALD/TITANITE),schneider_large_format,EMERALD F2.8/28 mm V-Mount large format lens,https://schneiderkreuznach.com/en/industrial-optics/lenses/large-format-lenses/emerald/f2-8-28mm-v48-ld,merged_kv,V48-LD,1071610,V48-Mount,28,F/2.8 ... F/22,- | 0.17,43.2,76,-0.05 ... -0.01,553 ... 2830,18.7,M62 x 0.75,-25 … +70,522,-,28.65,19.96,38.29,56.82,3.67,27.72,-66.86,95.74,,Xenon-Emerald 2.8/28,,,,,,,
Schneider-Kreuznach,fixed_focal,Large Format Lenses (PYRITE/AMBER/THULITE/EMERALD/TITANITE),schneider_large_format,EMERALD F2.8/28 mm V48-Mount large format lens,https://schneiderkreuznach.com/en/industrial-optics/lenses/large-format-lenses/emerald/f2-8-28mm-v48-sd,merged_kv,V48-SD,1071611,V48-Mount,28,F/2.8 ... F/22,- | 0.17,43.2,76,-0.10 ... -0.03,265 ... 939,18.7,M62 x 0.75,-25 … +70,523,-,28.77,19.96,37.98,56.58,3.64,27.85,-66.86,96.09,,Xenon-Emerald 2.8/28,,,,,,,
Schneider-Kreuznach,fixed_focal,Large Format Lenses (PYRITE/AMBER/THULITE/EMERALD/TITANITE),schneider_large_format,EMERALD F2.2/50 mm F-Mount large format lens,https://schneiderkreuznach.com/en/industrial-optics/lenses/large-format-lenses/emerald/f2-2-50mm-f-mount,merged_kv,F,1062672,F-Mount,50,F/2.2 ... F/16,- | 0.21,43.2,45,-0.17 ... 0,327 ... ∞,155,M43 x 0.75,-25 … +70,196,-,51.21,-23.75,32.17,-10.90,1.07,23.94,-22.81,35.59,,Xenon-Emerald 2.2/50,,,,,,,
Schneider-Kreuznach,fixed_focal,Large Format Lenses (PYRITE/AMBER/THULITE/EMERALD/TITANITE),schneider_large_format,EMERALD F2.2/50 mm V-Mount large format lens,https://schneiderkreuznach.com/en/industrial-optics/lenses/large-format-lenses/emerald/f2-2-50mm-v48,merged_kv,V48,1070074,V48-Mount,50,F/2.2 ... F/16,- | 0.21,43.2,45,-0.17 ... 0,327 ... ∞,13.1,M43 x 0.75,-25 … +70,202,-,51.21,-23.75,32.17,-10.90,1.07,23.94,-22.81,35.59,,Xenon-Emerald 2.2/50,,,,,,,
Schneider-Kreuznach,fixed_focal,Large Format Lenses (PYRITE/AMBER/THULITE/EMERALD/TITANITE),schneider_large_format,EMERALD F4.0/60 mm F-Mount large format lens,https://schneiderkreuznach.com/en/industrial-optics/lenses/large-format-lenses/emerald/f4-0-60mm-f-mount,merged_kv,F,1085115,F-Mount,60,F/4 ... F/16,- | 0.12,62.5,55,-0.33 ... 0,230 ... ∞,217,M43 x 0.75,-25 … +70,262,-,60.07,-47.23,40.93,-1.89,0.97,14.64,-17.39,30.09,,Xenon-Emerald 4.0/60,,,,,,,
Schneider-Kreuznach,fixed_focal,Large Format Lenses (PYRITE/AMBER/THULITE/EMERALD/TITANITE),schneider_large_format,EMERALD F4.0/60 mm V48-Mount large format lens,https://schneiderkreuznach.com/en/industrial-optics/lenses/large-format-lenses/emerald/f4-0-60mm-v48,merged_kv,V48,1086887,V48-Mount,60,F/4 ... F/16,- | 0.12,62.5,55,-0.33 ... 0,230 ... ∞,13.1,M43 x 0.75,-25 … +70,197,-,60.07,-47.23,40.93,-1.89,0.97,14.64,-17.39,30.09,,Xenon-Emerald 4.0/60,,,,,,,
Schneider-Kreuznach,fixed_focal,Large Format Lenses (PYRITE/AMBER/THULITE/EMERALD/TITANITE),schneider_large_format,EMERALD F4.0/80 mm F-Mount large format lens,https://schneiderkreuznach.com/en/industrial-optics/lenses/large-format-lenses/emerald/f4-0-80mm-f-mount,merged_kv,F,1085723,F-Mount,80,F/4 ... F/16,- | 0.12,43.2,30,-0.25 ... 0,380 ... ∞,375,M43 x 0.75,-25 … +70,439,-,80.34,-57.92,64.67,-1.81,1.03,20.29,-17.86,36.28,,Xenon-Emerald 4.0/80,,,,,,,
Schneider-Kreuznach,fixed_focal,Large Format Lenses (PYRITE/AMBER/THULITE/EMERALD/TITANITE),schneider_large_format,EMERALD F4.0/80 mm V48-Mount large format lens,https://schneiderkreuznach.com/en/industrial-optics/lenses/large-format-lenses/emerald/f4-0-80mm-v48,merged_kv,V48,1086888,V48-Mount,80,F/4 ... F/16,- | 0.12,82,54,-0.25 ... 0,380 ... ∞,13.1,M43 x 0.75,-25 … +70,204,-,80.34,-57.92,64.67,-1.81,1.03,20.29,-17.86,36.28,,Xenon-Emerald 4.0/80,,,,,,,
Schneider-Kreuznach,fixed_focal,Large Format Lenses (PYRITE/AMBER/THULITE/EMERALD/TITANITE),schneider_large_format,EMERALD F2.8/100 mm F-Mount large format lens,https://schneiderkreuznach.com/en/industrial-optics/lenses/large-format-lenses/emerald/f2-8-100mm-f-mount-sd,merged_kv,F-SD,1064881,F-Mount,100,F/2.8 ... F/22,- | 0.17,43.2,24,-0.17 ... -0.02,633 ... 5059,402,M43 x 0.75,-25 … +70,441,-,100.07,-48.60,76.90,-16.26,1.27,30.12,-50.31,58.50,,Xenon-Emerald 2.8/100,,,,,,,
Schneider-Kreuznach,fixed_focal,Large Format Lenses (PYRITE/AMBER/THULITE/EMERALD/TITANITE),schneider_large_format,EMERALD F2.8/100 mm V48-Mount large format lens,https://schneiderkreuznach.com/en/industrial-optics/lenses/large-format-lenses/emerald/f2-8-100mm-v48-sd,merged_kv,V48-SD,1070119,V48-Mount,100,F/2.8 ... F/22,- | 0.17,43.2,24,-0.17 ... -0.02,633 ... 5059,21.8,M43 x 0.75,-25 … +70,317,-,100.07,-48.60,76.90,-16.26,1.27,30.12,-50.31,58.50,,Xenon-Emerald 2.8/100,,,,,,,
Schneider-Kreuznach,fixed_focal,Large Format Lenses (PYRITE/AMBER/THULITE/EMERALD/TITANITE),schneider_large_format,EMERALD F2.9/100 mm F-Mount large format lens,https://schneiderkreuznach.com/en/industrial-optics/lenses/large-format-lenses/emerald/f2-9-100mm-f-mount-ld,merged_kv,F-LD,1070506,F-Mount,100,F/2.9 ... F/22,- | 0.17,43.2,24,-0.05 ... 0,2062 ... ∞,450,M43 x 0.75,-25 … +70,442,-,100.93,-46.36,78.74,-17.32,1.32,30.23,-54.26,59.43,,Xenon-Emerald 2.9/100,,,,,,,
Schneider-Kreuznach,fixed_focal,Large Format Lenses (PYRITE/AMBER/THULITE/EMERALD/TITANITE),schneider_large_format,EMERALD F2.9/100 mm V-Mount large format lens,https://schneiderkreuznach.com/en/industrial-optics/lenses/large-format-lenses/emerald/f2-9-100mm-v48-ld,merged_kv,V48-LD,1073834,V48-Mount,100,F/2.9 ... F/22,- | 0.17,43.2,24,-0.05 ... 0,2062 ... ∞,21.8,M43 x 0.75,-25 … +70,318,-,100.93,-46.36,78.74,-17.32,1.32,30.23,-54.25,59.43,,Xenon-Emerald 2.9/100,,,,,,,
Schneider-Kreuznach,fixed_focal,Large Format Lenses (PYRITE/AMBER/THULITE/EMERALD/TITANITE),schneider_large_format,EMERALD F5.6/135 mm V48-Mount large format lens,https://schneiderkreuznach.com/en/industrial-optics/lenses/large-format-lenses/emerald/f5-6-135mm-v48,merged_kv,V48,1104199,V48-Mount,135,F/5.6 ... F/22,- | 0.09,90,37,-0.5 ... 0,379 ... ∞,19.2,M49 x 0.75,-25 … +70,260,-,135.70,-109.15,112.64,-3.04,0.99,28.38,-21.25,46.56,,,,,,,,,
Schneider-Kreuznach,fixed_focal,Large Format Lenses (PYRITE/AMBER/THULITE/EMERALD/TITANITE),schneider_large_format,TITANITE 5.0x/0.27 V-Mount lens,https://schneiderkreuznach.com/en/industrial-optics/lenses/large-format-lenses/titanite/5-0x-0-27,merged_kv,V110,1110218,V110-Mount,100,,0.27 | 0.05,,,,,,,0 … +50,,-,99.78,-1.85,-62.27,-28.55,0.79,172.93,-141.31,253.24,,,0.27 ... 0.12,82,5,-5 (-4.9 ... -5.1),21.8 (21.28 ... 22.35),38.4,3460
