brand,lens_type,raw_category,target_key,model,_source_url,_table_index,Order Number,Focal Length f',Aperture Range,Image Circle,Focus Range,Optimum Working Distance,Relative Illumination at Full Aperture,"Resolution (25 % MTF, Full Aperture)",Optical Distortion,"Angle of View, 1"" Format","Angle of View, 1/1.2"" Format",Wavelength Range,"Pupil Magnification, ß' P","Chief Ray Angle, CRA","Front Focal Length, s F","Back Focal Length, s' F","Principal Point Separation, HH '","Entrance Pupil Position, s EP","Overall Optical Length, d",Flange Back,Mount,Weight,Focus/Iris Operation,Aperture with Highest Resolution,Resolution,"MTF Measured in the Center at 90 LP/mm / 140 LP/mm (conditions: F2.0, polychromatic, 0.45 m working distance)","MTF Measured in the Corner at 90 LP/mm / 140 LP/mm (conditions: F2.0, polychromatic, 0.45 m working distance)","Angle of View, 1.1"" Format","MTF According to Design in the Center at 140 LP/mm / 200 LP/mm (conditions: F2.4, polychromatic, 0.45 m working distance)","MTF According to Design in the Corner (80 % field) at 140 LP/mm / 200 LP/mm (conditions: F2.4, polychromatic, 0.45 m working distance)",Optical Distortion / TV Distortion,"Angle of View, 1.2"" Format","MTF According to Design in the Corner (80% field) at 140 LP/mm / 200 LP/mm (conditions: F2.4, polychromatic, 0.45 m working distance)","Angle of View, 1.2"" Format, (4:3 aspect ratio)","Angle of View, 1"" Format, (4:3 aspect ratio)",Optimum Magnification,"Resolution (25 % MTF, Center, Full Aperture)",Resolution at 5.8 mm Image Diagonal (80 % of a Basler acA2500-14gm/c camera or a Basler acA2500-14um/c camera),"Angle of View, 1/2.5"" Format (using a Basler acA2500-14gm/c camera or a Basler acA2500-14um/c camera)","Angle of View, 1/3"" Format (using a Basler acA1300-30gm/c camera or a Basler acA1300-30um/c camera)","Exit Pupil Position, s' AP","Angle of View, 1/1.8"" Format (using an IMX265 sensor)","Angle of View, 2/3"" Format (using a PYTHON 2000 sensor)","MTF Measured in the Center at 90 LP/mm / 140 LP/mm (conditions: F2.4, polychromatic, 0.45 m working distance)","MTF Measured in the Corner at 90 LP/mm / 140 LP/mm (conditions: F2.4, polychromatic, 0.45 m working distance)","Angle of View, 1/1.8"" Format","Angle of View, 2/3"" Format","MTF Measured in the Center at 180 LP/mm / 250 LP/mm (conditions: F2.8, polychromatic, 0.4 m working distance)","MTF Measured in the Corner (80% field) at 180 LP/mm / 250 LP/mm (conditions: F2.8, polychromatic, 0.4 m working distance)","Angle of View, 1/2"" Format","MTF Measured in the Center at 180 LP/mm / 250 LP/mm (conditions: F2.8, polychromatic, 0.5 m working distance)","MTF Measured in the Corner (80% field) at 180 LP/mm / 250 LP/mm (conditions: F2.8, polychromatic, 0.5 m working distance)","Angle of View, 2/2"" Format","MTF Measured in the Center at 90 LP/mm / 140 LP/mm (conditions: F1.8, polychromatic, 0.45 m working distance)","MTF Measured in the Corner at 90 LP/mm / 140 LP/mm (conditions: F1.8, polychromatic, 0.45 m working distance)","MTF Measured in the Center at 180 LP/mm / 250 LP/mm (conditions: F2.8, polychromatic, 1.0 m working distance)","MTF Measured in the Corner (80% field) at 180 LP/mm / 250 LP/mm (conditions: F2.8, polychromatic, 1.0 m working distance)","MTF Measured in the Corner (80 % field) at 180 LP/mm / 200 LP/mm (conditions: F2.8, polychromatic, 0.5 m working distance)","MTF Measured in the Center at 180 LP/mm / 250 LP/mm (conditions: F2.8, polychromatic, 0.7 m working distance)","MTF Measured in the Corner (80 % field) at 180 LP/mm / 250 LP/mm (conditions: F2.8, polychromatic, 0.7 m working distance)",Optical Distortion /TV Distortion,"MTF Measured in the Center at 90 LP/mm / 140 LP/mm (conditions: F2.8, polychromatic, 0.45 m working distance)","MTF Measured in the Corner at 90 LP/mm / 140 LP/mm (conditions: F2.8, polychromatic, 0.45 m working distance)","MTF Measured in the Center at 180 LP/mm / 250 LP/mm (conditions: F3.8, polychromatic, 0.7 m working distance)","MTF Measured in the Corner (80 % field)at 140 LP/mm / 200 LP/mm (conditions: F3.8, polychromatic, 0.7 m working distance)","MTF in the Center at 155 LP/mm (conditions: F2.8, polychromatic, 0.1x Magnification)","MTF in the Corner at 155 LP/mm (conditions: F2.8, polychromatic, 0.1x Magnification)","Angle of View, Super 35 Format"
Basler,fixed_focal,Fixed Focal Lenses (Basler),basler_lens_fixed_focal,Basler Lens C10-0814-2M-S,https://docs.baslerweb.com/c10-0814-2m-s,merged_kv,2200000098,8.25 mm ± 5 %,F1.4–F16,"16 mm (1"" format)",0.1 m to infinity,1.0 m,36 % (see Simulated Relative Illumination versus Image Height ),"Designed for 64 LP/mm (7.5 µm pixel size, see Measured Resolution versus Image Height )",Typical -7.07 % (see Simulated Distortion versus Image Height ),Horizontal: 79.66° Vertical: 62.92°,Horizontal: 72.3° Vertical: 47.85°,Visible (400–700 nm),45.73,5.6°,16.05 mm,11.65 mm,41.62 mm,16.67 mm,74.17 mm,17.526 mm,C-mount,Approx. 220 g,Manual Operating angle: 211.3°,,,,,,,,,,,,,,,,,,,,,,,,,,,,,,,,,,,,,,,,,,,,,
Basler,fixed_focal,Fixed Focal Lenses (Basler),basler_lens_fixed_focal,Basler Lens C10-1214-2M-S,https://docs.baslerweb.com/c10-1214-2m-s,merged_kv,2200000099,12.7 mm ± 5 %,F1.4–F16,"16 mm (1"" format)",0.1 m to infinity,1.0 m,41 % (see Simulated Relative Illumination versus Image Height ),"Designed for 64 LP/mm (7.5 µm pixel size, see Measured Resolution versus Image Height )",Typical -5.93 % (see Simulated Distortion versus Image Height ),Horizontal: 56.45° Vertical: 42.51°,Horizontal: 49.6° Vertical: 31.73°,Visible (400–700 nm),50.6,6.7°,12.49 mm,12.55 mm,29.49 mm,14.67 mm,67.38 mm,17.526 mm,C-mount,Approx. 175 g,Manual Operating angle: 258.3°,,,,,,,,,,,,,,,,,,,,,,,,,,,,,,,,,,,,,,,,,,,,,
Basler,fixed_focal,Fixed Focal Lenses (Basler),basler_lens_fixed_focal,Basler Lens C10-1614-3M-S,https://docs.baslerweb.com/c10-1614-3m-s,merged_kv,2200000100,16.2 mm ± 5 %,F1.4–F16,"16 mm (1"" format)",0.3 m to infinity,1.0 m,40.50 % (see Simulated Relative Illumination versus Image Height ),"Designed for 100 LP/mm (5.0 µm pixel size, see Measured Resolution versus Image Height )",Typical -3.84 % (see Simulated Distortion versus Image Height ),Horizontal: 44.25° Vertical: 33.56°,Horizontal: 39.3° Vertical: 24.97°,Visible (400–700 nm),103.2,5.8°,9.14 mm,12.15 mm,15.77 mm,10.88 mm,57.28 mm,17.526 mm,C-mount,Approx. 170 g,Manual Operating angle: 152.82°,,,,,,,,,,,,,,,,,,,,,,,,,,,,,,,,,,,,,,,,,,,,,
Basler,fixed_focal,Fixed Focal Lenses (Basler),basler_lens_fixed_focal,Basler Lens C10-2514-3M-S,https://docs.baslerweb.com/c10-2514-3m-s,merged_kv,2200000101,25 mm ± 5 %,F1.4–F16,"16 mm (1"" format)",0.3 m to infinity,1.0 m,55 % (see Simulated Relative Illumination versus Image Height ),"Designed for 100 LP/mm (5.0 µm pixel size, see Measured Resolution versus Image Height )",Typical -3.14 % (see Simulated Distortion versus Image Height ),Horizontal: 29.29° Vertical: 21.98°,Horizontal: 25.87° Vertical: 16.27°,Visible (400–700 nm),42.25,5.7°,5.88 mm,15.71 mm,-6.67 mm,18.26 mm,49.22 mm,17.526 mm,C-mount,Approx. 150 g,Manual Operating angle: 147.024°,,,,,,,,,,,,,,,,,,,,,,,,,,,,,,,,,,,,,,,,,,,,,
Basler,fixed_focal,Fixed Focal Lenses (Basler),basler_lens_fixed_focal,Basler Lens C10-3514-8M-S,https://docs.baslerweb.com/c10-3514-8m-s,merged_kv,2200000603,35 mm ± 5 %,F1.4–F16,"16 mm (1"" format)",0.2 m to infinity,0.5 m,70 % (see Simulated Relative Illumination versus Image Height ),"Designed for 120 LP/mm (4.0 µm pixel size, see Measured Resolution versus Image Height )",Typical -0.39 % (see Simulated Distortion versus Image Height ),Horizontal: 20.9° Vertical: 15.7°,Horizontal: 17.2° Vertical: 13.0°,Visible (400–700 nm),19.8,13.5°,16.5 mm,11.3 mm,-15.3 mm,25.04 mm,42.03 mm,17.526 mm,C-mount,Approx. 120 g,Manual,,,,,,,,,,,,,,,,,,,,,,,,,,,,,,,,,,,,,,,,,,,,,
Basler,fixed_focal,Fixed Focal Lenses (Basler),basler_lens_fixed_focal,Basler Lens C10-5014-2M-S,https://docs.baslerweb.com/c10-5014-2m-s,merged_kv,2200000102,50 mm ± 5 %,F1.4–F16,"16 mm (1"" format)",0.5 m to infinity,1.0 m,47 % (see Simulated Relative Illumination versus Image Height ),"Designed for 64 LP/mm (7.5 µm pixel size, see Measured Resolution versus Image Height )",Typical 0.82 % (see Simulated Distortion versus Image Height ),Horizontal: 14.5° Vertical: 10.92°,Horizontal: 12.8° Vertical: 8.1°,Visible (400–700 nm),22.2,10.25°,-11.61 mm,14.55 mm,-26.71 mm,66.47 mm,62.13 mm,17.526 mm,C-mount,Approx. 200 g,Manual Operating angle: 230°,,,,,,,,,,,,,,,,,,,,,,,,,,,,,,,,,,,,,,,,,,,,,
Basler,fixed_focal,Fixed Focal Lenses (Basler),basler_lens_fixed_focal,Basler Lens C11-0824-12M-P,https://docs.baslerweb.com/c11-0824-12m-p,merged_kv,2200000574,8.46 mm ± 5 %,F2.4–F16,"17.6 mm (1.1"" format)",0.1 m to infinity,0.4 m,40 %,,Typical -9.5 %,Horizontal: 83.7° Vertical: 48.8°,,Visible (400–700 nm),,,,9.63 mm,,,,17.526 mm,C-mount,Approx. 264.4 g,Manual,F2.8,"Designed for 140 LP/mm (3.57 µm pixel size, see Resolution versus Image Height )",0.55 / 0.40,0.25 / 0.12,Horizontal: 84.0° Vertical: 65.5°,,,,,,,,,,,,,,,,,,,,,,,,,,,,,,,,,,,,,,,,
Basler,fixed_focal,Fixed Focal Lenses (Basler),basler_lens_fixed_focal,Basler Lens C11-1220-12M-P,https://docs.baslerweb.com/c11-1220-12m-p,merged_kv,2200000575,12.39 mm ± 5 %,F2.0–F16,"17.6 mm (1.1"" format)",0.1 m to infinity,0.4 m,58 %,,Typical -3.10 %,Horizontal: 56.1° Vertical: 43.6°,,Visible (400–700 nm),,,,10.15 mm,,,,17.526 mm,C-mount,Approx. 211.2 g,Manual,F2.3,"Designed for 140 LP/mm (3.57 µm pixel size, see Resolution versus Image Height )",0.56 / 0.4,0.42 / 0.3,Horizontal: 61.2° Vertical: 46.9°,,,,,,,,,,,,,,,,,,,,,,,,,,,,,,,,,,,,,,,,
Basler,fixed_focal,Fixed Focal Lenses (Basler),basler_lens_fixed_focal,Basler Lens C11-1620-12M-P,https://docs.baslerweb.com/c11-1620-12m-p,merged_kv,2200000576,16.36 mm ± 5 %,F2.0–F16,"17.6 mm (1.1"" format)",0.1 m to infinity,0.4 m,59 %,,Typical -3.26 %,Horizontal: 43.6° Vertical: 33.4°,,Visible (400–700 nm),,,,11.22 mm,,,,17.526 mm,C-mount,Approx. 200.4 g,Manual,F2.3,"Designed for 140 LP/mm (3.57 µm pixel size, see Resolution versus Image Height )",0.64 / 0.44,0.52 / 0.33,Horizontal: 47.9° Vertical: 36.0°,,,,,,,,,,,,,,,,,,,,,,,,,,,,,,,,,,,,,,,,
Basler,fixed_focal,Fixed Focal Lenses (Basler),basler_lens_fixed_focal,Basler Lens C11-2520-12M-P,https://docs.baslerweb.com/c11-2520-12m-p,merged_kv,2200000577,25.4 mm ± 5 %,F2.0–F16,"17.6 mm (1.1"" format)",0.1 m to infinity,0.5 m,70 %,,Typical -0.24 %,Horizontal: 28.7° Vertical: 21.7°,,Visible (400–700 nm),,,,11.33 mm,,,,17.53 mm,C-mount,Approx. 215 g,Manual,F2.6,"Designed for 140 LP/mm (3.57 µm pixel size, see Resolution versus Image Height )",0.69 / 0.55,0.6 / 0.4,Horizontal: 31.7° Vertical: 23.5°,,,,,,,,,,,,,,,,,,,,,,,,,,,,,,,,,,,,,,,,
Basler,fixed_focal,Fixed Focal Lenses (Basler),basler_lens_fixed_focal,Basler Lens C11-3520-12M-P,https://docs.baslerweb.com/c11-3520-12m-p,merged_kv,2200000578,35 mm ± 5 %,F2.0–F16,"17.6 mm (1.1"" format)",0.15 m to infinity,0.5 m,73 %,,Typical -0.10 %,Horizontal: 20.8° Vertical: 15.6°,,Visible (400–700 nm),,,,12.00 mm,,,,17.526 mm,C-mount,Approx. 240 g,Manual,F2.5,"Designed for 140 LP/mm (3.57 µm pixel size, see Resolution versus Image Height )",0.62 / 0.45,0.59 / 0.4,Horizontal: 23.0° Vertical: 16.9°,,,,,,,,,,,,,,,,,,,,,,,,,,,,,,,,,,,,,,,,
Basler,fixed_focal,Fixed Focal Lenses (Basler),basler_lens_fixed_focal,Basler Lens C11-5020-12M-P,https://docs.baslerweb.com/c11-5020-12m-p,merged_kv,2200000579,49.7 mm ± 5 %,F2.0–F16,"17.6 mm (1.1"" format)",0.2 m to infinity,0.5 m,78 %,,Typical 0.06 %,Horizontal: 14.6° Vertical: 11.0°,,Visible (400–700 nm),,,,11.56 mm,,,,17.526 mm,C-mount,Approx. 277.5 g,Manual,F2.5,"Designed for 140 LP/mm (3.57 µm pixel size, see Resolution versus Image Height )",0.66 / 0.52,0.58 / 0.37,Horizontal: 16.2° Vertical: 11.9°,,,,,,,,,,,,,,,,,,,,,,,,,,,,,,,,,,,,,,,,
Basler,fixed_focal,Fixed Focal Lenses (Basler),basler_lens_fixed_focal,Basler Lens C12-1224-25M,https://docs.baslerweb.com/c12-1224-25m,merged_kv,2200001661,12 mm ± 5 %,F2.4–F16,"19.3 mm (1.2"" format)",100 mm to infinity,0.5 m,60 %,,,Horizontal: 58.2° Vertical: 40.7°,,Visible (400–700 nm),,,,10.6 mm (Focus 0.45 m),,,,17.526 mm,C-mount,Approx. 243 g,Manual,F2.62,"Designed for 184 LP/mm (2.71 µm pixel size, see Resolution versus Image Height )",,,,0.55 / 0.40,0.47 / 0.33,-1.15 % / -0.29 %,Horizontal: 62.8° Vertical: 55.7°,,,,,,,,,,,,,,,,,,,,,,,,,,,,,,,,,,,,
Basler,fixed_focal,Fixed Focal Lenses (Basler),basler_lens_fixed_focal,Basler Lens C12-1624-25M,https://docs.baslerweb.com/c12-1624-25m,merged_kv,2200001662,16 mm ± 5 %,F2.4–F16,"19.3 mm (1.2"" format)",100 mm to infinity,0.5 m,60 %,,,Horizontal: 47.8° Vertical: 26.4°,,Visible (400–700 nm),,,,11.36 mm (Focus 0.45 m),,,,17.526 mm,C-mount,Approx. 215 g,Manual,F2.62,"Designed for 184 LP/mm (2.71 µm pixel size, see Resolution versus Image Height )",,,,0.50 / 0.40,0.42 / 0.30,-0.98 % / -0.25 %,Horizontal: 49.1° Vertical: 43.1°,,,,,,,,,,,,,,,,,,,,,,,,,,,,,,,,,,,,
Basler,fixed_focal,Fixed Focal Lenses (Basler),basler_lens_fixed_focal,Basler Lens C12-2524-25M,https://docs.baslerweb.com/c12-2524-25m,merged_kv,2200001663,25.4 mm ± 5 %,F2.4–F16,"19.3 mm (1.2"" format)",150 mm to infinity,0.7 m,66 %,,,Horizontal: 31.7° Vertical: 16.5°,,Visible (400–700 nm),,,,11.34 mm (Focus 0.5 m),,,,17.526 mm,C-mount,Approx. 215 g,Manual,F2.77,"Designed for 184 LP/mm (2.71 µm pixel size, see Resolution versus Image Height )",,,,0.48/ 0.40,,-0.24% / -0.08%,Horizontal: 32.0° Vertical: 27.8°,0.42 / 0.30,,,,,,,,,,,,,,,,,,,,,,,,,,,,,,,,,,,
Basler,fixed_focal,Fixed Focal Lenses (Basler),basler_lens_fixed_focal,Basler Lens C12-3524-25M,https://docs.baslerweb.com/c12-3524-25m,merged_kv,2200001664,35 mm ± 5 %,F2.4–F16,"19.3 mm (1.2"" format)",150 mm to infinity,0.7 m,74 %,,,,,Visible (400–700 nm),,,,12.13 mm (Focus 0.5 m),,,,17.526 mm,C-mount,Approx. 240 g,Manual,F2.92,"Designed for 184 LP/mm (2.71 µm pixel size, see Resolution versus Image Height )",,,,0.58 / 0.45,,-0.10%/-0.07%,,0.48 / 0.34,Horizontal: 24.5° Vertical: 18.4°,Horizontal: 20.5° Vertical: 15.4°,,,,,,,,,,,,,,,,,,,,,,,,,,,,,,,,,
Basler,fixed_focal,Fixed Focal Lenses (Basler),basler_lens_fixed_focal,Basler Lens C12-5024-25M,https://docs.baslerweb.com/c12-5024-25m,merged_kv,2200001665,49.8 mm ± 5 %,F2.4–F16,"19.3 mm (1.2"" format)",200 mm to infinity,0.7 m,84 %,,,Horizontal: 16.6° Vertical: 8.6°,,Visible (400–700 nm),,,,11.58 mm (Focus 0.5 m),,,,17.526 mm,C-mount,Approx. 277.5 g,Manual,F2.77,"Designed for 184 LP/mm (2.71 µm pixel size, see Resolution versus Image Height )",,,,0.53 / 0.38,,0.06 % / 0.03 %,Horizontal: 16.7° Vertical: 14.5°,0.51 / 0.36,,,,,,,,,,,,,,,,,,,,,,,,,,,,,,,,,,,
Basler,fixed_focal,Fixed Focal Lenses (Basler),basler_lens_fixed_focal,Basler Lens C125-0418-5M-P,https://docs.baslerweb.com/c125-0418-5m-p,merged_kv,2000034830,4.09 mm ± 5 %,F1.8–F22,"7.3 mm (1/2.5"" format)",0.1 m to infinity,0.5 m,At least 55 % (see Relative Illumination versus Image Height ),,"Typical -18 % (barrel distortion, see Distortion versus Image Height )",,,"Visible (400–700 nm, see Transmittance )",4.84,8.6°,9.95 mm,8.09 mm,29.71 mm,10.66 mm,39.74 mm,17.526 mm +0/-0.2 mm,C-mount,Approx. 55 g,Manual Operating angle: 288°,,,,,,,,,,,,,0.008,"Designed for 230 LP/mm (2.2 µm pixel size, see Resolution versus Image Height )",At least 50 % of resolution in image center,Horizontal: 76.0° (@ MOD) to 76.4° Vertical: 58.2° (@ MOD) to 58.5°,Horizontal: 65.6° (@ MOD) to 66.0° Vertical: 49.6° (@ MOD) to 49.9°,-15.24 mm,,,,,,,,,,,,,,,,,,,,,,,,,,,
Basler,fixed_focal,Fixed Focal Lenses (Basler),basler_lens_fixed_focal,Basler Lens C125-0618-5M-P,https://docs.baslerweb.com/c125-0618-5m-p,merged_kv,2000034831,6.05 mm ± 5 %,F1.8–F22,"7.3 mm (1/2.5"" format)",0.1 m to infinity,0.5 m,At least 55 % (see Relative Illumination versus Image Height ),,"Typical -9.9 % (barrel distortion, see Distortion versus Image Height )",,,"Visible (400–700 nm, see Transmittance )",3.95,8.2°,12.62 mm,9.75 mm,22.45 mm,14.15 mm,37.42 mm,17.526 mm +0/-0.2 mm,C-mount,Approx. 55 g,Manual Operating angle: 288°,,,,,,,,,,,,,0.012,"Designed for 230 LP/mm (2.2 µm pixel size, see Resolution versus Image Height )",At least 50 % of resolution in image center,Horizontal: 52.4° (@ MOD) to 53.1° Vertical: 39.6° (@ MOD) to 40.1°,Horizontal: 44.9° (@ MOD) to 45.5° Vertical: 33.6° (@ MOD) to 34.1°,-14.16 mm,,,,,,,,,,,,,,,,,,,,,,,,,,,
Basler,fixed_focal,Fixed Focal Lenses (Basler),basler_lens_fixed_focal,Basler Lens C125-0818-5M-P,https://docs.baslerweb.com/c125-0818-5m-p,merged_kv,2000034832,8.11 mm ± 5 %,F1.8–F22,"7.3 mm (1/2.5"" format)",0.1 m to infinity,0.5 m,At least 55 % (see Relative Illumination versus Image Height ),,"Typical -5 % (barrel distortion, see Distortion versus Image Height )",,,"Visible (400–700 nm, see Transmittance )",3.00,8°,14.65 mm,9.00 mm,15.44 mm,17.36 mm,37.31 mm,17.526 mm +0/-0.2 mm,C-mount,Approx. 65 g,Manual Operating angle: 288°,,,,,,,,,,,,,0.016,"Designed for 230 LP/mm (2.2 µm pixel size, see Resolution versus Image Height )",At least 50 % of resolution in image center,Horizontal: 38.7° (@ MOD) to 39.6° Vertical: 29.3° (@ MOD) to 29.9°,Horizontal: 33.2° (@ MOD) to 33.9° Vertical: 24.9° (@ MOD) to 25.4°,-15.31 mm,,,,,,,,,,,,,,,,,,,,,,,,,,,
Basler,fixed_focal,Fixed Focal Lenses (Basler),basler_lens_fixed_focal,Basler Lens C125-1218-5M-P,https://docs.baslerweb.com/c125-1218-5m-p,merged_kv,2000034833,12.05 mm ± 5 %,F1.8–F22,"7.3 mm (1/2.5"" format)",0.2 m to infinity,0.5 m,At least 55 % (see Relative Illumination versus Image Height ),,"Typical -2.2 % (barrel distortion, see Distortion versus Image Height )",,,"Visible (400–700 nm, see Transmittance )",2.15,8.0°,10.72 mm,12.10 mm,13.21 mm,16.32 mm,35.93 mm,17.526 mm +0/-0.2 mm,C-mount,Approx. 65 g,Manual Operating angle: 960°,,,,,,,,,,,,,0.023,"Designed for 230 LP/mm (2.2 µm pixel size, see Resolution versus Image Height )",At least 50 % of resolution in image center,Horizontal: 26.3° (@ MOD) to 27.0° Vertical: 19.8° (@ MOD) to 20.3°,Horizontal: 22.4° (@ MOD) to 23.1° Vertical: 16.8° (@ MOD) to 17.2°,-13.84 mm,,,,,,,,,,,,,,,,,,,,,,,,,,,
Basler,fixed_focal,Fixed Focal Lenses (Basler),basler_lens_fixed_focal,Basler Lens C125-1620-5M-P,https://docs.baslerweb.com/c125-1620-5m-p,merged_kv,2000034834,16 mm ± 5 %,F2.0–F22,"7.3 mm (1/2.5"" format)",0.2 m to infinity,0.5 m,At least 55 % (see Relative Illumination versus Image Height ),,"Typical -1 % (barrel distortion, see Distortion versus Image Height )",,,"Visible (400–700 nm, see Transmittance )",1.78,7.3°,9.85 mm,15.96 mm,4.84 mm,18.82 mm,30.74 mm,17.526 mm +0/-0.2 mm,C-mount,Approx. 60 g,Manual Operating angle: 960°,,,,,,,,,,,,,0.031,"Designed for 230 LP/mm (2.2 µm pixel size, see Resolution versus Image Height )",At least 50 % of resolution in image center,Horizontal: 19.5° (@ MOD) to 20.3° Vertical: 14.6° (@ MOD) to 15.3°,Horizontal: 16.6° (@ MOD) to 17.3° Vertical: 12.4° (@ MOD) to 12.9°,-12.60 mm,,,,,,,,,,,,,,,,,,,,,,,,,,,
Basler,fixed_focal,Fixed Focal Lenses (Basler),basler_lens_fixed_focal,Basler Lens C125-2522-5M-P,https://docs.baslerweb.com/c125-2522-5m-p,merged_kv,2000034835,25 mm ± 5 %,F2.2–F22,"7.3 mm (1/2.5"" format)",0.2 m to infinity,0.5 m,At least 55 % (see Relative Illumination versus Image Height ),,"Typical -0.5 % (barrel distortion, see Distortion versus Image Height )",,,"Visible (400–700 nm, see Transmittance )",1.55,5.2°,1.83 mm,15.1 mm,-10.78 mm,17.99 mm,25.95 mm,17.526 mm +0/-0.2 mm,C-mount,Approx. 60 g,Manual Operating angle: 960°,,,,,,,,,,,,,0.048,"Designed for 230 LP/mm (2.2 µm pixel size, see Resolution versus Image Height )",At least 50 % of resolution in image center,Horizontal: 12.1° (@ MOD) to 13.0° Vertical: 9.1° (@ MOD) to 9.8°,Horizontal: 10.3° (@ MOD) to 11.1° Vertical: 7.7° (@ MOD) to 8.3°,-23.57 mm,,,,,,,,,,,,,,,,,,,,,,,,,,,
Basler,fixed_focal,Fixed Focal Lenses (Basler),basler_lens_fixed_focal,Basler Lens C23-0816-2M-S,https://docs.baslerweb.com/c23-0816-2m-s,merged_kv,2200000178,8.6 mm ± 5 %,F1.6–F16,"11 mm (2/3"" format)",0.25 m to infinity,0.5 m,At least 50 % (see Relative Illumination versus Image Height ),,"Typical -4.8 % (barrel distortion, see Distortion versus Image Height )",,,Visible (400–700 nm),6.73,9.9°,6.3 mm,8.4 mm,43.79 mm,15.3 mm,75.01 mm,17.526 mm,C-mount,Approx. 136 g,Manual Operating angle: 190°,,,,,,,,,,,,,0.032,"Designed for 90 LP/mm (5.5 µm pixel size, see Resolution versus Image Height )",,,,-57.55 mm,Horizontal: 46.2° (@ MOD) to 46.6° Vertical: 35.1° (@ MOD) to 35.5°,Horizontal: 55.7° (@ MOD) to 56.2° Vertical: 42.9° (@ MOD) to 43.1°,,,,,,,,,,,,,,,,,,,,,,,,,
Basler,fixed_focal,Fixed Focal Lenses (Basler),basler_lens_fixed_focal,Basler Lens C23-0824-5M-P,https://docs.baslerweb.com/c23-0824-5m-p,merged_kv,2200000568,8.06 mm ± 5 %,F2.4–F16,"11 mm (2/3"" format)",0.1 m to infinity,0.3 m,60 %,,Typical 1.87 %,,,Visible (400–700 nm),,,,12.48 mm,,,,17.526 mm,C-mount,Approx. 89.5 g,Manual,F2.7,"Designed for 147 LP/mm (3.40 µm pixel size, see Resolution versus Image Height )",,,,,,,,,,,,,,,,,,,0.77 / 0.53,0.38 / 0.24,Horizontal: 48.3° Vertical: 36.8°,Horizontal: 57.6° Vertical: 44.8°,,,,,,,,,,,,,,,,,,,,,
Basler,fixed_focal,Fixed Focal Lenses (Basler),basler_lens_fixed_focal,Basler Lens C23-0828-16M,https://docs.baslerweb.com/c23-0828-16m,merged_kv,2200002368,8 mm ± 5 %,F2.8–F16,"11.8 mm (2/3"" format)",0.1 m to infinity,0.3 m,66.6 %,,,,,Visible (400–700 nm),,,,10.2 mm,,,,17.526 mm,C-mount,Approx. 89 g,Manual,F4,"Designed for 250 LP/mm (2.0 µm pixel size, see Resolution versus Image Height )",,,,,,0.07 % / -0.02%,,,,,,,,,,,,,,,,Horizontal: 56.4° Vertical: 43.98°,0.59 / 0.46,0.41 / 0.28,Horizontal: 42.6° Vertical: 32.6°,,,,,,,,,,,,,,,,,,
Basler,fixed_focal,Fixed Focal Lenses (Basler),basler_lens_fixed_focal,Basler Lens C23-1216-2M-S,https://docs.baslerweb.com/c23-1216-2m-s,merged_kv,2200000179,12.3 mm ± 5 %,F1.6–F16,"11 mm (2/3"" format)",0.1 m to infinity,0.5 m,"At least 65 % (see Relative Illumination versus Image Height ) Due to the large chief ray angle of this lens, the relative illumination on the peripheral regions might be lower for 2/3"" image sensors.",,"Typical -1.0 % (barrel distortion, see Distortion versus Image Height )",,,Visible (400–700 nm),1.37,18.5°,6.3 mm,8.4 mm,22.4 mm,15.7 mm,44.6 mm,17.526 mm,C-mount,Approx. 97 g,Manual Operating angle: 277°,,,,,,,,,,,,,-0.024,"Designed for 90 LP/mm (5.5 µm pixel size, see Resolution versus Image Height )",,,,-7.3 mm,Horizontal: 27.2° (@ MOD) to 30.4° Vertical: 21.0° (@ MOD) to 23.6°,Horizontal: 33.7° (@ MOD) to 37.3° Vertical: 22.5° (@ MOD) to 25.3°,,,,,,,,,,,,,,,,,,,,,,,,,
Basler,fixed_focal,Fixed Focal Lenses (Basler),basler_lens_fixed_focal,Basler Lens C23-1224-5M-P,https://docs.baslerweb.com/c23-1224-5m-p,merged_kv,2200000569,12.01 mm ± 5 %,F2.4–F16,"11 mm (2/3"" format)",0.15 m to infinity,0.3 m,66 %,,Typical -0.25 %,,,Visible (400–700 nm),,,,15.56 mm,,,,17.526 mm,C-mount,Approx. 71.1 g,Manual,F3.0,"Designed for 147 LP/mm (3.40 µm pixel size, see Resolution versus Image Height )",,,,,,,,,,,,,,,,,,,0.65 / 0.51,0.41 / 0.2,Horizontal: 33.3° Vertical: 25.0°,Horizontal: 40.3° Vertical: 30.8°,,,,,,,,,,,,,,,,,,,,,
Basler,fixed_focal,Fixed Focal Lenses (Basler),basler_lens_fixed_focal,Basler Lens C23-1228-16M,https://docs.baslerweb.com/c23-1228-16m,merged_kv,2200002369,12 mm ± 5 %,F2.8–F16,"11.8 mm (2/3"" format)",0.1 m to infinity,0.3 m,72.3 %,,,,,Visible (400–700 nm),,,,10.2 mm,,,,17.526 mm,C-mount,Approx. 78 g,Manual,F2.8,"Designed for 250 LP/mm (2.0 µm pixel size, see Resolution versus Image Height )",,,,,,0.07 % / 0.01 %,,,,,,,,,,,,,,,,Horizontal: 40.3° Vertical: 30.8°,0.56 / 0.43,0.38 / 0.25,Horizontal: 29.9° Vertical: 22.7°,,,,,,,,,,,,,,,,,,
Basler,fixed_focal,Fixed Focal Lenses (Basler),basler_lens_fixed_focal,Basler Lens C23-1616-2M-S,https://docs.baslerweb.com/c23-1616-2m-s,merged_kv,2200000180,16.5 mm ± 5 %,F1.6–F22,"11 mm (2/3"" format)",0.2 m to infinity,0.9 m,"At least 80 % (see Relative Illumination versus Image Height ) Due to the large chief ray angle of this lens, the relative illumination on the peripheral regions might be lower for 2/3"" image sensors.",,"Typical -1.1 % (barrel distortion, see Distortion versus Image Height )",,,Visible (400–700 nm),1.22,15.3°,1.7 mm,8.4 mm,21.6 mm,15.3 mm,45.7 mm,17.526 mm,C-mount,Approx. 104 g,Manual Operating angle: 144°,,,,,,,,,,,,,-0.018,"Designed for 90 LP/mm (5.5 µm pixel size, see Resolution versus Image Height )",,,,-9.5 mm,Horizontal: 21.7° (@ MOD) to 23.4° Vertical: 16.5° (@ MOD) to 17.9°,Horizontal: 27.3° (@ MOD) to 29.4° Vertical: 17.8° (@ MOD) to 19.3°,,,,,,,,,,,,,,,,,,,,,,,,,
Basler,fixed_focal,Fixed Focal Lenses (Basler),basler_lens_fixed_focal,Basler Lens C23-1620-5M-P,https://docs.baslerweb.com/c23-1620-5m-p,merged_kv,2200000570,16.09 mm ± 5 %,F2.0–F16,"11 mm (2/3"" format)",0.2 m to infinity,0.5 m,55 %,,Typical -1.00 %,,,Visible (400–700 nm),,,,9.98 mm,,,,17.526 mm,C-mount,Approx. 74.4 g,Manual,F2.4,"Designed for 147 LP/mm (3.40 µm pixel size, see Resolution versus Image Height )",0.68 / 0.56,0.51 / 0.37,,,,,,,,,,,,,,,,,,,Horizontal: 25.3° Vertical: 18.9°,Horizontal: 30.8° Vertical: 23.3°,,,,,,,,,,,,,,,,,,,,,
Basler,fixed_focal,Fixed Focal Lenses (Basler),basler_lens_fixed_focal,Basler Lens C23-1628-16M,https://docs.baslerweb.com/c23-1628-16m,merged_kv,2200002370,16 mm ± 5 %,F2.8–F16,"11.8 mm (2/3"" format)",0.1 m to infinity,0.3 m,77.5 %,,,,,Visible (400–700 nm),,,,10.3 mm,,,,17.526 mm,C-mount,Approx. 74 g,Manual,F2.8,"Designed for 250 LP/mm (2.0 µm pixel size, see Resolution versus Image Height )",,,,,,0.07 % / 0.014 %,,,,,,,,,,,,,,,,,,,Horizontal: 22.7° Vertical: 17.1°,0.56 / 0.44,0.42 / 0.28,Horizontal: 30.8° Vertical: 23.4°,,,,,,,,,,,,,,,
Basler,fixed_focal,Fixed Focal Lenses (Basler),basler_lens_fixed_focal,Basler Lens C23-2518-2M-S,https://docs.baslerweb.com/c23-2518-2m-s,merged_kv,2200000181,25.8 mm ± 5 %,F1.8–F16,"11 mm (2/3"" format)",0.3 m to infinity,0.9 m,At least 79 % (see Relative Illumination versus Image Height ),,"Typical -0.5 % (barrel distortion, see Distortion versus Image Height )",,,Visible (400–700 nm),1.04,11.1°,-7.7 mm,9.5 mm,-4.6 mm,17.2 mm,29.3 mm,17.526 mm,C-mount,Approx. 83 g,Manual Operating angle: 169°,,,,,,,,,,,,,-0.029,"Designed for 90 LP/mm (5.5 µm pixel size, see Resolution versus Image Height )",,,,-16.7 mm,Horizontal: 14.2° (@ MOD) to 15.5° Vertical: 10.7° (@ MOD) to 11.7°,Horizontal: 18.1° (@ MOD) to 19.7° Vertical: 11.5° (@ MOD) to 12.6°,,,,,,,,,,,,,,,,,,,,,,,,,
Basler,fixed_focal,Fixed Focal Lenses (Basler),basler_lens_fixed_focal,Basler Lens C23-2518-5M-P,https://docs.baslerweb.com/c23-2518-5m-p,merged_kv,2200000571,24.9 mm ± 5 %,F1.8–F16,"11 mm (2/3"" format)",0.2 m to infinity,0.5 m,63 %,,Typical 0.92 %,,,Visible (400–700 nm),,,,13.20 mm,,,,17.526 mm,C-mount,Approx. 62.0 g,Manual,F2.4,"Designed for 147 LP/mm (3.40 µm pixel size, see Resolution versus Image Height )",,,,,,,,,,,,,,,,,,,,,Horizontal: 16.3° Vertical: 12.1°,Horizontal: 20.0° Vertical: 15.0°,,,,,,,0.54 / 0.43,0.51 / 0.4,,,,,,,,,,,,,
Basler,fixed_focal,Fixed Focal Lenses (Basler),basler_lens_fixed_focal,Basler Lens C23-2528-16M,https://docs.baslerweb.com/c23-2528-16m,merged_kv,2200002371,25 mm ± 5 %,F2.8–F16,"11.8 mm (2/3"" format)",0.1 m to infinity,1.0 m,76.9 %,,,,,Visible (400–700 nm),,,,9.5 mm,,,,17.526 mm,C-mount,Approx. 83 g,Manual,F2.8,"Designed for 250 LP/mm (2.0 µm pixel size, see Resolution versus Image Height )",,,,,,0.07 % / 0.04 %,,,,,,,,,,,,,,,,Horizontal: 20.0° Vertical: 15.1°,,,Horizontal: 14.6° Vertical: 11.0°,,,,,,0.48 / 0.36,0.37 / 0.26,,,,,,,,,,,
Basler,fixed_focal,Fixed Focal Lenses (Basler),basler_lens_fixed_focal,Basler Lens C23-3520-2M-S,https://docs.baslerweb.com/c23-3520-2m-s,merged_kv,2200000182,34.3 mm ± 5 %,F2.0–F16,"11 mm (2/3"" format)",0.35 m to infinity,1.0 m,At least 84 % (see Relative Illumination versus Image Height ),,"Typical -0.5 % (barrel distortion, see Distortion versus Image Height )",,,Visible (400–700 nm),1.03,8.61°,-11.1 mm,10.1 mm,-14.4 mm,22.2 mm,32.5 mm,17.526 mm,C-mount,Approx. 81 g,Manual Operating angle: 262°,,,,,,,,,,,,,-0.035,"Designed for 90 LP/mm (5.5 µm pixel size, see Resolution versus Image Height )",,,,-24.7 mm,Horizontal: 10.6° (@ MOD) to 11.7° Vertical: 8.0° (@ MOD) to 8.8°,Horizontal: 13.6° (@ MOD) to 15.1° Vertical: 8.6° (@ MOD) to 9.5°,,,,,,,,,,,,,,,,,,,,,,,,,
Basler,fixed_focal,Fixed Focal Lenses (Basler),basler_lens_fixed_focal,Basler Lens C23-3520-5M-P,https://docs.baslerweb.com/c23-3520-5m-p,merged_kv,2200000572,35.09 mm ± 5 %,F2.0–F16,"11 mm (2/3"" format)",0.2 m to infinity,0.3 m,73 %,,Typical 0.14 %,,,Visible (400–700 nm),,,,17.65 mm,,,,17.526 mm,C-mount,Approx. 71.0 g,Manual,F2.4,"Designed for 147 LP/mm (3.40 µm pixel size, see Resolution versus Image Height )",0.65 / 0.54,0.4 / 0.23,,,,,,,,,,,,,,,,,,,Horizontal: 11.7° Vertical: 8.7°,Horizontal: 14.3° Vertical: 10.8°,,,,,,,,,,,,,,,,,,,,,
Basler,fixed_focal,Fixed Focal Lenses (Basler),basler_lens_fixed_focal,Basler Lens C23-3528-16M,https://docs.baslerweb.com/c23-3528-16m,merged_kv,2200002372,35 mm ± 5 %,F2.8–F16,"11.8 mm (2/3"" format)",0.15 m to infinity,1.0 m,72.2 %,,,,,Visible (400–700 nm),,,,10.9 mm,,,,17.526 mm,C-mount,Approx. 82 g,Manual,F2.8,"Designed for 250 LP/mm (2.0 µm pixel size, see Resolution versus Image Height )",,,,,,"0.07 % / 0,01 %",,,,,,,,,,,,,,,,Horizontal: 14.3° Vertical: 10.8°,,,Horizontal: 10.4° Vertical: 7.8°,0.53 / 0.37,,,,,,,0.46 / 0.31,,,,,,,,,,
Basler,fixed_focal,Fixed Focal Lenses (Basler),basler_lens_fixed_focal,Basler Lens C23-5026-2M-S,https://docs.baslerweb.com/c23-5026-2m-s,merged_kv,2200000183,49.5 mm ± 5 %,F2.6–F32,"11 mm (2/3"" format)",0.3 m to infinity,1.3 m,At least 76 % (see Relative Illumination versus Image Height ),,"Typical 0.2 % (pincushion distortion, see Distortion versus Image Height )",,,Visible (400–700 nm),0.88,7.97°,-36.1 mm,16.4 mm,-7.0 mm,20.7 mm,39.0 mm,17.526 mm,C-mount,Approx. 110 g,Manual Operating angle: 185°,,,,,,,,,,,,,-0.039,"Designed for 90 LP/mm (5.5 µm pixel size, see Resolution versus Image Height )",,,,-26.2 mm,Horizontal: 6.8° (@ MOD) to 8.2° Vertical: 5.1° (@ MOD) to 6.1°,Horizontal: 8.8° (@ MOD) to 10.5° Vertical: 5.5° (@ MOD) to 6.6°,,,,,,,,,,,,,,,,,,,,,,,,,
Basler,fixed_focal,Fixed Focal Lenses (Basler),basler_lens_fixed_focal,Basler Lens C23-5028-16M,https://docs.baslerweb.com/c23-5028-16m,merged_kv,2200002373,50 mm ± 5 %,F2.8–F16,"11.8 mm (2/3"" format)",0.2 m to infinity,0.5 m,58.4 %,,,,,Visible (400–700 nm),,,,13.2 mm,,,,17.526 mm,C-mount,Approx. 85 g,Manual,F2.8,"Designed for 250 LP/mm (2.0 µm pixel size, see Resolution versus Image Height )",,,,,,,,,,,,,,,,,,,,,Horizontal: 10.1° Vertical: 7.5°,Horizontal: 7.3° Vertical: 5.5°,,,,,,,,,,,,0.57 / 0.43,0.46 / 0.30,0.07 % / 0.01 %,,,,,,,
Basler,fixed_focal,Fixed Focal Lenses (Basler),basler_lens_fixed_focal,Basler Lens C23-5028-5M-P,https://docs.baslerweb.com/c23-5028-5m-p,merged_kv,2200000573,48 mm ± 5 %,F2.8–F16,"11 mm (2/3"" format)",0.4 m to infinity,0.4 m,72 %,,Typical -0.12 %,,,Visible (400–700 nm),,,,22.88 mm,,,,17.526 mm,C-mount,Approx. 83.7 g,Manual,F3.1,"Designed for 147 LP/mm (3.40 µm pixel size, see Resolution versus Image Height )",,,,,,,,,,,,,,,,,,,,,Horizontal: 8.2° Vertical: 6.1°,Horizontal: 10.1° Vertical: 7.6°,,,,,,,,,,,,,,,0.63 / 0.5,0.55 / 0.41,,,,,
Basler,fixed_focal,Fixed Focal Lenses (Basler),basler_lens_fixed_focal,Basler Lens C23-7538-16M,https://docs.baslerweb.com/c23-7538-16m,merged_kv,2200002374,75 mm ± 5 %,F3.8–F16,"11.8 mm (2/3"" format)",0.25 m to infinity,INF,68.6 %,,,,,Visible (400–700 nm),,,,11.9 mm,,,,17.526 mm,C-mount,Approx. 89 g,Manual,F3.8,"Designed for 250 LP/mm (2.0 µm pixel size, see Resolution versus Image Height )",,,,,,0.07 % / -0.05%,,,,,,,,,,,,,,,,Horizontal: 6.9° Vertical: 5.2°,,,Horizontal: 5.0° Vertical: 3.8°,,,,,,,,,,,,,,0.41 / 0.24,0.33 / 0.16,,,
Basler,fixed_focal,Fixed Focal Lenses (Basler),basler_lens_fixed_focal,Basler Lens F-S35-2528-45M-S-SD,https://docs.baslerweb.com/f-s35-2528-45m-s-sd,merged_kv,2200001069,24.5 mm ± 5 %,F2.8–F22,32 mm (Super 35 format),0.17–1.7 m,0.22 m,At least 69 %,,"Typical -1.35 % (barrel distortion, see Distortion versus Image Height )",,,Visible (400–700 nm),3.49,10°,26 mm,23.74 mm,61.99 mm,36.42 mm,116.5 mm,46.5 mm +0/-0.2 mm,F-mount,Approx. 580 g,Manual Operating angle: 90°/80.84°,,"Designed for 155 LP/mm (3.2 µm pixel size, see Resolution versus Image Height )",,,,,,,,,,,0.1,,,,,-60.33 mm,,,,,,,,,,,,,,,,,,,,,,,,,>27 % @ 155 LP/mm,>26 % @ 155 LP/mm,Horizontal: 55.7° (@ MOD) Vertical: 39.1° (@ MOD)
Basler,fixed_focal,Fixed Focal Lenses (Basler),basler_lens_fixed_focal,Basler Lens F-S35-3528-45M-S-SD,https://docs.baslerweb.com/f-s35-3528-45m-s-sd,merged_kv,2200001070,35.3 mm ± 5 %,F2.8–F22,32 mm (Super 35 format),0.2–1.9 m,0.32 m,At least 69 %,,Typical -0.73 % (see Distortion versus Image Height ),,,Visible (400–700 nm),3.06,4.4°,36.49 mm,21.31 mm,33.33 mm,49.63 mm,120.74 mm,46.5 mm +0/-0.2 mm,F-mount,Approx. 780 g,Manual Operating angle: 90°/73.96°,,"Designed for 155 LP/mm (3.2 µm pixel size, see Resolution versus Image Height )",,,,,,,,,,,0.1,,,,,-86.71 mm,,,,,,,,,,,,,,,,,,,,,,,,,>26 % @ 155 LP/mm,>25 % @ 155 LP/mm,Horizontal: 39.6° (@ MOD) Vertical: 27.1° (@ MOD)
Basler,fixed_focal,Fixed Focal Lenses (Basler),basler_lens_fixed_focal,Basler Lens F-S35-5028-45M-S-SD,https://docs.baslerweb.com/f-s35-5028-45m-s-sd,merged_kv,2200001071,50.5 mm ± 5 %,F2.8–F22,32 mm (Super 35 format),0.22–2 m,0.46 m,At least 69 %,,Typical -0.44 % (see Distortion versus Image Height ),,,Visible (400–700 nm),3.44,1.7°,30.42 mm,24.62 mm,-16.88 mm,59.01 mm,103.5 mm,46.5 mm +0/-0.2 mm,F-mount,Approx. 625 g,Manual Operating angle: 90°/74.68°,,"Designed for 155 LP/mm (3.2 µm pixel size, see Resolution versus Image Height )",,,,,,,,,,,0.1,,,,,-148.5 mm,,,,,,,,,,,,,,,,,,,,,,,,,>31 % @ 155 LP/mm,>25 % @ 155 LP/mm,Horizontal: 27.1° (@ MOD) Vertical: 18.4° (@ MOD)
Basler,fixed_focal,Fixed Focal Lenses (Basler),basler_lens_fixed_focal,Basler Lens F-S35-7528-45M-S-SD,https://docs.baslerweb.com/f-s35-7528-45m-s-sd,merged_kv,2200001072,75 mm ± 5 %,F2.8–F22,32 mm (Super 35 format),0.34–1.55 m,0.78 m,At least 69 %,,Typical -0.27 % (see Distortion versus Image Height ),,,Visible (400–700 nm),0.87,9.7°,-52.8 mm,20.64 mm,2.72 mm,55.89 mm,101.77 mm,46.5 mm +0/-0.2 mm,F-mount,Approx. 560 g,Manual Operating angle: 90°/72°,,"Designed for 155 LP/mm (3.2 µm pixel size, see Resolution versus Image Height )",,,,,,,,,,,0.1,,,,,-44.7 mm,,,,,,,,,,,,,,,,,,,,,,,,,>43 % @ 155 LP/mm,>25 % @ 155 LP/mm,Horizontal: 15.9° (@ MOD) Vertical: 10.8° (@ MOD)
