brand,lens_type,raw_category,target_key,model,_source_url,_table_index,Type [standard],ID [standard],Interface,Focal length [mm],Aperture range F/#,Numerical aperture [object | image],Maximum sensor size [mm],Maximum angle of view [°],Recommended magnification range,Recommended working distance range [mm],Minimum working distance without extension tubes [mm],Filter thread [mm],Storage temperature [°C],Net weight [g],Additional info,f'eff [mm],SF [mm],S'F' [mm],HH' [mm],ß'P,SEP [mm],S'AP [mm],Σd [mm],Former lens name,Parameter,Motor type,Coil resistance,Rated current,Rated voltage,Coil inductivity,Max. step frequency,Cable type,Cable length,Electrical connector,Operating temperature,Storage temperature,Mean time between failures (MTBF),Type [motorized iris],ID [motorized iris],F/# range,Max. sensor size [mm],Max. angle of view [°],Rec. magnification range,Rec. working distance range [mm],Min. working distance without extension tubes [mm],Net. weight [standard] [g]
Schneider-Kreuznach,fixed_focal,C-Mount Lenses (CITRINE/TURQUOISE/AQUAMARINE/OPAL/JADE/TOURMALINE/TOPAZ),schneider_cmount,CITRINE F1.8/4.8 mm C-Mount lens,https://schneiderkreuznach.com/en/industrial-optics/lenses/c-mount-lenses/citrine/f1-8-4-8mm-c,merged_kv,C,1001955,C-Mount,4.8,F/1.8 ... F/11,- | 0.26,11,113,-0.1 ... 0,34 ... ∞,0,M62 x 0.75 (with additional filter holder),-25 … +70,105,-,4.98,13.16,13.17,35.70,6.57,13.92,-19.53,45.65,Cinegon 1.8/4.8,,,,,,,,,,,,,,,,,,,,,,
Schneider-Kreuznach,fixed_focal,C-Mount Lenses (CITRINE/TURQUOISE/AQUAMARINE/OPAL/JADE/TOURMALINE/TOPAZ),schneider_cmount,CITRINE F1.8/4.8 mm C-Mount Motorized lens,https://schneiderkreuznach.com/en/industrial-optics/lenses/c-mount-lenses/citrine/f1-8-4-8mm-c-motorized-iris,merged_kv,C-MI,1061448,C-Mount,4.8,F/1.8 ... F/11,- | 0.26,11,113,-0.1 ... 0,34 ... ∞,0,M62 x 0.75 (with additional filter holder),-25 … +70,149,-,4.98,13.16,13.17,35.70,6.57,13.92,-19.53,45.65,Cinegon-M 1.8/4.8,Data,"2 phase, bipolar stepper motor",21 Ohm,≤ 143 mA/Phase,3 V,1.8 mH/phase @ 1 kHz,400 Hz,Lemo Santoprene 2 x 2 x 0.14 mm² black,300 mm,JEITA E4-191J-100,0°C to +50°C,-25°C to +70°C,> 100.000 cycles,,,,,,,,,
Schneider-Kreuznach,fixed_focal,C-Mount Lenses (CITRINE/TURQUOISE/AQUAMARINE/OPAL/JADE/TOURMALINE/TOPAZ),schneider_cmount,CITRINE F1.8/4.8 mm C-Mount Ruggedized lens,https://schneiderkreuznach.com/en/industrial-optics/lenses/c-mount-lenses/citrine/f1-8-4-8mm-c-ruggedized,merged_kv,C-R,1058930,C-Mount,4.8,F/1.8 ... F/11,- | 0.26,11,113,-0.1 ... 0,34 ... ∞,0,M62 x 0.75 (with additional filter holder),-25 … +70,105,-,4.98,13.16,13.17,35.70,6.57,13.92,-19.53,45.65,Cinegon 1.8/4.8,,,,,,,,,,,,,,,,,,,,,,
Schneider-Kreuznach,fixed_focal,C-Mount Lenses (CITRINE/TURQUOISE/AQUAMARINE/OPAL/JADE/TOURMALINE/TOPAZ),schneider_cmount,CITRINE F1.8/4.8 mm C-Mount Stabilized lens,https://schneiderkreuznach.com/en/industrial-optics/lenses/c-mount-lenses/citrine/f1-8-4-8mm-c-stabilized,merged_kv,C-S,1062311,C-Mount,4.8,F/1.8 ... F/11,- | 0.26,11,113,-0.1 ... 0,34 ... ∞,0,M62 x 0.75 (with additional filter holder),-25 … +70,105,-,4.98,13.16,13.17,35.70,6.57,13.92,-19.53,45.65,Cinegon 1.8/4.8,,,,,,,,,,,,,,,,,,,,,,
Schneider-Kreuznach,fixed_focal,C-Mount Lenses (CITRINE/TURQUOISE/AQUAMARINE/OPAL/JADE/TOURMALINE/TOPAZ),schneider_cmount,CITRINE F1.4/8 mm C-Mount lens,https://schneiderkreuznach.com/en/industrial-optics/lenses/c-mount-lenses/citrine/f1-4-8mm-c,merged_kv,C,1001919,C-Mount,8,F/1.4 ... F/11,- | 0.34,11,69,-0.1 ... 0,70 ... ∞,0,M30.5 x 0.5,-25 … +70,90,-,8.24,11.70,12.56,20.86,4.80,13.42,-26.96,36.48,Cinegon 1.4/8,,,,,,,,,,,,,,,,,,,,,,
Schneider-Kreuznach,fixed_focal,C-Mount Lenses (CITRINE/TURQUOISE/AQUAMARINE/OPAL/JADE/TOURMALINE/TOPAZ),schneider_cmount,CITRINE F1.4/8 mm C-Mount Motorized lens,https://schneiderkreuznach.com/en/industrial-optics/lenses/c-mount-lenses/citrine/f1-4-8mm-c-motorized-iris,merged_kv,C-MI,1061449,C-Mount,8,F/1.4 ... F/11,- | 0.34,11,69,-0.1 ... 0,70 ... ∞,0,M30.5 x 0.5,-25 … +70,134,-,8.24,11.70,12.56,20.86,4.80,13.42,-26.96,36.48,Cinegon-M 1.4/8,Data,"2 phase, bipolar stepper motor",21 Ohm,≤ 143 mA/Phase,3 V,1.8 mH/phase @ 1 kHz,400 Hz,Lemo Santoprene 2 x 2 x 0.14 mm² black,300 mm,JEITA E4-191J-100,0°C to +50°C,-25°C to +70°C,> 100.000 cycles,,,,,,,,,
Schneider-Kreuznach,fixed_focal,C-Mount Lenses (CITRINE/TURQUOISE/AQUAMARINE/OPAL/JADE/TOURMALINE/TOPAZ),schneider_cmount,CITRINE F1.4/8 mm C-Mount Ruggedized lens,https://schneiderkreuznach.com/en/industrial-optics/lenses/c-mount-lenses/citrine/f1-4-8mm-c-ruggedized,merged_kv,C-R,1062858,C-Mount,8,F/1.4 ... F/11,- | 0.34,11,69,-0.1 ... 0,70 ... ∞,0,M30.5 x 0.5,-25 … +70,90,-,8.24,11.70,12.56,20.86,4.80,13.42,-26.96,36.48,Cinegon 1.4/8,,,,,,,,,,,,,,,,,,,,,,
Schneider-Kreuznach,fixed_focal,C-Mount Lenses (CITRINE/TURQUOISE/AQUAMARINE/OPAL/JADE/TOURMALINE/TOPAZ),schneider_cmount,CITRINE F1.4/8 mm C-Mount Stabilized lens,https://schneiderkreuznach.com/en/industrial-optics/lenses/c-mount-lenses/citrine/f1-4-8mm-c-stabilized,merged_kv,C-S,1068951,C-Mount,8,F/1.4 ... F/11,- | 0.34,11,69,-0.1 ... 0,70 ... ∞,0,M30.5 x 0.5,-25 … +70,90,-,8.24,11.70,12.56,20.86,4.80,13.42,-26.96,36.48,Cinegon 1.4/8,,,,,,,,,,,,,,,,,,,,,,
Schneider-Kreuznach,fixed_focal,C-Mount Lenses (CITRINE/TURQUOISE/AQUAMARINE/OPAL/JADE/TOURMALINE/TOPAZ),schneider_cmount,CITRINE F1.4/12 mm C-Mount lens,https://schneiderkreuznach.com/en/industrial-optics/lenses/c-mount-lenses/citrine/f1-4-12mm-c,merged_kv,C,1001951,C-Mount,12,F/1.4 ... F/11,- | 0.32,11,48,-0.1 ... 0,106 ... ∞,6,M30.5 x 0.5,-25 … +70,99,-,12.65,20.13,12.69,13.51,3.73,23.52,-34.49,46.25,Cinegon 1.4/12,,,,,,,,,,,,,,,,,,,,,,
Schneider-Kreuznach,fixed_focal,C-Mount Lenses (CITRINE/TURQUOISE/AQUAMARINE/OPAL/JADE/TOURMALINE/TOPAZ),schneider_cmount,CITRINE F1.4/12 mm C-Mount Motorized lens,https://schneiderkreuznach.com/en/industrial-optics/lenses/c-mount-lenses/citrine/f1-4-12mm-c-motorized-iris,merged_kv,C-MI,1061450,C-Mount,12,F/1.4 ... F/11,- | 0.32,11,48,-0.1 ... 0,105 ... ∞,6,M30.5 x 0.5,-25 … +70,143,-,12.65,20.13,12.69,13.51,3.73,23.52,-34.49,46.25,Cinegon-M 1.4/12,Data,"2 phase, bipolar stepper motor",21 Ohm,≤ 143 mA/Phase,3 V,1.8 mH/phase @ 1 kHz,400 Hz,Lemo Santoprene 2 x 2 x 0.14 mm² black,300 mm,JEITA E4-191J-100,0°C to +50°C,-25°C to +70°C,> 100.000 cycles,,,,,,,,,
Schneider-Kreuznach,fixed_focal,C-Mount Lenses (CITRINE/TURQUOISE/AQUAMARINE/OPAL/JADE/TOURMALINE/TOPAZ),schneider_cmount,CITRINE F1.4/12 mm C-Mount Ruggedized lens,https://schneiderkreuznach.com/en/industrial-optics/lenses/c-mount-lenses/citrine/f1-4-12mm-c-ruggedized,merged_kv,C-R,1062859,C-Mount,12,F/1.4 ... F/11,- | 0.32,11,48,-0.1 ... 0,106 ... ∞,6,M30.5 x 0.5,-25 … +70,99,-,12.65,20.13,12.69,13.51,3.73,23.52,-34.49,46.25,Cinegon 1.4/12,,,,,,,,,,,,,,,,,,,,,,
Schneider-Kreuznach,fixed_focal,C-Mount Lenses (CITRINE/TURQUOISE/AQUAMARINE/OPAL/JADE/TOURMALINE/TOPAZ),schneider_cmount,CITRINE F1.4/12 mm C-Mount Stabilized lens,https://schneiderkreuznach.com/en/industrial-optics/lenses/c-mount-lenses/citrine/f1-4-12mm-c-stabilized,merged_kv,C-S,1070118,C-Mount,12,F/1.4 ... F/11,- | 0.32,11,48,-0.1 ... 0,106 ... ∞,6,M30.5 x 0.5,-25 … +70,99,-,12.65,20.13,12.69,13.51,3.73,23.52,-34.49,46.25,Cinegon 1.4/12,,,,,,,,,,,,,,,,,,,,,,
Schneider-Kreuznach,fixed_focal,C-Mount Lenses (CITRINE/TURQUOISE/AQUAMARINE/OPAL/JADE/TOURMALINE/TOPAZ),schneider_cmount,CITRINE F1.4/17 mm C-Mount lens,https://schneiderkreuznach.com/en/industrial-optics/lenses/c-mount-lenses/citrine/f1-4-17mm-c,merged_kv,C,1001957,C-Mount,17,F/1.4 ... F/11,- | 0.33,11,36,-0.1 ... 0,157 ... ∞,44,M30.5 x 0.5,-25 … +70,85,-,17.57,-6.15,13.16,-3.20,2.98,12.05,-39.16,24.93,Xenoplan 1.4/17,,,,,,,,,,,,,,,,,,,,,,
Schneider-Kreuznach,fixed_focal,C-Mount Lenses (CITRINE/TURQUOISE/AQUAMARINE/OPAL/JADE/TOURMALINE/TOPAZ),schneider_cmount,CITRINE F1.4/17 mm C-Mount Motorized lens,https://schneiderkreuznach.com/en/industrial-optics/lenses/c-mount-lenses/citrine/f1-4-17mm-c-motorized-iris,merged_kv,C-MI,1061451,C-Mount,17,F/1.4 ... F/11,- | 0.33,11,36,-0.1 ... 0,157 ... ∞,44,M30.5 x 0.5,-25 … +70,129,-,17.57,-6.15,13.16,-3.20,2.98,12.05,-39.16,24.93,Xenoplan-M 1.4/17,Data,"2 phase, bipolar stepper motor",21 Ohm,≤ 143 mA/Phase,3 V,1.8 mH/phase @ 1 kHz,400 Hz,Lemo Santoprene 2 x 2 x 0.14 mm² black,300 mm,JEITA E4-191J-100,0°C to +50°C,-25°C to +70°C,> 100.000 cycles,,,,,,,,,
Schneider-Kreuznach,fixed_focal,C-Mount Lenses (CITRINE/TURQUOISE/AQUAMARINE/OPAL/JADE/TOURMALINE/TOPAZ),schneider_cmount,CITRINE F1.4/17 mm C-Mount Ruggedized lens,https://schneiderkreuznach.com/en/industrial-optics/lenses/c-mount-lenses/citrine/f1-4-17mm-c-ruggedized,merged_kv,C-R,1062860,C-Mount,17,F/1.4 ... F/11,- | 0.33,11,36,-0.1 ... 0,157 ... ∞,44,M30.5 x 0.5,-25 … +70,85,-,17.57,-6.15,13.16,-3.20,2.98,12.05,-39.16,24.93,Xenoplan 1.4/17,,,,,,,,,,,,,,,,,,,,,,
Schneider-Kreuznach,fixed_focal,C-Mount Lenses (CITRINE/TURQUOISE/AQUAMARINE/OPAL/JADE/TOURMALINE/TOPAZ),schneider_cmount,CITRINE F1.4/17 mm C-Mount Stabilized lens,https://schneiderkreuznach.com/en/industrial-optics/lenses/c-mount-lenses/citrine/f1-4-17mm-c-stabilized,merged_kv,C-S,1070117,C-Mount,17,F/1.4 ... F/11,- | 0.33,11,36,-0.1 ... 0,157 ... ∞,44,M30.5 x 0.5,-25 … +70,85,-,17.57,-6.15,13.16,-3.20,2.98,12.05,-39.16,24.93,Xenoplan 1.4/17,,,,,,,,,,,,,,,,,,,,,,
Schneider-Kreuznach,fixed_focal,C-Mount Lenses (CITRINE/TURQUOISE/AQUAMARINE/OPAL/JADE/TOURMALINE/TOPAZ),schneider_cmount,CITRINE F1.4/23 mm C-Mount lens,https://schneiderkreuznach.com/en/industrial-optics/lenses/c-mount-lenses/citrine/f1-4-23mm-c,merged_kv,C,1001917,C-Mount,23,F/1.4 ... F/11,- | 0.35,11,28,-0.1 ... 0,207 ... ∞,128,M30.5 x 0.5,-25 … +70,95,-,22.52,10.23,14.95,-9.41,2.27,20.16,-36.18,30.93,Xenoplan 1.4/23,,,,,,,,,,,,,,,,,,,,,,
Schneider-Kreuznach,fixed_focal,C-Mount Lenses (CITRINE/TURQUOISE/AQUAMARINE/OPAL/JADE/TOURMALINE/TOPAZ),schneider_cmount,CITRINE F1.4/23 mm C-Mount Motorized lens,https://schneiderkreuznach.com/en/industrial-optics/lenses/c-mount-lenses/citrine/f1-4-23mm-c-motorized-iris,merged_kv,C-MI,1061452,C-Mount,23,F/1.4 ... F/11,- | 0.35,11,28,-0.1 ... 0,207 ... ∞,128,M30.5 x 0.5,-25 … +70,139,-,22.52,10.23,14.95,-9.41,2.27,20.16,-36.18,30.93,Xenoplan-M 1.4/23,Data,"2 phase, bipolar stepper motor",21 Ohm,≤ 143 mA/Phase,3 V,1.8 mH/phase @ 1 kHz,400 Hz,Lemo Santoprene 2 x 2 x 0.14 mm² black,300 mm,JEITA E4-191J-100,0°C to +50°C,-25°C to +70°C,> 100.000 cycles,,,,,,,,,
Schneider-Kreuznach,fixed_focal,C-Mount Lenses (CITRINE/TURQUOISE/AQUAMARINE/OPAL/JADE/TOURMALINE/TOPAZ),schneider_cmount,CITRINE F1.4/23 mm C-Mount Ruggedized lens,https://schneiderkreuznach.com/en/industrial-optics/lenses/c-mount-lenses/citrine/f1-4-23mm-c-ruggedized,merged_kv,C-R,1062871,C-Mount,23,F/1.4 ... F/11,- | 0.35,11,28,-0.1 ... 0,207 ... ∞,128,M30.5 x 0.5,-25 … +70,95,-,22.52,10.23,14.95,-9.41,2.27,20.16,-36.18,30.93,Xenoplan 1.4/23,,,,,,,,,,,,,,,,,,,,,,
Schneider-Kreuznach,fixed_focal,C-Mount Lenses (CITRINE/TURQUOISE/AQUAMARINE/OPAL/JADE/TOURMALINE/TOPAZ),schneider_cmount,CITRINE F1.9/35 mm C-Mount lens,https://schneiderkreuznach.com/en/industrial-optics/lenses/c-mount-lenses/citrine/f1-9-35mm-c,merged_kv,C,1001960,C-Mount,35,F/1.9 ... F/16,- | 0.26,11,18,-0.1 ... 0,354 ... ∞,207,M30.5 x 0.5,-25 … +70,92,-,34.92,-6.69,17.03,-13.62,0.91,31.73,-14.72,32.51,Xenoplan 1.9/35,,,,,,,,,,,,,,,,,,,,,,
Schneider-Kreuznach,fixed_focal,C-Mount Lenses (CITRINE/TURQUOISE/AQUAMARINE/OPAL/JADE/TOURMALINE/TOPAZ),schneider_cmount,CITRINE F1.9/35 mm C-Mount Motorized lens,https://schneiderkreuznach.com/en/industrial-optics/lenses/c-mount-lenses/citrine/f1-9-35mm-c-motorized-iris,merged_kv,C-MI,1061453,C-Mount,35,F/1.9 ... F/16,- | 0.26,11,18,-0.1 ... 0,354 ... ∞,207,M30.5 x 0.5,-25 … +70,136,-,34.92,-6.69,17.03,-13.62,0.91,31.73,-14.72,32.51,Xenoplan-M 1.9/35,Data,"2 phase, bipolar stepper motor",21 Ohm,≤ 143 mA/Phase,3 V,1.8 mH/phase @ 1 kHz,400 Hz,Lemo Santoprene 2 x 2 x 0.14 mm² black,300 mm,JEITA E4-191J-100,0°C to +50°C,-25°C to +70°C,> 100.000 cycles,,,,,,,,,
Schneider-Kreuznach,fixed_focal,C-Mount Lenses (CITRINE/TURQUOISE/AQUAMARINE/OPAL/JADE/TOURMALINE/TOPAZ),schneider_cmount,CITRINE F1.9/35 mm C-Mount Ruggedized lens,https://schneiderkreuznach.com/en/industrial-optics/lenses/c-mount-lenses/citrine/f1-9-35mm-c-ruggedized,merged_kv,C-R,1062872,C-Mount,35,F/1.9 ... F/16,- | 0.26,11,18,-0.1 ... 0,354 ... ∞,207,M30.5 x 0.5,-25 … +70,92,-,34.92,-6.69,17.03,-13.62,0.91,31.73,-14.72,32.51,Xenoplan 1.9/35,,,,,,,,,,,,,,,,,,,,,,
Schneider-Kreuznach,fixed_focal,C-Mount Lenses (CITRINE/TURQUOISE/AQUAMARINE/OPAL/JADE/TOURMALINE/TOPAZ),schneider_cmount,TURQUOISE F1.9/10 mm C-Mount lens,https://schneiderkreuznach.com/en/industrial-optics/lenses/c-mount-lenses/turquoise/f1-9-10mm-c,merged_kv,C,1001978,C-Mount,10,F/1.9 ... F/16,- | 0.26,16,76,-0.1 ... 0,89 ... ∞,2,M62 x 0.75 (with additional filter holder),-25 … +70,136,-,10.36,13.93,16.14,28.72,2.82,17.60,-13.07,47.22,Cinegon 1.9/10,,,,,,,,,,,,,,,,,,,,,,
Schneider-Kreuznach,fixed_focal,C-Mount Lenses (CITRINE/TURQUOISE/AQUAMARINE/OPAL/JADE/TOURMALINE/TOPAZ),schneider_cmount,TURQUOISE F1.9/10 mm C-Mount motorized lens,https://schneiderkreuznach.com/en/industrial-optics/lenses/c-mount-lenses/turquoise/f1-9-10mm-c-motorized-iris,merged_kv,C-MI,1061374,C-Mount,10,F/1.9 ... F/16,- | 0.26,16,76,-0.1 ... 0,89 ... ∞,2,M62 x 0.75 (with additional filter holder),-25 … +70,180,-,10.36,13.93,16.14,28.72,2.82,17.60,-13.07,47.22,Cinegon 1.9/10,Data,"2 phase, bipolar stepper motor",21 Ohm,≤ 143 mA/Phase,3 V,1.8 mH/phase @ 1 kHz,400 Hz,Lemo Santoprene 2 x 2 x 0.14 mm² black,300 mm,JEITA E4-191J-100,0°C to +50°C,-25°C to +70°C,> 100.000 cycles,,,,,,,,,
Schneider-Kreuznach,fixed_focal,C-Mount Lenses (CITRINE/TURQUOISE/AQUAMARINE/OPAL/JADE/TOURMALINE/TOPAZ),schneider_cmount,TURQUOISE F1.9/10 mm C-Mount ruggedized lens,https://schneiderkreuznach.com/en/industrial-optics/lenses/c-mount-lenses/turquoise/f1-9-10mm-c-ruggedized,merged_kv,C-R,1060005,C-Mount,10,F/1.9 ... F/16,- | 0.26,16,76,-0.1 ... 0,89 ... ∞,2,M62 x 0.75 (with additional filter holder),-25 … +70,136,-,10.36,13.93,16.14,28.72,2.82,17.60,-13.07,47.22,Cinegon 1.9/10,,,,,,,,,,,,,,,,,,,,,,
Schneider-Kreuznach,fixed_focal,C-Mount Lenses (CITRINE/TURQUOISE/AQUAMARINE/OPAL/JADE/TOURMALINE/TOPAZ),schneider_cmount,TURQUOISE F1.8/16 mm C-Mount lens,https://schneiderkreuznach.com/en/industrial-optics/lenses/c-mount-lenses/turquoise/f1-8-16mm-c,merged_kv,C,1001482,C-Mount,16,F/1.8 ... F/11,- | 0.27,16,53,-0.1 ... 0,151 ... ∞,27,M30.5 x 0.5,-25 … +70,102,-,16.43,11.08,18.45,11.98,2.59,17.43,-24.13,37.48,C,,,,,,,,,,,,,,,,,,,,,,
Schneider-Kreuznach,fixed_focal,C-Mount Lenses (CITRINE/TURQUOISE/AQUAMARINE/OPAL/JADE/TOURMALINE/TOPAZ),schneider_cmount,TURQUOISE F1.8/16 mm C-Mount motorized lens,https://schneiderkreuznach.com/en/industrial-optics/lenses/c-mount-lenses/turquoise/f1-8-16mm-c-motorized-iris,merged_kv,C-MI,1061375,C-Mount,16,F/1.8 ... F/11,- | 0.27,16,53,-0.1 ... 0,151 ... ∞,27,M30.5 x 0.5,-25 … +70,146,-,16.43,11.08,18.45,11.98,2.59,17.43,-24.13,37.48,Cinegon 1.8/16,Data,"2 phase, bipolar stepper motor",21 Ohm,≤ 143 mA/Phase,3 V,1.8 mH/phase @ 1 kHz,400 Hz,Lemo Santoprene 2 x 2 x 0.14 mm² black,300 mm,JEITA E4-191J-100,0°C to +50°C,-25°C to +70°C,> 100.000 cycles,,,,,,,,,
Schneider-Kreuznach,fixed_focal,C-Mount Lenses (CITRINE/TURQUOISE/AQUAMARINE/OPAL/JADE/TOURMALINE/TOPAZ),schneider_cmount,TURQUOISE F1.8/16 mm C-Mount ruggedized lens,https://schneiderkreuznach.com/en/industrial-optics/lenses/c-mount-lenses/turquoise/f1-8-16mm-c-ruggedized,merged_kv,C-R,1058928,C-Mount,16,F/1.8 ... F/11,- | 0.27,16,53,-0.1 ... 0,151 ... ∞,27,M30.5 x 0.5,-25 … +70,102,-,16.43,11.08,18.45,11.98,2.59,17.43,-24.13,37.48,Cinegon 1.8/16,,,,,,,,,,,,,,,,,,,,,,
Schneider-Kreuznach,fixed_focal,C-Mount Lenses (CITRINE/TURQUOISE/AQUAMARINE/OPAL/JADE/TOURMALINE/TOPAZ),schneider_cmount,TURQUOISE F2.2/70 mm C-Mount lens,https://schneiderkreuznach.com/en/industrial-optics/lenses/c-mount-lenses/turquoise/f2-2-70mm-c,merged_kv,C,1014593,C-Mount,70,F/2.2 ... F/32,- | 0.22,16,13,-0.1 ... 0,729 ... ∞,790,M40.5 x 0.5,-25 … +70,200,-,70.51,-27.78,28.47,-26.00,0.50,114.00,-6.60,,Tele-Xenar 2.2/70,,,,,,,,,,,,,,,,,,,,,,
Schneider-Kreuznach,fixed_focal,C-Mount Lenses (CITRINE/TURQUOISE/AQUAMARINE/OPAL/JADE/TOURMALINE/TOPAZ),schneider_cmount,TURQUOISE F2.2/70 mm C-Mount motorized lens,https://schneiderkreuznach.com/en/industrial-optics/lenses/c-mount-lenses/turquoise/f2-2-70mm-c-motorized-iris,merged_kv,C-MI,1061457,C-Mount,70,F/2.2 ... F/32,- | 0.22,16,13,-0.1 ... 0,729 ... ∞,790,M40.5 x 0.5,-25 … +70,244,-,70.51,-27.78,28.47,-26.00,0.50,114.00,-6.60,58.78,Tele-Xenar-M 2.2/70,Data,"2 phase, bipolar stepper motor",21 Ohm,≤ 143 mA/Phase,3 V,1.8 mH/phase @ 1 kHz,400 Hz,Lemo Santoprene 2 x 2 x 0.14 mm² black,300 mm,JEITA E4-191J-100,0°C to +50°C,-25°C to +70°C,> 100.000 cycles,,,,,,,,,
Schneider-Kreuznach,fixed_focal,C-Mount Lenses (CITRINE/TURQUOISE/AQUAMARINE/OPAL/JADE/TOURMALINE/TOPAZ),schneider_cmount,TURQUOISE F2.2/70 mm C-Mount ruggedized lens,https://schneiderkreuznach.com/en/industrial-optics/lenses/c-mount-lenses/turquoise/f2-2-70mm-c-ruggedized,merged_kv,C-R,1062874,C-Mount,70,F/2.2 ... F/32,- | 0.22,16,13,-0.1 ... 0,729 ... ∞,790,M40.5 x 0.5,-25 … +70,200,-,70.51,-27.78,28.47,-26.00,0.50,114.00,-6.60,58.78,Tele-Xenar 2.2/70,,,,,,,,,,,,,,,,,,,,,,
Schneider-Kreuznach,fixed_focal,C-Mount Lenses (CITRINE/TURQUOISE/AQUAMARINE/OPAL/JADE/TOURMALINE/TOPAZ),schneider_cmount,AQUAMARINE F2.0/28 mm C-Mount lens,https://schneiderkreuznach.com/en/industrial-optics/lenses/c-mount-lenses/aquamarine/f2-0-28mm-c,merged_kv,C,1001972,C-Mount,28,F/2 ... F/16,- | 0.24,24,45,-0.2 ... 0,150 ... ∞,126,M30.5 x 0.5,-25 … +70,78,-,29.29,-16.31,20.82,-2.94,1.05,11.62,-9.90,18.52,Xenoplan 2.0/28,,,,,,,,,,,,,,,,,,,,,,
Schneider-Kreuznach,fixed_focal,C-Mount Lenses (CITRINE/TURQUOISE/AQUAMARINE/OPAL/JADE/TOURMALINE/TOPAZ),schneider_cmount,AQUAMARINE F2.0/28 mm C-Mount motorized lens,https://schneiderkreuznach.com/en/industrial-optics/lenses/c-mount-lenses/aquamarine/f2-0-28mm-c-motorized-iris,merged_kv,C-MI,1061456,C-Mount,28,F/2 ... F/16,- | 0.24,24,45,-0.2 ... 0,150 ... ∞,126,M30.5 x 0.5,-25 … +70,122,-,29.29,-16.31,20.82,-2.94,1.05,11.62,-9.90,18.52,Xenoplan-M 2.0/28,Data,"2 phase, bipolar stepper motor",21 Ohm,≤ 143 mA/Phase,3 V,1.8 mH/phase @ 1 kHz,400 Hz,Lemo Santoprene 2 x 2 x 0.14 mm² black,300 mm,JEITA E4-191J-100,0°C to +50°C,-25°C to +70°C,> 100.000 cycles,,,,,,,,,
Schneider-Kreuznach,fixed_focal,C-Mount Lenses (CITRINE/TURQUOISE/AQUAMARINE/OPAL/JADE/TOURMALINE/TOPAZ),schneider_cmount,AQUAMARINE F2.0/28 mm C-Mount ruggedized lens,https://schneiderkreuznach.com/en/industrial-optics/lenses/c-mount-lenses/aquamarine/f2-0-28mm-c-ruggedized,merged_kv,C-R,1062857,C-Mount,28,F/2 ... F/16,- | 0.24,24,45,-0.2 ... 0,150 ... ∞,126,M30.5 x 0.5,-25 … +70,78,-,29.29,-16.31,20.82,-2.94,1.05,11.62,-9.90,18.52,Xenoplan 2.0/28,,,,,,,,,,,,,,,,,,,,,,
Schneider-Kreuznach,fixed_focal,C-Mount Lenses (CITRINE/TURQUOISE/AQUAMARINE/OPAL/JADE/TOURMALINE/TOPAZ),schneider_cmount,AQUAMARINE F2.0/28 mm TFL-Mount lens,https://schneiderkreuznach.com/en/industrial-optics/lenses/c-mount-lenses/aquamarine/f2-0-28mm-tfl,merged_kv,TFL,1098688,TFL-Mount,28,F/2 ... F/16,- | 0.24,24,45,-0.2 ... 0,150 ... ∞,126,M30.5 x 0.5,-25 … +70,78,-,29.29,-16.31,20.82,-2.94,1.05,11.62,-9.90,18.52,"Xenoplan 2,0/28",,,,,,,,,,,,,,,,,,,,,,
Schneider-Kreuznach,fixed_focal,C-Mount Lenses (CITRINE/TURQUOISE/AQUAMARINE/OPAL/JADE/TOURMALINE/TOPAZ),schneider_cmount,AQUAMARINE F2.0/35 mm C-Mount lens,https://schneiderkreuznach.com/en/industrial-optics/lenses/c-mount-lenses/aquamarine/f2-0-35mm-c,merged_kv,C,1075451,C-Mount,35,F/2 ... F/22,- | 0.25,24,38,-0.2 ... 0,183 ... ∞,183,M30.5 x 0.5,-25 … +70,90,-,35.07,-19.18,24.69,-3.88,1.06,13.92,-12.47,22.39,Xenoplan 2.0/35,,,,,,,,,,,,,,,,,,,,,,
Schneider-Kreuznach,fixed_focal,C-Mount Lenses (CITRINE/TURQUOISE/AQUAMARINE/OPAL/JADE/TOURMALINE/TOPAZ),schneider_cmount,AQUAMARINE F2.0/35 mm TFL-Mount lens,https://schneiderkreuznach.com/en/industrial-optics/lenses/c-mount-lenses/aquamarine/f2-0-35mm-tfl,merged_kv,TFL,1098687,TFL-Mount,35,F/2 ... F/22,- | 0.25,24,38,-0.2 ... 0,183 ... ∞,183,M30.5 x 0.5,-25 … +70,90,-,35.07,-19.18,24.69,-3.88,1.06,13.92,-12.47,22.39,"Xenoplan 2,0/35",,,,,,,,,,,,,,,,,,,,,,
Schneider-Kreuznach,fixed_focal,C-Mount Lenses (CITRINE/TURQUOISE/AQUAMARINE/OPAL/JADE/TOURMALINE/TOPAZ),schneider_cmount,OPAL F2.8/12 mm C-Mount lens,https://schneiderkreuznach.com/en/industrial-optics/lenses/c-mount-lenses/opal/f2-8-12mm-c,merged_kv,C,1110511,C-Mount,12,F/2.8 ... F/22,- | 0.17,17.6,75,-0.1 ... 0,104 ... ∞,6,M40.5 x 0.5,-25 … +70,145,-,11.85,11.38,10.79,29.10,5.78,13.43,-57.73,53.38,Xenon-Opal 2.8/12 | ID 1093543,,,,,,,,,,,,,,,,,,,,,,
Schneider-Kreuznach,fixed_focal,C-Mount Lenses (CITRINE/TURQUOISE/AQUAMARINE/OPAL/JADE/TOURMALINE/TOPAZ),schneider_cmount,JADE F2.8/12 mm C-Mount lens,https://schneiderkreuznach.com/en/industrial-optics/lenses/c-mount-lenses/jade/f2-8-12mm-c,merged_kv,C,1099612,C-Mount,12,F/2.8 ... F/22,- | 0.18,19.3,77,-0.05 ... -0.01,230 ... 1230,6,M62 x 0.75 (with additional filter holder),-25 … +70,167,Max. chief ray angle in image space = 7.1°,12.48,16.55,14.90,27.47,3.40,20.22,-27.46,54.07,Xenon-Jade 2.8/12,,,,,,,,,,,,,,,,,,,,,,
Schneider-Kreuznach,fixed_focal,C-Mount Lenses (CITRINE/TURQUOISE/AQUAMARINE/OPAL/JADE/TOURMALINE/TOPAZ),schneider_cmount,JADE F2.8/12 mm C-Mount Ruggedized lens,https://schneiderkreuznach.com/en/industrial-optics/lenses/c-mount-lenses/jade/f2-8-12mm-c-ruggedized,merged_kv,C-R,1113248,C-Mount,12,F/2.8 ... F/22,- | 0.18,19.3,77,-0.05 ... -0.01,230 ... 1230,6,M62 x 0.75 (with additional filter holder),-25 … +70,167,Max. chief ray angle in image space = 7.1°,12.48,16.55,14.90,27.47,3.40,20.22,-27.46,54.07,,,,,,,,,,,,,,,,,,,,,,,
Schneider-Kreuznach,fixed_focal,C-Mount Lenses (CITRINE/TURQUOISE/AQUAMARINE/OPAL/JADE/TOURMALINE/TOPAZ),schneider_cmount,JADE F2.8/16 mm C-Mount lens,https://schneiderkreuznach.com/en/industrial-optics/lenses/c-mount-lenses/jade/f2-8-16mm-c,merged_kv,C,1099214,C-Mount,16,F/2.8 ... F/22,- | 0.18,19.3,63,-0.1 ... 0,150 ... ∞,33,M37 x 0.75,-25 … +70,154,Max. chief ray angle in image space = 8.6°,16.50,7.63,16.93,25.75,3.70,12.07,-44.41,49.46,Xenon-Jade 2.8/16,,,,,,,,,,,,,,,,,,,,,,
Schneider-Kreuznach,fixed_focal,C-Mount Lenses (CITRINE/TURQUOISE/AQUAMARINE/OPAL/JADE/TOURMALINE/TOPAZ),schneider_cmount,JADE F2.8/16 mm C-Mount Ruggedized lens,https://schneiderkreuznach.com/en/industrial-optics/lenses/c-mount-lenses/jade/f2-8-16mm-c-ruggedized,merged_kv,C-R,1111210,C-Mount,16,F/2.8 ... F/22,- | 0.18,19.3,63,-0.1 ... 0,150 ... ∞,33,M37 x 0.75,-25 … +70,154,Max. chief ray angle in image space = 8.6°,16.50,7.63,16.93,25.75,3.70,12.07,-44.41,49.46,,,,,,,,,,,,,,,,,,,,,,,
Schneider-Kreuznach,fixed_focal,C-Mount Lenses (CITRINE/TURQUOISE/AQUAMARINE/OPAL/JADE/TOURMALINE/TOPAZ),schneider_cmount,JADE F2.8/25 mm C-Mount lens,https://schneiderkreuznach.com/en/industrial-optics/lenses/c-mount-lenses/jade/f2-8-25mm-c,merged_kv,C,1098480,C-Mount,25,F/2.8 ... F/16,- | 0.17,19.3,42,-0.2 ... 0,120 ... ∞,118,M30.5 x 0.5,-25 … +70,76,Max. chief ray angle in image space = 5.7°,25.61,-1.99,10.51,-11.43,2.04,10.74,-41.05,27.30,Xenon-Jade 2.8/25,,,,,,,,,,,,,,,,,,,,,,
Schneider-Kreuznach,fixed_focal,C-Mount Lenses (CITRINE/TURQUOISE/AQUAMARINE/OPAL/JADE/TOURMALINE/TOPAZ),schneider_cmount,JADE F2.8/25 mm C-Mount Ruggedized lens,https://schneiderkreuznach.com/en/industrial-optics/lenses/c-mount-lenses/jade/f2-8-25mm-c-ruggedized,merged_kv,C-R,1113244,C-Mount,25,F/2.8 ... F/16,- | 0.17,19.3,42,-0.2 ... 0,120 ... ∞,118,M30.5 x 0.5,-25 … +70,76,Max. chief ray angle in image space = 5.7°,25.61,-1.99,10.51,-11.43,2.04,10.74,-41.05,27.30,,,,,,,,,,,,,,,,,,,,,,,
Schneider-Kreuznach,fixed_focal,C-Mount Lenses (CITRINE/TURQUOISE/AQUAMARINE/OPAL/JADE/TOURMALINE/TOPAZ),schneider_cmount,JADE F2.8/35 mm C-Mount lens,https://schneiderkreuznach.com/en/industrial-optics/lenses/c-mount-lenses/jade/f2-8-35mm-c,merged_kv,C,1098000,C-Mount,35,F/2.8 ... F/22,- | 0.17,19.3,31,-0.2 ... 0,175 ... ∞,163,M30.5 x 0.5,-25 … +70,124,Max. chief ray angle in image space = 7.8°,35.00,-5.30,12.79,-15.33,1.70,15.30,-46.70,36.59,Xenon-Jade 2.8/35,,,,,,,,,,,,,,,,,,,,,,
Schneider-Kreuznach,fixed_focal,C-Mount Lenses (CITRINE/TURQUOISE/AQUAMARINE/OPAL/JADE/TOURMALINE/TOPAZ),schneider_cmount,JADE F2.8/35 mm C-Mount ruggedized lens,https://schneiderkreuznach.com/en/industrial-optics/lenses/c-mount-lenses/jade/f2-8-35mm-c-ruggedized,merged_kv,C-R,1107700,C-Mount,35,F/2.8 ... F/22,- | 0.17,19.3,31,-0.2 ... 0,175 ... ∞,163,M30.5 x 0.5,-25 … +70,124,Max. chief ray angle in image space = 7.8°,35.00,-5.30,12.79,-15.33,1.70,15.30,-46.70,,C-R,,,,,,,,,,,,,,,,,,,,,,
Schneider-Kreuznach,fixed_focal,C-Mount Lenses (CITRINE/TURQUOISE/AQUAMARINE/OPAL/JADE/TOURMALINE/TOPAZ),schneider_cmount,JADE F2.8/50 mm C-Mount lens,https://schneiderkreuznach.com/en/industrial-optics/lenses/c-mount-lenses/jade/f2-8-50mm-c,merged_kv,C,1098905,C-Mount,50,F/2.8 ... F/22,- | 0.17,19.3,22,-0.2 ... 0,270 ... ∞,240,M30.5 x 0.5,-25 … +70,169,Max. chief ray angle in image space = 9.6°,50.40,-24.06,28.24,-8.11,0.95,28.90,-19.73,40.39,Xenon-Jade 2.8/50,,,,,,,,,,,,,,,,,,,,,,
Schneider-Kreuznach,fixed_focal,C-Mount Lenses (CITRINE/TURQUOISE/AQUAMARINE/OPAL/JADE/TOURMALINE/TOPAZ),schneider_cmount,JADE F2.8/50 mm C-Mount ruggedized lens,https://schneiderkreuznach.com/en/industrial-optics/lenses/c-mount-lenses/jade/f2-8-50mm-c-ruggedized,merged_kv,C-R,1113037,C-Mount,50,F/2.8 ... F/22,- | 0.17,19.3,22,-0.2 ... 0,270 ... ∞,240,M30.5 x 0.5,-25 … +70,169,Max. chief ray angle in image space = 9.6°,50.40,-24.06,28.24,-8.11,0.95,28.90,-19.73,40.39,,,,,,,,,,,,,,,,,,,,,,,
Schneider-Kreuznach,fixed_focal,C-Mount Lenses (CITRINE/TURQUOISE/AQUAMARINE/OPAL/JADE/TOURMALINE/TOPAZ),schneider_cmount,TOURMALINE F2.8/16 mm C-Mount lens,https://schneiderkreuznach.com/en/industrial-optics/lenses/c-mount-lenses/tourmaline/f2-8-16mm-c,merged_kv,C,1084232,C-Mount,16,F/2.8 ... F/16,- | 0.17,24,72,-0.1 ... 0,150 ... ∞,46,M49 x 0.75 (with additional filter holder),-25 … +70,204,-,16.37,13.14,17.93,38.42,3.43,17.92,-38.16,66.36,Apo-Xenoplan 2.8/16,,,,,,,,,,,,,,,,,,,,,,
Schneider-Kreuznach,fixed_focal,C-Mount Lenses (CITRINE/TURQUOISE/AQUAMARINE/OPAL/JADE/TOURMALINE/TOPAZ),schneider_cmount,TOURMALINE F2.8/16 mm TFL-Mount lens,https://schneiderkreuznach.com/en/industrial-optics/lenses/c-mount-lenses/tourmaline/f2-8-16mm-tfl,merged_kv,TFL,1098691,TFL-Mount,16,F/2.8 ... F/16,- | 0.17,24,72,-0.1 ... 0,150 ... ∞,46,M49 x 0.75 (with additional filter holder),-25 … +70,204,-,16.37,13.14,17.93,38.42,3.43,17.92,-38.16,66.36,Apo-Xenoplan 2.8/16,,,,,,,,,,,,,,,,,,,,,,
Schneider-Kreuznach,fixed_focal,C-Mount Lenses (CITRINE/TURQUOISE/AQUAMARINE/OPAL/JADE/TOURMALINE/TOPAZ),schneider_cmount,TOURMALINE F2.0/20 mm C-Mount lens,https://schneiderkreuznach.com/en/industrial-optics/lenses/c-mount-lenses/tourmaline/f2-0-20mm-c,merged_kv,C,1056472,C-Mount,20,F/2 ... F/16,- | 0.24,24,61,-0.1 ... 0,194 ... ∞,194,M35.5 x 0.5,-25 … +70,450,-,20.52,-5.62,24.18,23.19,2.97,12.53,-36.75,45.68,Apo-Xenoplan 2.0/20,,,,,,,,,,,,,,,,,,,,,,
Schneider-Kreuznach,fixed_focal,C-Mount Lenses (CITRINE/TURQUOISE/AQUAMARINE/OPAL/JADE/TOURMALINE/TOPAZ),schneider_cmount,TOURMALINE F2.0/20 mm TFL-Mount lens,https://schneiderkreuznach.com/en/industrial-optics/lenses/c-mount-lenses/tourmaline/f2-0-20mm-tfl,merged_kv,TFL,1098778,TFL-Mount,20,F/2 ... F/16,- | 0.24,24,61,-0.1 ... 0,194 ... ∞,194,M35.5 x 0.5,-25 … +70,450,-,20.52,-5.62,24.18,23.19,2.97,12.53,-36.75,45.68,Apo-Xenoplan 2.0/20,,,,,,,,,,,,,,,,,,,,,,
Schneider-Kreuznach,fixed_focal,C-Mount Lenses (CITRINE/TURQUOISE/AQUAMARINE/OPAL/JADE/TOURMALINE/TOPAZ),schneider_cmount,TOURMALINE F2.8/20 mm C-Mount LD lens,https://schneiderkreuznach.com/en/industrial-optics/lenses/c-mount-lenses/tourmaline/f2-8-20mm-c-ld,merged_kv,C,1107787,C-Mount,20,F/2.8 ... F/22,- | 0.17,24,61,-0.05 ... 0,396 ... ∞,90,M34 x 0.5,-25 … +70,154,-,20.52,-5.62,24.18,23.19,3.03,12.39,-38.03,45.68,,,,,,,,,,,,,,,,,,,,,,,
Schneider-Kreuznach,fixed_focal,C-Mount Lenses (CITRINE/TURQUOISE/AQUAMARINE/OPAL/JADE/TOURMALINE/TOPAZ),schneider_cmount,TOURMALINE F2.8/20 mm C-Mount SD lens,https://schneiderkreuznach.com/en/industrial-optics/lenses/c-mount-lenses/tourmaline/f2-8-20mm-c-sd,merged_kv,C,1107770,C-Mount,20,F/2.8 ... F/22,- | 0.17,24,61,-0.10 ... -0.03,191 ... 669,90,M34 x 0.5,-25 … +70,154,-,20.51,-5.47,24.18,23.16,2.97,12.39,-36.68,45.48,,,,,,,,,,,,,,,,,,,,,,,
Schneider-Kreuznach,fixed_focal,C-Mount Lenses (CITRINE/TURQUOISE/AQUAMARINE/OPAL/JADE/TOURMALINE/TOPAZ),schneider_cmount,TOURMALINE F2.0/24 mm C-Mount lens,https://schneiderkreuznach.com/en/industrial-optics/lenses/c-mount-lenses/tourmaline/f2-0-24mm-c,merged_kv,C,1071371,C-Mount,24,F/2 ... F/16,- | 0.24,24,52,-0.2 ... 0,111 ... ∞,108,M37 x 0.75,-25 … +70,120,-,24.51,0.86,17.73,-5.73,1.94,13.51,-29.77,26.42,Apo-Xenoplan 2.0/24,,,,,,,,,,,,,,,,,,,,,,
Schneider-Kreuznach,fixed_focal,C-Mount Lenses (CITRINE/TURQUOISE/AQUAMARINE/OPAL/JADE/TOURMALINE/TOPAZ),schneider_cmount,TOURMALINE F2.0/24 mm TFL-Mount lens,https://schneiderkreuznach.com/en/industrial-optics/lenses/c-mount-lenses/tourmaline/f2-0-24mm-tfl,merged_kv,TFL,1098692,TFL-Mount,24,F/2 ... F/16,- | 0.24,24,52,-0.2 ... 0,111 ... ∞,108,M37 x 0.75,-25 … +70,120,-,24.51,0.86,17.73,-5.73,1.94,13.51,-29.77,26.42,Apo-Xenoplan 2.0/24,,,,,,,,,,,,,,,,,,,,,,
Schneider-Kreuznach,fixed_focal,C-Mount Lenses (CITRINE/TURQUOISE/AQUAMARINE/OPAL/JADE/TOURMALINE/TOPAZ),schneider_cmount,TOURMALINE F2.0/24 mm C-Mount lens with motorized iris,https://schneiderkreuznach.com/en/industrial-optics/lenses/c-mount-lenses/tourmaline/f2-0-24mm-c-motorized-iris,merged_kv,C-MI,1076613,C-Mount,24,F/2 ... F/16,- | 0.24,24,52,-0.2 ... 0,111 ... ∞,108,M37 x 0.75,-25 … +70,164,-,24.51,0.86,17.73,-5.73,1.94,13.51,-29.77,26.42,Apo-Xenoplan-M 2.0/24,Data,"2 phase, bipolar stepper motor",21 Ohm,≤ 143 mA/Phase,3 V,1.8 mH/phase @ 1 kHz,400 Hz,Lemo Santoprene 2 x 2 x 0.14 mm² black,300 mm,JEITA E4-191J-100,0°C to +50°C,-25°C to +70°C,> 100.000 cycles,,,,,,,,,
Schneider-Kreuznach,fixed_focal,C-Mount Lenses (CITRINE/TURQUOISE/AQUAMARINE/OPAL/JADE/TOURMALINE/TOPAZ),schneider_cmount,TOURMALINE F2.0/35 mm C-Mount lens,https://schneiderkreuznach.com/en/industrial-optics/lenses/c-mount-lenses/tourmaline/f2-0-35mm-c,merged_kv,C,1006219,C-Mount,35,F/2 ... F/22,- | 0.24,24,38,-0.2 ... 0,168 ... ∞,160,M37 x 0.75,-25 … +70,160,-,35.08,1.63,25.18,-8.38,1.98,19.34,-44.29,38.22,Apo-Xenoplan 2.0/35,,,,,,,,,,,,,,,,,,,,,,
Schneider-Kreuznach,fixed_focal,C-Mount Lenses (CITRINE/TURQUOISE/AQUAMARINE/OPAL/JADE/TOURMALINE/TOPAZ),schneider_cmount,TOURMALINE F2.0/35 mm C-Mount lens with motorized iris,https://schneiderkreuznach.com/en/industrial-optics/lenses/c-mount-lenses/tourmaline/f2-0-35mm-c-motorized-iris,merged_kv,C-MI,1076612,C-Mount,35,F/2 ... F/22,- | 0.24,24,38,-0.2 ... 0,168 ... ∞,160,M37 x 0.75,-25 … +70,204,-,35.08,1.63,25.18,-8.38,1.98,19.34,-44.29,38.22,Apo-Xenoplan-M 2.0/35,Data,"2 phase, bipolar stepper motor",21 Ohm,≤ 143 mA/Phase,3 V,1.8 mH/phase @ 1 kHz,400 Hz,Lemo Santoprene 2 x 2 x 0.14 mm² black,300 mm,JEITA E4-191J-100,0°C to +50°C,-25°C to +70°C,> 100.000 cycles,,,,,,,,,
Schneider-Kreuznach,fixed_focal,C-Mount Lenses (CITRINE/TURQUOISE/AQUAMARINE/OPAL/JADE/TOURMALINE/TOPAZ),schneider_cmount,TOURMALINE F2.0/35 mm TFL-Mount lens,https://schneiderkreuznach.com/en/industrial-optics/lenses/c-mount-lenses/tourmaline/f2-0-35mm-tfl,merged_kv,TFL,1098690,TFL-Mount,35,F/2 ... F/22,- | 0.24,24,38,-0.2 ... 0,168 ... ∞,160,M37 x 0.75,-25 … +70,160,-,35.08,1.63,25.18,-8.38,1.98,19.34,-44.29,38.22,Apo-Xenoplan 2.0/35,,,,,,,,,,,,,,,,,,,,,,
Schneider-Kreuznach,fixed_focal,C-Mount Lenses (CITRINE/TURQUOISE/AQUAMARINE/OPAL/JADE/TOURMALINE/TOPAZ),schneider_cmount,TOURMALINE F2.8/40 mm C-Mount lens,https://schneiderkreuznach.com/en/industrial-optics/lenses/c-mount-lenses/tourmaline/f2-8-40mm-c,merged_kv,C,1101717,C-Mount,40,F/2.8 ... F/22,- | 0.17,24,32,-0.5 ... 0,103 ... ∞,212,M30.5 x 0.5,-25 … +70,103,-,41.52,-24.53,27.84,-2.19,1.05,15.04,-15.72,28.47,Xenoplan 2.8/40,,,,,,,,,,,,,,,,,,,,,,
Schneider-Kreuznach,fixed_focal,C-Mount Lenses (CITRINE/TURQUOISE/AQUAMARINE/OPAL/JADE/TOURMALINE/TOPAZ),schneider_cmount,TOURMALINE F4.0/45 mm C-Mount lens,https://schneiderkreuznach.com/en/industrial-optics/lenses/c-mount-lenses/tourmaline/f4-0-45mm-c,merged_kv,C,1101715,C-Mount,45,F/4 ... F/22,- | 0.12,24,29,-0.5 ... 0,120 ... ∞,270,M30.5 x 0.5,-25 … +70,100,-,46.78,-33.43,35.85,-1.79,1.02,12.26,-12.06,22.50,Xenoplan 4.0/45,,,,,,,,,,,,,,,,,,,,,,
Schneider-Kreuznach,fixed_focal,C-Mount Lenses (CITRINE/TURQUOISE/AQUAMARINE/OPAL/JADE/TOURMALINE/TOPAZ),schneider_cmount,TOURMALINE F2.8/50 mm C-Mount lens,https://schneiderkreuznach.com/en/industrial-optics/lenses/c-mount-lenses/tourmaline/f2-8-50mm-c,merged_kv,C,1001976,C-Mount,50,F/2.8 ... F/32,- | 0.17,24,27,-0.5 ... 0,131 ... ∞,366,M30.5 x 0.5,-25 … +70,111,-,50.15,-33.61,31.68,-3.07,0.94,19.56,-15.61,31.93,Xenoplan 2.8/50,,,,,,,,,,,,,,,,,,,,,,
Schneider-Kreuznach,fixed_focal,C-Mount Lenses (CITRINE/TURQUOISE/AQUAMARINE/OPAL/JADE/TOURMALINE/TOPAZ),schneider_cmount,TOURMALINE F2.8/50 mm C-Mount ruggedized lens,https://schneiderkreuznach.com/en/industrial-optics/lenses/c-mount-lenses/tourmaline/f2-8-50mm-c-ruggedized,merged_kv,C-R,1062882,C-Mount,50,F/2.8 ... F/32,- | 0.17,24,27,-0.5 ... 0,131 ... ∞,366,M30.5 x 0.5,-25 … +70,135,-,50.15,-33.61,31.68,-3.07,0.94,19.56,-15.61,31.93,Xenoplan 2.8/50,,,,,,,,,,,,,,,,,,,,,,
Schneider-Kreuznach,fixed_focal,C-Mount Lenses (CITRINE/TURQUOISE/AQUAMARINE/OPAL/JADE/TOURMALINE/TOPAZ),schneider_cmount,TOURMALINE F2.8/50 mm C-Mount lens with motorized iris,https://schneiderkreuznach.com/en/industrial-optics/lenses/c-mount-lenses/tourmaline/f2-8-50mm-c-motorized-iris,merged_kv,C-MI,1076168,C-Mount,50,F/2.8 ... F/32,- | 0.17,24,27,-0.5 ... 0,131 ... ∞,366,M30.5 x 0.5,-25 … +70,179,-,50.15,-33.61,31.68,-3.07,0.94,19.56,-15.61,31.93,Xenoplan-M 2.8/50,Data,"2 phase, bipolar stepper motor",21 Ohm,≤ 143 mA/Phase,3 V,1.8 mH/phase @ 1 kHz,400 Hz,Lemo Santoprene 2 x 2 x 0.14 mm² black,300 mm,JEITA E4-191J-100,0°C to +50°C,-25°C to +70°C,> 100.000 cycles,,,,,,,,,
Schneider-Kreuznach,fixed_focal,C-Mount Lenses (CITRINE/TURQUOISE/AQUAMARINE/OPAL/JADE/TOURMALINE/TOPAZ),schneider_cmount,TOURMALINE F2.8/50 mm TFL-Mount lens,https://schneiderkreuznach.com/en/industrial-optics/lenses/c-mount-lenses/tourmaline/f2-8-50mm-tfl,merged_kv,TFL,1098689,TFL-Mount,50,F/2.8 ... F/32,- | 0.17,24,27,-0.5 ... 0,131 ... ∞,366,M30.5 x 0.5,-25 … +70,135,-,50.15,-33.61,31.68,-3.07,0.94,19.56,-15.61,31.93,Xenoplan 2.8/50,,,,,,,,,,,,,,,,,,,,,,
Schneider-Kreuznach,fixed_focal,C-Mount Lenses (CITRINE/TURQUOISE/AQUAMARINE/OPAL/JADE/TOURMALINE/TOPAZ),schneider_cmount,TOURMALINE F4.0/60 mm C-Mount lens,https://schneiderkreuznach.com/en/industrial-optics/lenses/c-mount-lenses/tourmaline/f4-0-60mm-c,merged_kv,C,1101716,C-Mount,60,F/4 ... F/22,- | 0.12,24,23,-0.5 ... 0,162 ... ∞,222,M30.5 x 0.5,-25 … +70,135,-,60.08,-47.23,40.93,-1.89,0.97,14.64,-17.39,30.09,Xenoplan 4.0/60,,,,,,,,,,,,,,,,,,,,,,
Schneider-Kreuznach,fixed_focal,C-Mount Lenses (CITRINE/TURQUOISE/AQUAMARINE/OPAL/JADE/TOURMALINE/TOPAZ),schneider_cmount,TOPAZ 2.4/6.5 C-Mount lens,https://schneiderkreuznach.com/en/industrial-optics/lenses/c-mount-lenses/topaz/f2-4-6-5mm-c,merged_kv,C,1088899,C-Mount,6.5,F/2.4 ... F/16,- | 0.20,17.6,114,-0.1 ... 0,51 ... ∞,0,M82 x 0.75 (with additional filter holder),-25 … +70,165,-,6.49,-13.74,11.24,38.64,4.19,15.28,-15.95,54.11,Xenon-Topaz 2.4/6.5,,,,,,,,,,,,,,,,,,,,,,
Schneider-Kreuznach,fixed_focal,C-Mount Lenses (CITRINE/TURQUOISE/AQUAMARINE/OPAL/JADE/TOURMALINE/TOPAZ),schneider_cmount,TOPAZ 2.4/6.5 C-Mount motorized lens,https://schneiderkreuznach.com/en/industrial-optics/lenses/c-mount-lenses/topaz/f2-4-6-5mm-c-motorized-iris,merged_kv,,,C-Mount,6.5,,- | 0.20,,,,,,M82 x 0.75 (with additional filter holder),-25 … +70,,-,6.49,-13.74,11.24,38.64,4.19,15.28,-15.95,54.11,Xenon-Topaz 2.4/6.5,Data,"2 phase, bipolar stepper motor",21 Ohm,≤ 143 mA/Phase,3 V,1.8 mH/phase @ 1 kHz,400 Hz,Lemo Santoprene 2 x 2 x 0.14 mm² black,300 mm,JEITA E4-191J-100,0°C to +50°C,-25°C to +70°C,> 100.000 cycles,C-MI,1100923,F/2.4 ... F/16,17.6,114,-0.1 ... 0,51 ... ∞,0,225
Schneider-Kreuznach,fixed_focal,C-Mount Lenses (CITRINE/TURQUOISE/AQUAMARINE/OPAL/JADE/TOURMALINE/TOPAZ),schneider_cmount,TOPAZ 2.4/6.5 C-Mount ruggedized lens,https://schneiderkreuznach.com/en/industrial-optics/lenses/c-mount-lenses/topaz/f2-4-6-5mm-c-ruggedized,merged_kv,C-R,1106916,C-Mount,6.5,F/2.4 ... F/16,- | 0.20,17.6,114,-0.1 ... 0,51 ... ∞,0,M82 x 0.75 (with additional filter holder),-25 … +70,165,-,6.49,-13.74,11.24,38.64,4.19,15.28,-15.95,54.11,,,,,,,,,,,,,,,,,,,,,,,
Schneider-Kreuznach,fixed_focal,C-Mount Lenses (CITRINE/TURQUOISE/AQUAMARINE/OPAL/JADE/TOURMALINE/TOPAZ),schneider_cmount,TOPAZ 2.8/12 C-Mount lens,https://schneiderkreuznach.com/en/industrial-optics/lenses/c-mount-lenses/topaz/f2-8-12mm-c,merged_kv,C,1103137,C-Mount,12,F/2.8 ... F/22,- | 0.18,19.3,77,-0.02 ... 0,610 ... ∞,10,M62 x 0.75 (with additional filter holder),-25 … +70,167,-,12.50,16.59,14.89,27.52,3.44,20.22,-28.13,,,,,,,,,,,,,,,,,,,,,,,,
Schneider-Kreuznach,fixed_focal,C-Mount Lenses (CITRINE/TURQUOISE/AQUAMARINE/OPAL/JADE/TOURMALINE/TOPAZ),schneider_cmount,TOPAZ 2.8/12 C-Mount ruggedized lens,https://schneiderkreuznach.com/en/industrial-optics/lenses/c-mount-lenses/topaz/f2-8-12mm-c-ruggedized,merged_kv,C-R,1113245,C-Mount,12,F/2.8 ... F/22,- | 0.18,19.3,77,-0.02 ... 0,610 ... ∞,10,M62 x 0.75 (with additional filter holder),-25 … +70,167,-,12.50,16.59,14.89,27.52,3.44,20.22,-28.13,54.22,,,,,,,,,,,,,,,,,,,,,,,
Schneider-Kreuznach,fixed_focal,C-Mount Lenses (CITRINE/TURQUOISE/AQUAMARINE/OPAL/JADE/TOURMALINE/TOPAZ),schneider_cmount,TOPAZ 2.0/25 C-Mount lens,https://schneiderkreuznach.com/en/industrial-optics/lenses/c-mount-lenses/topaz/f2-0-25mm-c,merged_kv,C,1081347,C-Mount,25,F/2 ... F/16,- | 0.25,19.3,45,-0.1 ... 0,237 ... ∞,77,M30.5 x 0.5,-25 … +70,86,-,24.22,-4.26,11.88,-2.15,1.27,14.78,-18.92,30.14,Xenon-Topaz 2.0/25,,,,,,,,,,,,,,,,,,,,,,
Schneider-Kreuznach,fixed_focal,C-Mount Lenses (CITRINE/TURQUOISE/AQUAMARINE/OPAL/JADE/TOURMALINE/TOPAZ),schneider_cmount,TOPAZ 2.0/25 C-Mount motorized lens,https://schneiderkreuznach.com/en/industrial-optics/lenses/c-mount-lenses/topaz/f2-0-25mm-c-motorized-iris,merged_kv,,,C-Mount,25,,- | 0.25,,,,,,M30.5 x 0.5,-25 … +70,,-,24.22,-4.26,11.88,-2.15,1.27,14.78,-18.92,30.14,Xenon-Topaz 2.0/25,Data,"2 phase, bipolar stepper motor",21 Ohm,≤ 143 mA/Phase,3 V,1.8 mH/phase @ 1 kHz,400 Hz,Lemo Santoprene 2 x 2 x 0.14 mm² black,300 mm,JEITA E4-191J-100,0°C to +50°C,-25°C to +70°C,> 100.000 cycles,C-MI,1088585,F/2 ... F/16,19.3,45,-0.1 ... 0,237 ... ∞,77,146
Schneider-Kreuznach,fixed_focal,C-Mount Lenses (CITRINE/TURQUOISE/AQUAMARINE/OPAL/JADE/TOURMALINE/TOPAZ),schneider_cmount,TOPAZ 2.0/25 C-Mount ruggedized lens,https://schneiderkreuznach.com/en/industrial-optics/lenses/c-mount-lenses/topaz/f2-0-25mm-c-ruggedized,merged_kv,C-R,1112174,C-Mount,25,F/2 ... F/16,- | 0.25,19.3,45,-0.1 ... 0,237 ... ∞,77,M30.5 x 0.5,-25 … +70,86,-,24.22,-4.26,11.88,-2.15,1.27,14.78,-18.92,30.14,C-R,,,,,,,,,,,,,,,,,,,,,,
Schneider-Kreuznach,fixed_focal,C-Mount Lenses (CITRINE/TURQUOISE/AQUAMARINE/OPAL/JADE/TOURMALINE/TOPAZ),schneider_cmount,TOPAZ 2.0/30 C-Mount lens,https://schneiderkreuznach.com/en/industrial-optics/lenses/c-mount-lenses/topaz/f2-0-30mm-c,merged_kv,C,1078946,C-Mount,30,F/2 ... F/16,- | 0.25,19.3,37,-0.1 ... 0,295 ... ∞,120,M30.5 x 0.5,-25 … +70,87,-,29.99,-4.91,13.96,-11.95,1.37,17.05,-27.00,29.17,Xenon-Topaz 2.0/30,,,,,,,,,,,,,,,,,,,,,,
Schneider-Kreuznach,fixed_focal,C-Mount Lenses (CITRINE/TURQUOISE/AQUAMARINE/OPAL/JADE/TOURMALINE/TOPAZ),schneider_cmount,TOPAZ 2.0/30 C-Mount motorized lens,https://schneiderkreuznach.com/en/industrial-optics/lenses/c-mount-lenses/topaz/f2-0-30mm-c-motorized-iris,merged_kv,,,C-Mount,30,,- | 0.25,,,,,,M30.5 x 0.5,-25 … +70,,-,29.99,-4.91,13.96,-11.95,1.37,17.05,-27.00,29.17,Xenon-Topaz 2.0/30,Data,"2 phase, bipolar stepper motor",21 Ohm,≤ 143 mA/Phase,3 V,1.8 mH/phase @ 1 kHz,400 Hz,Lemo Santoprene 2 x 2 x 0.14 mm² black,300 mm,JEITA E4-191J-100,0°C to +50°C,-25°C to +70°C,> 100.000 cycles,C-MI,1084646,F/2 ... F/16,19.3,37,-0.1 ... 0,295 ... ∞,120,147
Schneider-Kreuznach,fixed_focal,C-Mount Lenses (CITRINE/TURQUOISE/AQUAMARINE/OPAL/JADE/TOURMALINE/TOPAZ),schneider_cmount,TOPAZ 2.0/30 C-Mount ruggedized lens,https://schneiderkreuznach.com/en/industrial-optics/lenses/c-mount-lenses/topaz/f2-0-30mm-c-ruggedized,merged_kv,C-R,1113247,C-Mount,30,F/2 ... F/16,- | 0.25,19.3,37,-0.1 ... 0,295 ... ∞,120,M30.5 x 0.5,-25 … +70,87,-,29.99,-4.91,13.96,-11.95,1.37,17.05,-27.00,29.17,C-R,,,,,,,,,,,,,,,,,,,,,,
Schneider-Kreuznach,fixed_focal,C-Mount Lenses (CITRINE/TURQUOISE/AQUAMARINE/OPAL/JADE/TOURMALINE/TOPAZ),schneider_cmount,TOPAZ 2.0/38 C-Mount lens,https://schneiderkreuznach.com/en/industrial-optics/lenses/c-mount-lenses/topaz/f2-0-38mm-c,merged_kv,C,1076930,C-Mount,38,F/2 ... F/16,- | 0.25,19.3,29,-0.1 ... 0,374 ... ∞,232,M30.5 x 0.5,-25 … +70,133,-,38.01,-0.67,17.92,-19.96,1.57,24.85,-41.82,38.80,Xenon-Topaz 2.0/38,,,,,,,,,,,,,,,,,,,,,,
Schneider-Kreuznach,fixed_focal,C-Mount Lenses (CITRINE/TURQUOISE/AQUAMARINE/OPAL/JADE/TOURMALINE/TOPAZ),schneider_cmount,TOPAZ 2.0/38 C-Mount motorized lens,https://schneiderkreuznach.com/en/industrial-optics/lenses/c-mount-lenses/topaz/f2-0-38mm-c-motorized-iris,merged_kv,,,C-Mount,38,,- | 0.25,,,,,,M30.5 x 0.5,-25 … +70,,-,38.01,-0.67,17.92,-19.96,1.57,24.85,-41.82,38.80,Xenon-Topaz 2.0/38,Data,"2 phase, bipolar stepper motor",21 Ohm,≤ 143 mA/Phase,3 V,1.8 mH/phase @ 1 kHz,400 Hz,Lemo Santoprene 2 x 2 x 0.14 mm² black,300 mm,JEITA E4-191J-100,0°C to +50°C,-25°C to +70°C,> 100.000 cycles,C-MI,1084666,F/2 ... F/16,19.3,29,-0.1 ... 0,374 ... ∞,232,193
Schneider-Kreuznach,fixed_focal,C-Mount Lenses (CITRINE/TURQUOISE/AQUAMARINE/OPAL/JADE/TOURMALINE/TOPAZ),schneider_cmount,TOPAZ 2.0/38 C-Mount ruggedized lens,https://schneiderkreuznach.com/en/industrial-optics/lenses/c-mount-lenses/topaz/f2-0-38mm-c-ruggedized,merged_kv,C-R,1105683,C-Mount,38,F/2 ... F/16,- | 0.25,19.3,29,-0.1 ... 0,374 ... ∞,232,M30.5 x 0.5,-25 … +70,133,-,38.01,-0.67,17.92,-19.96,1.57,24.85,-41.82,38.80,,,,,,,,,,,,,,,,,,,,,,,
Schneider-Kreuznach,fixed_focal,C-Mount Lenses (CITRINE/TURQUOISE/AQUAMARINE/OPAL/JADE/TOURMALINE/TOPAZ),schneider_cmount,TOPAZ 2.0/50 C-Mount lens,https://schneiderkreuznach.com/en/industrial-optics/lenses/c-mount-lenses/topaz/f2-0-50mm-c,merged_kv,C,1079220,C-Mount,50,F/2 ... F/16,- | 0.24,19.3,22,-0.1 ... 0,505 ... ∞,495,M30.5 x 0.5,-25 … +70,156,-,49.69,-12.62,23.22,-21.09,1.12,31.58,-32.64,42.45,Xenon-Topaz 2.0/50,,,,,,,,,,,,,,,,,,,,,,
Schneider-Kreuznach,fixed_focal,C-Mount Lenses (CITRINE/TURQUOISE/AQUAMARINE/OPAL/JADE/TOURMALINE/TOPAZ),schneider_cmount,TOPAZ 2.0/50 C-Mount motorized lens,https://schneiderkreuznach.com/en/industrial-optics/lenses/c-mount-lenses/topaz/f2-0-50mm-c-motorized-iris,merged_kv,,,C-Mount,50,,- | 0.24,,,,,,M30.5 x 0.5,-25 … +70,,-,49.69,-12.62,23.22,-21.09,1.12,31.58,-32.64,42.45,Xenon-Topaz 2.0/50,Data,"2 phase, bipolar stepper motor",21 Ohm,≤ 143 mA/Phase,3 V,1.8 mH/phase @ 1 kHz,400 Hz,Lemo Santoprene 2 x 2 x 0.14 mm² black,300 mm,JEITA E4-191J-100,0°C to +50°C,-25°C to +70°C,> 100.000 cycles,C-MI,1084649,F/2 ... F/16,19.3,22,-0.1 ... 0,505 ... ∞,495,216
Schneider-Kreuznach,fixed_focal,C-Mount Lenses (CITRINE/TURQUOISE/AQUAMARINE/OPAL/JADE/TOURMALINE/TOPAZ),schneider_cmount,TOPAZ 2.0/50 C-Mount ruggedized lens,https://schneiderkreuznach.com/en/industrial-optics/lenses/c-mount-lenses/topaz/f2-0-50mm-c-ruggedized,merged_kv,C-R,1103149,C-Mount,50,F/2 ... F/16,- | 0.24,19.3,22,-0.1 ... 0,505 ... ∞,495,M30.5 x 0.5,-25 … +70,156,-,49.69,-12.62,23.22,-21.09,1.12,31.58,-32.64,42.45,,,,,,,,,,,,,,,,,,,,,,,
