brand,lens_type,raw_category,target_key,model,_source_url,_table_index,_group,Coaxial,Mag,W.D. (mm),Resolution (um),N.A,Effective F/#,D.O.F (),Telecentricity (Degree),Optical distortion (%),Sensorsize,Mount
T-Optics,telecentric,Telecentric Lenses,toptics_telecentric,OTC0.4X-85-8,http://www.toptics.co.kr/design/subpage/sub2-1.asp?mode=view&id=49,toptics_row_1,OTC-Sensor Dia 9mm W.D. 65mm,X,0.4X,85,21.9,0.0153,13,6.5mm,0.03,0.03,8mm,C
T-Optics,telecentric,Telecentric Lenses,toptics_telecentric,OTC0.5X-65/C-9,http://www.toptics.co.kr/design/subpage/sub2-1.asp?mode=view&id=49,toptics_row_2,OTC-Sensor Dia 9mm W.D. 65mm,O,0.5X,65,18.8,0.0178,14,4.48mm,0.03,0.04,9mm,C
T-Optics,telecentric,Telecentric Lenses,toptics_telecentric,OTC0.8X-65/C-9,http://www.toptics.co.kr/design/subpage/sub2-1.asp?mode=view&id=49,toptics_row_3,OTC-Sensor Dia 9mm W.D. 65mm,O,0.8X,65,12.5,0.0268,14.9,1.86mm,0.03,0.03,9mm,C
T-Optics,telecentric,Telecentric Lenses,toptics_telecentric,OTC1.0X-65/C-9,http://www.toptics.co.kr/design/subpage/sub2-1.asp?mode=view&id=49,toptics_row_4,OTC-Sensor Dia 9mm W.D. 65mm,O,1.0X,65,12.5,0.0268,18.6,1.48mm,0.03,0.03,9mm,C
T-Optics,telecentric,Telecentric Lenses,toptics_telecentric,OTC1.5X-65/C-9,http://www.toptics.co.kr/design/subpage/sub2-1.asp?mode=view&id=49,toptics_row_5,OTC-Sensor Dia 9mm W.D. 65mm,O,1.5X,65,7,0.0477,15.7,558,0.05,0.06,9mm,C
T-Optics,telecentric,Telecentric Lenses,toptics_telecentric,OTC2.0X-65/C-9,http://www.toptics.co.kr/design/subpage/sub2-1.asp?mode=view&id=49,toptics_row_6,OTC-Sensor Dia 9mm W.D. 65mm,O,2.0X,65,5.2,0.0645,15.5,310,0.02,0.03,9mm,C
T-Optics,telecentric,Telecentric Lenses,toptics_telecentric,OTC3.0X-65/C-9,http://www.toptics.co.kr/design/subpage/sub2-1.asp?mode=view&id=49,toptics_row_7,OTC-Sensor Dia 9mm W.D. 65mm,O,3.0X,65,4.8,0.0697,21.5,191,0.05,0.03,9mm,C
T-Optics,telecentric,Telecentric Lenses,toptics_telecentric,OTC4.0X-65/C-9,http://www.toptics.co.kr/design/subpage/sub2-1.asp?mode=view&id=49,toptics_row_8,OTC-Sensor Dia 9mm W.D. 65mm,O,4.0X,65,4.4,0.0763,26.2,131,0.04,0.03,9mm,C
T-Optics,telecentric,Telecentric Lenses,toptics_telecentric,OTC5.0X-65/C-9,http://www.toptics.co.kr/design/subpage/sub2-1.asp?mode=view&id=49,toptics_row_9,OTC-Sensor Dia 9mm W.D. 65mm,O,5.0X,65,4.4,0.0757,33,105,0.04,0.04,9mm,C
T-Optics,telecentric,Telecentric Lenses,toptics_telecentric,OTC6.0X-65/C-9,http://www.toptics.co.kr/design/subpage/sub2-1.asp?mode=view&id=49,toptics_row_10,OTC-Sensor Dia 9mm W.D. 65mm,O,6.0X,65,4.4,0.0759,39.5,87,0.04,0.05,9mm,C
T-Optics,telecentric,Telecentric Lenses,toptics_telecentric,OTC8.0X-65/C-9,http://www.toptics.co.kr/design/subpage/sub2-1.asp?mode=view&id=49,toptics_row_11,OTC-Sensor Dia 9mm W.D. 65mm,O,8.0X,65,4.4,0.0761,52.5,65,0.03,0.04,9mm,C
T-Optics,telecentric,Telecentric Lenses,toptics_telecentric,OTC0.35X-110/C-8,http://www.toptics.co.kr/design/subpage/sub2-1.asp?mode=view&id=49,toptics_row_12,OTC-Sensor Dia 9mm W.D. 110mm,O,0.35X,110,21.3,0.0157,11.1,7.24mm,0.03,0.05,8mm,C
T-Optics,telecentric,Telecentric Lenses,toptics_telecentric,OTC0.37X-110/C-9,http://www.toptics.co.kr/design/subpage/sub2-1.asp?mode=view&id=49,toptics_row_13,OTC-Sensor Dia 9mm W.D. 110mm,O,0.37X,110,27,0.0124,14.9,8.7mm,0.05,0.09,9mm,C
T-Optics,telecentric,Telecentric Lenses,toptics_telecentric,OTC0.5X-110/C-9,http://www.toptics.co.kr/design/subpage/sub2-1.asp?mode=view&id=49,toptics_row_14,OTC-Sensor Dia 9mm W.D. 110mm,O,0.5X,110,19.5,0.0172,14.5,4.6mm,0.03,0.04,9mm,C
T-Optics,telecentric,Telecentric Lenses,toptics_telecentric,OTC0.8X-110/C-9,http://www.toptics.co.kr/design/subpage/sub2-1.asp?mode=view&id=49,toptics_row_15,OTC-Sensor Dia 9mm W.D. 110mm,O,0.8X,110,12.5,0.0268,14.9,1.86mm,0.05,0.05,9mm,C
T-Optics,telecentric,Telecentric Lenses,toptics_telecentric,OTC1.0X-112/C-9,http://www.toptics.co.kr/design/subpage/sub2-1.asp?mode=view&id=49,toptics_row_16,OTC-Sensor Dia 9mm W.D. 110mm,O,1.0X,112,13.9,0.0241,20.7,1.65mm,0.03,0.03,9mm,C
T-Optics,telecentric,Telecentric Lenses,toptics_telecentric,OTC2.0X-110/C-9,http://www.toptics.co.kr/design/subpage/sub2-1.asp?mode=view&id=49,toptics_row_17,OTC-Sensor Dia 9mm W.D. 110mm,O,2.0X,110,7.5,0.0448,22.3,446,0.03,0.03,9mm,C
T-Optics,telecentric,Telecentric Lenses,toptics_telecentric,OTC2.4X-109/C-9,http://www.toptics.co.kr/design/subpage/sub2-1.asp?mode=view&id=49,toptics_row_18,OTC-Sensor Dia 9mm W.D. 110mm,O,2.4X,109,7.5,0.045,26.6,369,0.04,0.05,9mm,C
T-Optics,telecentric,Telecentric Lenses,toptics_telecentric,OTC3.0X-110/C-9,http://www.toptics.co.kr/design/subpage/sub2-1.asp?mode=view&id=49,toptics_row_19,OTC-Sensor Dia 9mm W.D. 110mm,O,3.0X,110,6.1,0.0547,27.4,243,0.03,0.14,9mm,C
T-Optics,telecentric,Telecentric Lenses,toptics_telecentric,OTC4.0X-110/C-9,http://www.toptics.co.kr/design/subpage/sub2-1.asp?mode=view&id=49,toptics_row_20,OTC-Sensor Dia 9mm W.D. 110mm,O,4.0X,110,5.6,0.0602,33.2,166,0.03,0.23,9mm,C
T-Optics,telecentric,Telecentric Lenses,toptics_telecentric,OTC5.0X-110/C-9,http://www.toptics.co.kr/design/subpage/sub2-1.asp?mode=view&id=49,toptics_row_21,OTC-Sensor Dia 9mm W.D. 110mm,O,5.0X,110,5.6,0.06,41.6,133,0.01,0.1,9mm,C
T-Optics,telecentric,Telecentric Lenses,toptics_telecentric,OTC6.0X-110/C-9,http://www.toptics.co.kr/design/subpage/sub2-1.asp?mode=view&id=49,toptics_row_22,OTC-Sensor Dia 9mm W.D. 110mm,O,6.0X,110,5.6,0.0601,49.9,110,0.03,0.05,9mm,C
T-Optics,telecentric,Telecentric Lenses,toptics_telecentric,OTC8.0X-110/C-9,http://www.toptics.co.kr/design/subpage/sub2-1.asp?mode=view&id=49,toptics_row_23,OTC-Sensor Dia 9mm W.D. 110mm,O,8.0X,110,5.5,0.061,65,81,0.03,0.02,9mm,C
T-Optics,telecentric,Telecentric Lenses,toptics_telecentric,OTC0.45X-80/C-11,http://www.toptics.co.kr/design/subpage/sub2-1.asp?mode=view&id=59,toptics_row_1,OTC-Sensor Dia 11mm W.D. 65mm,O,0.45X,80,14.9,0.0225,10,3.95mm,0.04,0.14,11mm,C
T-Optics,telecentric,Telecentric Lenses,toptics_telecentric,OTC0.47X-75/C-11,http://www.toptics.co.kr/design/subpage/sub2-1.asp?mode=view&id=59,toptics_row_2,OTC-Sensor Dia 11mm W.D. 65mm,O,0.47X,75,11.8,0.0283,8.3,3mm,0.04,0.25,11mm,C
T-Optics,telecentric,Telecentric Lenses,toptics_telecentric,OTC0.5X-65/C-11,http://www.toptics.co.kr/design/subpage/sub2-1.asp?mode=view&id=59,toptics_row_3,OTC-Sensor Dia 11mm W.D. 65mm,O,0.5X,65,11,0.0304,8.2,2.62mm,0.04,0.03,11mm,C
T-Optics,telecentric,Telecentric Lenses,toptics_telecentric,OTC0.8X-65/C-11,http://www.toptics.co.kr/design/subpage/sub2-1.asp?mode=view&id=59,toptics_row_4,OTC-Sensor Dia 11mm W.D. 65mm,O,0.8X,65,6.8,0.0493,8.1,1.01mm,0.03,0.09,11mm,C
T-Optics,telecentric,Telecentric Lenses,toptics_telecentric,OTC1.0X-65/C-11,http://www.toptics.co.kr/design/subpage/sub2-1.asp?mode=view&id=59,toptics_row_5,OTC-Sensor Dia 11mm W.D. 65mm,O,1.0X,65,6.8,0.0495,10.1,808,0.02,0.16,11mm,C
T-Optics,telecentric,Telecentric Lenses,toptics_telecentric,OTC1.5X-65/C-11,http://www.toptics.co.kr/design/subpage/sub2-1.asp?mode=view&id=59,toptics_row_6,OTC-Sensor Dia 11mm W.D. 65mm,O,1.5X,65,4.8,0.07,10.7,380,0.03,0.07,11mm,C
T-Optics,telecentric,Telecentric Lenses,toptics_telecentric,OTC1.7X-70/C-11,http://www.toptics.co.kr/design/subpage/sub2-1.asp?mode=view&id=59,toptics_row_7,OTC-Sensor Dia 11mm W.D. 65mm,O,1.7X,70,5.9,0.0566,15,414,0.04,0.12,11mm,C
T-Optics,telecentric,Telecentric Lenses,toptics_telecentric,OTC2.0X-65/C-11,http://www.toptics.co.kr/design/subpage/sub2-1.asp?mode=view&id=59,toptics_row_8,OTC-Sensor Dia 11mm W.D. 65mm,O,2.0X,65,4.6,0.0735,13.6,272,0.05,0.03,11mm,C
T-Optics,telecentric,Telecentric Lenses,toptics_telecentric,OTC2.4X-63/C-11,http://www.toptics.co.kr/design/subpage/sub2-1.asp?mode=view&id=59,toptics_row_9,OTC-Sensor Dia 11mm W.D. 65mm,O,2.4X,63,4.8,0.07,17.2,238,0.015,0.1,11mm,C
T-Optics,telecentric,Telecentric Lenses,toptics_telecentric,OTC3.0X-65/C-11,http://www.toptics.co.kr/design/subpage/sub2-1.asp?mode=view&id=59,toptics_row_10,OTC-Sensor Dia 11mm W.D. 65mm,O,3.0X,65,4.8,0.07,21.3,189,0.04,0.23,11mm,C
T-Optics,telecentric,Telecentric Lenses,toptics_telecentric,OTC4.0X-65/C-11,http://www.toptics.co.kr/design/subpage/sub2-1.asp?mode=view&id=59,toptics_row_11,OTC-Sensor Dia 11mm W.D. 65mm,O,4.0X,65,3,0.1104,18.1,90,0.05,0.03,11mm,C
T-Optics,telecentric,Telecentric Lenses,toptics_telecentric,OTC5.0X-65/C-11,http://www.toptics.co.kr/design/subpage/sub2-1.asp?mode=view&id=59,toptics_row_12,OTC-Sensor Dia 11mm W.D. 65mm,O,5.0X,65,4.5,0.074,33.5,107,0.04,0.22,11mm,C
T-Optics,telecentric,Telecentric Lenses,toptics_telecentric,OTC6.0X-65/C-11,http://www.toptics.co.kr/design/subpage/sub2-1.asp?mode=view&id=59,toptics_row_13,OTC-Sensor Dia 11mm W.D. 65mm,O,6.0X,65,3,0.1107,27.1,60,0.05,0.03,11mm,C
T-Optics,telecentric,Telecentric Lenses,toptics_telecentric,OTC8.0X-65/C-11,http://www.toptics.co.kr/design/subpage/sub2-1.asp?mode=view&id=59,toptics_row_14,OTC-Sensor Dia 11mm W.D. 65mm,O,8.0X,65,3.2,0.105,38,47,0.02,0.22,11mm,C
T-Optics,telecentric,Telecentric Lenses,toptics_telecentric,OTC10.0X-45/C-11,http://www.toptics.co.kr/design/subpage/sub2-1.asp?mode=view&id=59,toptics_row_15,OTC-Sensor Dia 11mm W.D. 65mm,O,10.0X,45,2.4,0.14,35.7,28,0.05,0.13,11mm,C
T-Optics,telecentric,Telecentric Lenses,toptics_telecentric,OTC12.0X-45/C-11,http://www.toptics.co.kr/design/subpage/sub2-1.asp?mode=view&id=59,toptics_row_16,OTC-Sensor Dia 11mm W.D. 65mm,O,12.0X,45,2.23,0.15,40,22,0.05,0.11,11mm,C
T-Optics,telecentric,Telecentric Lenses,toptics_telecentric,OTC0.479X-120/C-11,http://www.toptics.co.kr/design/subpage/sub2-1.asp?mode=view&id=59,toptics_row_17,OTC-Sensor Dia 11mm W.D. 110mm,O,0.479X,120,11,0.016,15,5.23mm,0.05,0.25,11mm,C
T-Optics,telecentric,Telecentric Lenses,toptics_telecentric,OTC0.5X-110/C-11,http://www.toptics.co.kr/design/subpage/sub2-1.asp?mode=view&id=59,toptics_row_18,OTC-Sensor Dia 11mm W.D. 110mm,O,0.5X,110,14.8,0.0227,11,3.52mm,0.03,0.03,11mm,C
T-Optics,telecentric,Telecentric Lenses,toptics_telecentric,OTC0.55X-96/C-11,http://www.toptics.co.kr/design/subpage/sub2-1.asp?mode=view&id=59,toptics_row_19,OTC-Sensor Dia 11mm W.D. 110mm,O,0.55X,96,14.6,0.0229,12,3.17mm,0.04,0.22,11mm,C
T-Optics,telecentric,Telecentric Lenses,toptics_telecentric,OTC0.65X-117/C-11,http://www.toptics.co.kr/design/subpage/sub2-1.asp?mode=view&id=59,toptics_row_20,OTC-Sensor Dia 11mm W.D. 110mm,O,0.65X,117,10.3,0.0325,10,1.88mm,0.05,0.05,11mm,C
T-Optics,telecentric,Telecentric Lenses,toptics_telecentric,OTC0.67X-115/C-11,http://www.toptics.co.kr/design/subpage/sub2-1.asp?mode=view&id=59,toptics_row_21,OTC-Sensor Dia 11mm W.D. 110mm,O,0.67X,115,10,0.0334,10,1.78mm,0.06,0.05,11mm,C
T-Optics,telecentric,Telecentric Lenses,toptics_telecentric,OTC0.7X-110/C-11,http://www.toptics.co.kr/design/subpage/sub2-1.asp?mode=view&id=59,toptics_row_22,OTC-Sensor Dia 11mm W.D. 110mm,O,0.7X,110,9.6,0.035,10,1.6mm,0.03,0.03,11mm,C
T-Optics,telecentric,Telecentric Lenses,toptics_telecentric,OTC0.73X-110/C-11,http://www.toptics.co.kr/design/subpage/sub2-1.asp?mode=view&id=59,toptics_row_23,OTC-Sensor Dia 11mm W.D. 110mm,O,0.73X,104,9.2,0.0288,10,1.6mm,0.03,0.03,11mm,C
T-Optics,telecentric,Telecentric Lenses,toptics_telecentric,OTC0.75X-100/C-11,http://www.toptics.co.kr/design/subpage/sub2-1.asp?mode=view&id=59,toptics_row_24,OTC-Sensor Dia 11mm W.D. 110mm,O,0.75X,100,11.6,0.0288,13,1.84mm,0.04,0.03,11mm,C
T-Optics,telecentric,Telecentric Lenses,toptics_telecentric,OTC0.8X-110/C-11,http://www.toptics.co.kr/design/subpage/sub2-1.asp?mode=view&id=59,toptics_row_25,OTC-Sensor Dia 11mm W.D. 110mm,O,0.8X,110,11.1,0.0303,13.2,1.65mm,0.02,0.05,11mm,C
T-Optics,telecentric,Telecentric Lenses,toptics_telecentric,OTC0.84X-110/C-11,http://www.toptics.co.kr/design/subpage/sub2-1.asp?mode=view&id=59,toptics_row_26,OTC-Sensor Dia 11mm W.D. 110mm,O,0.84X,110,12.8,0.0262,16,1.81mm,0.08,0.08,11mm,C
T-Optics,telecentric,Telecentric Lenses,toptics_telecentric,OTC1.0X-110/C-11,http://www.toptics.co.kr/design/subpage/sub2-1.asp?mode=view&id=59,toptics_row_27,OTC-Sensor Dia 11mm W.D. 110mm,O,1.0X,110,6.8,0.0495,10.1,808,0.03,0.05,11mm,C
T-Optics,telecentric,Telecentric Lenses,toptics_telecentric,OTC1.2X-100/C-11,http://www.toptics.co.kr/design/subpage/sub2-1.asp?mode=view&id=59,toptics_row_28,OTC-Sensor Dia 11mm W.D. 110mm,O,1.2X,100,8.4,0.04,15,833,0.03,0.05,11mm,C
T-Optics,telecentric,Telecentric Lenses,toptics_telecentric,OTC1.5X-110/C-11,http://www.toptics.co.kr/design/subpage/sub2-1.asp?mode=view&id=59,toptics_row_29,OTC-Sensor Dia 11mm W.D. 110mm,O,1.5X,110,7,0.0477,15.7,558,0.03,0.03,11mm,C
T-Optics,telecentric,Telecentric Lenses,toptics_telecentric,OTC1.76X-106/C-11,http://www.toptics.co.kr/design/subpage/sub2-1.asp?mode=view&id=59,toptics_row_30,OTC-Sensor Dia 11mm W.D. 110mm,O,1.76X,106,7.6,0.044,20,516,0.03,0.05,11mm,C
T-Optics,telecentric,Telecentric Lenses,toptics_telecentric,OTC2.0X-110/C-11,http://www.toptics.co.kr/design/subpage/sub2-1.asp?mode=view&id=59,toptics_row_31,OTC-Sensor Dia 11mm W.D. 110mm,O,2.0X,110,4.4,0.0763,13.1,262,0.03,0.03,11mm,C
T-Optics,telecentric,Telecentric Lenses,toptics_telecentric,OTC3.0X-110/C-11,http://www.toptics.co.kr/design/subpage/sub2-1.asp?mode=view&id=59,toptics_row_32,OTC-Sensor Dia 11mm W.D. 110mm,O,3.0X,110,3.8,0.088,17,151,0.04,0.22,11mm,C
T-Optics,telecentric,Telecentric Lenses,toptics_telecentric,OTC4.0X-110/C-11,http://www.toptics.co.kr/design/subpage/sub2-1.asp?mode=view&id=59,toptics_row_33,OTC-Sensor Dia 11mm W.D. 110mm,O,4.0X,110,3.7,0.0896,22.3,111,0.03,0.03,11mm,C
T-Optics,telecentric,Telecentric Lenses,toptics_telecentric,OTC5.0X-110/C-11,http://www.toptics.co.kr/design/subpage/sub2-1.asp?mode=view&id=59,toptics_row_34,OTC-Sensor Dia 11mm W.D. 110mm,O,5.0X,110,3.7,0.09,27.8,88,0.03,0.18,11mm,C
T-Optics,telecentric,Telecentric Lenses,toptics_telecentric,OTC6.0X-110/C-11,http://www.toptics.co.kr/design/subpage/sub2-1.asp?mode=view&id=59,toptics_row_35,OTC-Sensor Dia 11mm W.D. 110mm,O,6.0X,110,3.7,0.0898,33.4,74,0.03,0.03,11mm,C
T-Optics,telecentric,Telecentric Lenses,toptics_telecentric,OTC8.0X-110/C-11,http://www.toptics.co.kr/design/subpage/sub2-1.asp?mode=view&id=59,toptics_row_36,OTC-Sensor Dia 11mm W.D. 110mm,O,8.0X,110,3.7,0.0898,44.5,55,0.03,0.19,11mm,C
T-Optics,telecentric,Telecentric Lenses,toptics_telecentric,OTC0.5X-65/C-HRP-11,http://www.toptics.co.kr/design/subpage/sub2-1.asp?mode=view&id=54,toptics_row_1,OTC-HRP Sensor Dia 11mm W.D. 65mm,O,0.5X,65,8.4,0.0396,6.3,1mm,0.04,0.03,11mm,C
T-Optics,telecentric,Telecentric Lenses,toptics_telecentric,OTC0.8X-65/C-HRP-11,http://www.toptics.co.kr/design/subpage/sub2-1.asp?mode=view&id=54,toptics_row_2,OTC-HRP Sensor Dia 11mm W.D. 65mm,O,0.8X,65,5.3,0.0634,6.3,393,0.03,0.09,11mm,C
T-Optics,telecentric,Telecentric Lenses,toptics_telecentric,OTC1.0X-65/C-HRP-11,http://www.toptics.co.kr/design/subpage/sub2-1.asp?mode=view&id=54,toptics_row_3,OTC-HRP Sensor Dia 11mm W.D. 65mm,O,1.0X,65,4.8,0.0694,7.2,288,0.02,0.16,11mm,C
T-Optics,telecentric,Telecentric Lenses,toptics_telecentric,OTC2.0X-65/C-HRP-11,http://www.toptics.co.kr/design/subpage/sub2-1.asp?mode=view&id=54,toptics_row_4,OTC-HRP Sensor Dia 11mm W.D. 65mm,O,2.0X,65,2.8,0.119,8.4,84,0.03,0.02,11mm,C
T-Optics,telecentric,Telecentric Lenses,toptics_telecentric,OTC4.0X-45/C-HRP-11,http://www.toptics.co.kr/design/subpage/sub2-1.asp?mode=view&id=54,toptics_row_5,OTC-HRP Sensor Dia 11mm W.D. 65mm,O,4.0X,45,2.2,0.15,13.3,33,0.05,0.03,11mm,C
T-Optics,telecentric,Telecentric Lenses,toptics_telecentric,BSTC0.157X-160-HRP-11,http://www.toptics.co.kr/design/subpage/sub2-1.asp?mode=view&id=54,toptics_row_6,OTC-HRP Sensor Dia 11mm W.D. 110mm,X,0.157X,160,32.3,0.0104,7.5,12.1mm,0.05,0.03,11mm,C
T-Optics,telecentric,Telecentric Lenses,toptics_telecentric,OTC0.23X-130-HRP-11,http://www.toptics.co.kr/design/subpage/sub2-1.asp?mode=view&id=54,toptics_row_7,OTC-HRP Sensor Dia 11mm W.D. 110mm,X,0.23X,130,21.5,0.0156,7.35,5.5mm,0.03,0.13,11mm,C
T-Optics,telecentric,Telecentric Lenses,toptics_telecentric,OTC0.3X-110/C-HRP-11,http://www.toptics.co.kr/design/subpage/sub2-1.asp?mode=view&id=54,toptics_row_8,OTC-HRP Sensor Dia 11mm W.D. 110mm,O,0.3X,110,15.6,0.0214,7,3.1mm,0.04,0.02,11mm,C
T-Optics,telecentric,Telecentric Lenses,toptics_telecentric,OTC0.3X-130/C-HRP-11,http://www.toptics.co.kr/design/subpage/sub2-1.asp?mode=view&id=54,toptics_row_9,OTC-HRP Sensor Dia 11mm W.D. 110mm,O,0.3X,130,15.4,0.0217,6.9,3mm,0.05,0.05,11mm,C
T-Optics,telecentric,Telecentric Lenses,toptics_telecentric,OTC0.3X-153/C-HRP-11,http://www.toptics.co.kr/design/subpage/sub2-1.asp?mode=view&id=54,toptics_row_10,OTC-HRP Sensor Dia 11mm W.D. 110mm,O,0.3X,153,16.8,0.02,7.5,3.3mm,0.05,0.05,11mm,C
T-Optics,telecentric,Telecentric Lenses,toptics_telecentric,OTC0.35X-120/C-HRP-11,http://www.toptics.co.kr/design/subpage/sub2-1.asp?mode=view&id=54,toptics_row_11,OTC-HRP Sensor Dia 11mm W.D. 110mm,O,0.35X,120,14.4,0.0233,7.5,2.4mm,0.05,0.03,11mm,C
T-Optics,telecentric,Telecentric Lenses,toptics_telecentric,OTC0.5X-110/C-HRP-11,http://www.toptics.co.kr/design/subpage/sub2-1.asp?mode=view&id=54,toptics_row_12,OTC-HRP Sensor Dia 11mm W.D. 110mm,O,0.5X,110,7.2,0.0462,5.4,864,0.02,0.02,11mm,C
T-Optics,telecentric,Telecentric Lenses,toptics_telecentric,OTC0.7X-110/C-HRP-11,http://www.toptics.co.kr/design/subpage/sub2-1.asp?mode=view&id=54,toptics_row_13,OTC-HRP Sensor Dia 11mm W.D. 110mm,O,0.7X,110,5.2,0.0648,5.4,440,0.02,0.02,11mm,C
T-Optics,telecentric,Telecentric Lenses,toptics_telecentric,OTC1.0X-110/C-HRP-11,http://www.toptics.co.kr/design/subpage/sub2-1.asp?mode=view&id=54,toptics_row_14,OTC-HRP Sensor Dia 11mm W.D. 110mm,O,1.0X,110,4.4,0.0757,6.6,264,0.03,0.03,11mm,C
T-Optics,telecentric,Telecentric Lenses,toptics_telecentric,OTC2.0X-110/C-HRP-11,http://www.toptics.co.kr/design/subpage/sub2-1.asp?mode=view&id=54,toptics_row_15,OTC-HRP Sensor Dia 11mm W.D. 110mm,O,2.0X,110,3.7,0.09,11.1,111,0.03,0.03,11mm,C
T-Optics,telecentric,Telecentric Lenses,toptics_telecentric,OTC5.0X-110/C-HRP-11,http://www.toptics.co.kr/design/subpage/sub2-1.asp?mode=view&id=54,toptics_row_16,OTC-HRP Sensor Dia 11mm W.D. 110mm,O,5.0X,110,3.2,0.104,24,38,0.03,0.03,11mm,C
T-Optics,telecentric,Telecentric Lenses,toptics_telecentric,OTC0.4X-140C-11,http://www.toptics.co.kr/design/subpage/sub2-1.asp?mode=view&id=56,toptics_row_1,OTC-Long W.D 150 & 170mm Series,O,0.4X,140,16.8,0.02,10,5mm,0.03,0.05,11mm,C
T-Optics,telecentric,Telecentric Lenses,toptics_telecentric,OTC0.44X-162/C-8,http://www.toptics.co.kr/design/subpage/sub2-1.asp?mode=view&id=56,toptics_row_2,OTC-Long W.D 150 & 170mm Series,O,0.44X,162,19.8,0.0169,13,5.37mm,0.03,0.04,8mm,C
T-Optics,telecentric,Telecentric Lenses,toptics_telecentric,OTC0.5X-156/C-9,http://www.toptics.co.kr/design/subpage/sub2-1.asp?mode=view&id=56,toptics_row_3,OTC-Long W.D 150 & 170mm Series,O,0.5X,156,17.5,0.0192,13,4.16mm,0.03,0.03,9mm,C
T-Optics,telecentric,Telecentric Lenses,toptics_telecentric,OTC0.8X-173/C-9,http://www.toptics.co.kr/design/subpage/sub2-1.asp?mode=view&id=56,toptics_row_4,OTC-Long W.D 150 & 170mm Series,O,0.8X,173,11.2,0.0298,13.4,1.67mm,0.04,0.07,9mm,C
T-Optics,telecentric,Telecentric Lenses,toptics_telecentric,OTC1.0X-156/C-9,http://www.toptics.co.kr/design/subpage/sub2-1.asp?mode=view&id=56,toptics_row_5,OTC-Long W.D 150 & 170mm Series,O,1.0X,156,8.8,0.0381,13.1,1.04mm,0.04,0.07,9mm,C
T-Optics,telecentric,Telecentric Lenses,toptics_telecentric,OTC1.2X-173/C-9,http://www.toptics.co.kr/design/subpage/sub2-1.asp?mode=view&id=56,toptics_row_6,OTC-Long W.D 150 & 170mm Series,O,1.2X,173,11.2,0.0298,20.1,1.11mm,0.04,0.13,9mm,C
T-Optics,telecentric,Telecentric Lenses,toptics_telecentric,OTC1.5X-156/C-9,http://www.toptics.co.kr/design/subpage/sub2-1.asp?mode=view&id=56,toptics_row_7,OTC-Long W.D 150 & 170mm Series,O,1.5X,156,8.9,0.0378,19.8,704,0.04,0.016,9mm,C
T-Optics,telecentric,Telecentric Lenses,toptics_telecentric,OTC1.6X-173/C-9,http://www.toptics.co.kr/design/subpage/sub2-1.asp?mode=view&id=56,toptics_row_8,OTC-Long W.D 150 & 170mm Series,O,1.6X,173,11.2,0.0298,26.8,837,0.04,0.18,9mm,C
T-Optics,telecentric,Telecentric Lenses,toptics_telecentric,OTC2.0X-156/C-9,http://www.toptics.co.kr/design/subpage/sub2-1.asp?mode=view&id=56,toptics_row_9,OTC-Long W.D 150 & 170mm Series,O,2.0X,156,8.8,0.0378,26.4,528,0.04,0.19,9mm,C
T-Optics,telecentric,Telecentric Lenses,toptics_telecentric,OTC3.0X-156/C-9,http://www.toptics.co.kr/design/subpage/sub2-1.asp?mode=view&id=56,toptics_row_10,OTC-Long W.D 150 & 170mm Series,O,3.0X,156,7.45,0.045,33,293,0.03,0.16,9mm,C
T-Optics,telecentric,Telecentric Lenses,toptics_telecentric,OTC0.58X-275/C-9,http://www.toptics.co.kr/design/subpage/sub2-1.asp?mode=view&id=56,toptics_row_11,OTC-Long W.D 200mm Series,O,0.58X,275,13.9,0.0241,12,2.85mm,0.03,0.06,9mm,C
T-Optics,telecentric,Telecentric Lenses,toptics_telecentric,OTC0.7X-233/C-11,http://www.toptics.co.kr/design/subpage/sub2-1.asp?mode=view&id=56,toptics_row_12,OTC-Long W.D 200mm Series,O,0.7X,223,9,0.0371,10,1.43mm,0.03,0.02,11mm,C
T-Optics,telecentric,Telecentric Lenses,toptics_telecentric,OTC0.75X-220/C-11,http://www.toptics.co.kr/design/subpage/sub2-1.asp?mode=view&id=56,toptics_row_13,OTC-Long W.D 200mm Series,O,0.75X,220,9.0,0.0371,10.1,1.43mm,0.03,0.02,11mm,C
T-Optics,telecentric,Telecentric Lenses,toptics_telecentric,OTC1.0X-220/C-11,http://www.toptics.co.kr/design/subpage/sub2-1.asp?mode=view&id=56,toptics_row_14,OTC-Long W.D 200mm Series,O,1.0X,220,7.5,0.0446,11.2,886,0.03,0.01,11mm,C
T-Optics,telecentric,Telecentric Lenses,toptics_telecentric,OTC1.5X-220/C-9,http://www.toptics.co.kr/design/subpage/sub2-1.asp?mode=view&id=56,toptics_row_15,OTC-Long W.D 200mm Series,O,1.5X,220,7.5,0.0449,16.7,593,0.03,0.12,9mm,C
T-Optics,telecentric,Telecentric Lenses,toptics_telecentric,OTC2.0X-220/C-9,http://www.toptics.co.kr/design/subpage/sub2-1.asp?mode=view&id=56,toptics_row_16,OTC-Long W.D 200mm Series,O,2.0X,220,7.4,0.0454,22,440,0.03,0.14,9mm,C
T-Optics,telecentric,Telecentric Lenses,toptics_telecentric,OTC0.44X-335/C-9,http://www.toptics.co.kr/design/subpage/sub2-1.asp?mode=view&id=56,toptics_row_17,OTC-Long W.D 300mm Series,O,0.44X,335,15.3,0.022,10,4.13mm,0.03,0.07,9mm,C
T-Optics,telecentric,Telecentric Lenses,toptics_telecentric,OTC0.5X-300/C-11,http://www.toptics.co.kr/design/subpage/sub2-1.asp?mode=view&id=56,toptics_row_18,OTC-Long W.D 300mm Series,O,0.5,300,18.9,0.0178,14,4.48mm,0.03,0.06,11mm,C
T-Optics,telecentric,Telecentric Lenses,toptics_telecentric,OTC0.6X-356/C-9,http://www.toptics.co.kr/design/subpage/sub2-1.asp?mode=view&id=56,toptics_row_19,OTC-Long W.D 300mm Series,O,0.6,356,14.5,0.023,13,2.88mm,0.03,0.04,9mm,C
T-Optics,telecentric,Telecentric Lenses,toptics_telecentric,OTC0.8X-320/C-8,http://www.toptics.co.kr/design/subpage/sub2-1.asp?mode=view&id=56,toptics_row_20,OTC-Long W.D 300mm Series,O,0.8X,320,11.8,0.0283,14.1,1.76mm,0.03,0.03,8mm,C
T-Optics,telecentric,Telecentric Lenses,toptics_telecentric,OTC1.0X-300/C-9,http://www.toptics.co.kr/design/subpage/sub2-1.asp?mode=view&id=56,toptics_row_21,OTC-Long W.D 300mm Series,O,1.0X,300,9.4,0.0357,14,1.12mm,0.02,0.03,9mm,C
T-Optics,telecentric,Telecentric Lenses,toptics_telecentric,OTC1.5X-300/C-9,http://www.toptics.co.kr/design/subpage/sub2-1.asp?mode=view&id=56,toptics_row_22,OTC-Long W.D 300mm Series,O,1.5X,300,9.0,0.0369,20.3,721,0.02,0.13,9mm,C
T-Optics,telecentric,Telecentric Lenses,toptics_telecentric,OTC1.6X-320/C-9,http://www.toptics.co.kr/design/subpage/sub2-1.asp?mode=view&id=56,toptics_row_23,OTC-Long W.D 300mm Series,O,1.6X,320,12.0,0.0279,28.6,893,0.02,0.2,9mm,C
T-Optics,telecentric,Telecentric Lenses,toptics_telecentric,OTC2.0X-300/C-9,http://www.toptics.co.kr/design/subpage/sub2-1.asp?mode=view&id=56,toptics_row_24,OTC-Long W.D 300mm Series,O,2.0X,300,9.1,0.037,27,540,0.01,0.16,9mm,C
T-Optics,telecentric,Telecentric Lenses,toptics_telecentric,OTC0.383X-500/C-9,http://www.toptics.co.kr/design/subpage/sub2-1.asp?mode=view&id=56,toptics_row_25,OTC-Long W.D 400mm & 500mm Series,O,0.383X,500,26.3,0.0127,15,8.18mm,0.05,0.05,9mm,C
T-Optics,telecentric,Telecentric Lenses,toptics_telecentric,OTC0.4X-478/C-9,http://www.toptics.co.kr/design/subpage/sub2-1.asp?mode=view&id=56,toptics_row_26,OTC-Long W.D 400mm & 500mm Series,O,0.4X,478,21.9,0.0153,13,6.5mm,0.05,0.02,9mm,C
T-Optics,telecentric,Telecentric Lenses,toptics_telecentric,OTC0.5X-400/C-9,http://www.toptics.co.kr/design/subpage/sub2-1.asp?mode=view&id=56,toptics_row_27,OTC-Long W.D 400mm & 500mm Series,O,0.5X,400,13,0.0257,9.7,3.1mm,0.03,0.06,9mm,C
T-Optics,telecentric,Telecentric Lenses,toptics_telecentric,OTC0.5X-400/C-11,http://www.toptics.co.kr/design/subpage/sub2-1.asp?mode=view&id=56,toptics_row_28,OTC-Long W.D 400mm & 500mm Series,O,0.5X,400,18.8,0.0178,14,4.48mm,0.03,0.06,11mm,C
T-Optics,telecentric,Telecentric Lenses,toptics_telecentric,OTC0.7X-400/C-9,http://www.toptics.co.kr/design/subpage/sub2-1.asp?mode=view&id=56,toptics_row_29,OTC-Long W.D 400mm & 500mm Series,O,0.7X,400,13,0.0257,13.6,2.22mm,0.03,0.17,9mm,C
T-Optics,telecentric,Telecentric Lenses,toptics_telecentric,OTC0.75X-400/C-9,http://www.toptics.co.kr/design/subpage/sub2-1.asp?mode=view&id=56,toptics_row_30,OTC-Long W.D 400mm & 500mm Series,O,0.75X,400,12.2,00.257,13.6,1.9mm,0.03,0.18,9mm,C
T-Optics,telecentric,Telecentric Lenses,toptics_telecentric,OTC1.0X-400/C-9,http://www.toptics.co.kr/design/subpage/sub2-1.asp?mode=view&id=56,toptics_row_31,OTC-Long W.D 400mm & 500mm Series,O,1.0X,400,11.5,0.029,17.2,1.37mm,0.03,0.15,9mm,C
T-Optics,telecentric,Telecentric Lenses,toptics_telecentric,OTC0.26X-130-25M18,http://www.toptics.co.kr/design/subpage/sub2-1.asp?mode=view&id=57,toptics_row_1,OTC-Sensor Dia.18mm,X,0.26X,130,18.1,0.0185,7,4.5mm,0.03,0.04,18.1mm,C
T-Optics,telecentric,Telecentric Lenses,toptics_telecentric,OTC0.3X-150-25M18,http://www.toptics.co.kr/design/subpage/sub2-1.asp?mode=view&id=57,toptics_row_2,OTC-Sensor Dia.18mm,X,0.3X,150,20.2,0.0166,9,4.4mm,0.05,0.04,18.1mm,C
T-Optics,telecentric,Telecentric Lenses,toptics_telecentric,OTC0.32X-142-25M18,http://www.toptics.co.kr/design/subpage/sub2-1.asp?mode=view&id=57,toptics_row_3,OTC-Sensor Dia.18mm,X,0.32X,142,16.8,0.02,8,3.3mm,0.05,0.04,18.1mm,C
T-Optics,telecentric,Telecentric Lenses,toptics_telecentric,OTC0.35X-120-25M18,http://www.toptics.co.kr/design/subpage/sub2-1.asp?mode=view&id=57,toptics_row_4,OTC-Sensor Dia.18mm,X,0.35X,120,15.4,0.028,8,2.8mm,0.04,0.03,18.1mm,C
T-Optics,telecentric,Telecentric Lenses,toptics_telecentric,OTC0.35X-130-23,http://www.toptics.co.kr/design/subpage/sub2-1.asp?mode=view&id=57,toptics_row_5,OTC-Sensor Dia.18mm,X,0.35X,130,11.5,0.0291,6,2.1mm,0.05,0.03,23mm,C
T-Optics,telecentric,Telecentric Lenses,toptics_telecentric,OTC0.4X-128-25M18,http://www.toptics.co.kr/design/subpage/sub2-1.asp?mode=view&id=57,toptics_row_6,OTC-Sensor Dia.18mm,X,0.4X,128,14.2,0.025,8,2.2mm,0.03,0.05,18.1mm,C
T-Optics,telecentric,Telecentric Lenses,toptics_telecentric,OTC0.46X-153-25M18,http://www.toptics.co.kr/design/subpage/sub2-1.asp?mode=view&id=57,toptics_row_7,OTC-Sensor Dia.18mm,X,0.46X,153,12.4,0.027,8.5,1.7mm,0.06,0.05,18.1mm,C
T-Optics,telecentric,Telecentric Lenses,toptics_telecentric,OTC0.5X-65/C-25M18,http://www.toptics.co.kr/design/subpage/sub2-1.asp?mode=view&id=57,toptics_row_8,OTC-Sensor Dia.18mm,O,0.5X,65,10.7,0.031,8,1.4mm,0.04,0.03,18.1mm,C
T-Optics,telecentric,Telecentric Lenses,toptics_telecentric,OTC0.5X-110/C-25M18,http://www.toptics.co.kr/design/subpage/sub2-1.asp?mode=view&id=57,toptics_row_9,OTC-Sensor Dia.18mm,O,0.5X,110,9.4,0.0357,7,1.2mm,0.04,0.03,18.1mm,C
T-Optics,telecentric,Telecentric Lenses,toptics_telecentric,OTC0.5X-130-23,http://www.toptics.co.kr/design/subpage/sub2-1.asp?mode=view&id=57,toptics_row_10,OTC-Sensor Dia.18mm,X,0.5X,130,9.4,0.0357,7,1.2mm,0.04,0.03,23mm,C
T-Optics,telecentric,Telecentric Lenses,toptics_telecentric,OTC0.6X-130-25M18,http://www.toptics.co.kr/design/subpage/sub2-1.asp?mode=view&id=57,toptics_row_11,OTC-Sensor Dia.18mm,X,0.6X,130,11.6,0.0291,10.3,1.25mm,0.03,0.09,18.1mm,C
T-Optics,telecentric,Telecentric Lenses,toptics_telecentric,OTC0.6X-150-25M18,http://www.toptics.co.kr/design/subpage/sub2-1.asp?mode=view&id=57,toptics_row_12,OTC-Sensor Dia.18mm,X,0.6X,150,9,0.0375,8,977,0.033,0.08,18.1mm,C
T-Optics,telecentric,Telecentric Lenses,toptics_telecentric,OTC0.65X-122/C-25M18,http://www.toptics.co.kr/design/subpage/sub2-1.asp?mode=view&id=57,toptics_row_13,OTC-Sensor Dia.18mm,O,0.65X,122,9.3,0.036,9,937,0.07,0.08,18.1mm,C
T-Optics,telecentric,Telecentric Lenses,toptics_telecentric,OTC0.7X-65/C-25M18,http://www.toptics.co.kr/design/subpage/sub2-1.asp?mode=view&id=57,toptics_row_14,OTC-Sensor Dia.18mm,O,0.7X,65,7.7,0.0437,8,718,0.03,0.03,18.1mm,C
T-Optics,telecentric,Telecentric Lenses,toptics_telecentric,OTC0.7X-110/C-23,http://www.toptics.co.kr/design/subpage/sub2-1.asp?mode=view&id=57,toptics_row_15,OTC-Sensor Dia.18mm,O,0.7X,110,7.7,0.0437,8,718,0.04,0.07,23mm,C
T-Optics,telecentric,Telecentric Lenses,toptics_telecentric,OTC0.7X-145/C-25M18,http://www.toptics.co.kr/design/subpage/sub2-1.asp?mode=view&id=57,toptics_row_16,OTC-Sensor Dia.18mm,O,0.7X,145,8.8,0.0383,9,808,0.04,0.05,18.1mm,C
T-Optics,telecentric,Telecentric Lenses,toptics_telecentric,OTC0.75X-110/C-25M18,http://www.toptics.co.kr/design/subpage/sub2-1.asp?mode=view&id=57,toptics_row_17,OTC-Sensor Dia.18mm,O,0.75X,110,8.9,0.0375,10,782,0.04,0.07,18.1mm,C
T-Optics,telecentric,Telecentric Lenses,toptics_telecentric,OTC0.8X-150/C-25M18,http://www.toptics.co.kr/design/subpage/sub2-1.asp?mode=view&id=57,toptics_row_18,OTC-Sensor Dia.18mm,O,0.8X,150,6.3,0.0533,7.5,515,0.04,0.05,18.1mm,C
T-Optics,telecentric,Telecentric Lenses,toptics_telecentric,OTC0.85X-115/C-25M18,http://www.toptics.co.kr/design/subpage/sub2-1.asp?mode=view&id=57,toptics_row_19,OTC-Sensor Dia.18mm,O,0.85X,115,5.5,0.0607,7,426,0.06,0.06,18.1mm,C
T-Optics,telecentric,Telecentric Lenses,toptics_telecentric,OTC0.9X-123/C-25M18,http://www.toptics.co.kr/design/subpage/sub2-1.asp?mode=view&id=57,toptics_row_20,OTC-Sensor Dia.18mm,O,0.9X,123,5.2,0.0642,7,380,0.06,0.04,18.1mm,C
T-Optics,telecentric,Telecentric Lenses,toptics_telecentric,OTC0.95X-115/C-25M18,http://www.toptics.co.kr/design/subpage/sub2-1.asp?mode=view&id=57,toptics_row_21,OTC-Sensor Dia.18mm,O,0.95X,115,5.7,0.0593,8,390,0.06,0.05,18.1mm,C
T-Optics,telecentric,Telecentric Lenses,toptics_telecentric,OTC1.0X-65/C-25M18,http://www.toptics.co.kr/design/subpage/sub2-1.asp?mode=view&id=57,toptics_row_22,OTC-Sensor Dia.18mm,O,1.0X,65,5.4,0.062,8,352,0.04,0.03,18.1mm,C
T-Optics,telecentric,Telecentric Lenses,toptics_telecentric,OTC1.0X-110/C-25M18,http://www.toptics.co.kr/design/subpage/sub2-1.asp?mode=view&id=57,toptics_row_23,OTC-Sensor Dia.18mm,O,1.0X,110,5.4,0.062,8,352,0.04,0.03,18.1mm,C
T-Optics,telecentric,Telecentric Lenses,toptics_telecentric,OTC1.0X-150/C-25M18,http://www.toptics.co.kr/design/subpage/sub2-1.asp?mode=view&id=57,toptics_row_24,OTC-Sensor Dia.18mm,O,1.0X,150,5,0.066,7.5,330,0.05,0.04,18.1mm,C
T-Optics,telecentric,Telecentric Lenses,toptics_telecentric,OTC1.5X-65/C-25M18,http://www.toptics.co.kr/design/subpage/sub2-1.asp?mode=view&id=57,toptics_row_25,OTC-Sensor Dia.18mm,O,1.5X,65,3.6,0.094,8,156,0.03,0.03,18.1mm,C
T-Optics,telecentric,Telecentric Lenses,toptics_telecentric,OTC1.5X-114/C-23,http://www.toptics.co.kr/design/subpage/sub2-1.asp?mode=view&id=57,toptics_row_26,OTC-Sensor Dia.18mm,O,1.5X,114,4.5,0.075,10,195,0.04,0.05,23mm,C
T-Optics,telecentric,Telecentric Lenses,toptics_telecentric,OTC1.8X-108/C-25M18,http://www.toptics.co.kr/design/subpage/sub2-1.asp?mode=view&id=57,toptics_row_27,OTC-Sensor Dia.18mm,O,1.8X,108,3.7,0.09,10,135,0.03,0.03,18.1mm,C
T-Optics,telecentric,Telecentric Lenses,toptics_telecentric,OTC2.0X-110/C-25M18,http://www.toptics.co.kr/design/subpage/sub2-1.asp?mode=view&id=57,toptics_row_28,OTC-Sensor Dia.18mm,O,2.0X,110,3.4,0.1,10,110,0.04,0.03,18.1mm,C
T-Optics,telecentric,Telecentric Lenses,toptics_telecentric,OTC3.5X-108/C-25M18,http://www.toptics.co.kr/design/subpage/sub2-1.asp?mode=view&id=57,toptics_row_29,OTC-Sensor Dia.18mm,O,3.5X,108,3.72,0.09,19.4,43,0.04,0.16,18.1mm,C
T-Optics,telecentric,Telecentric Lenses,toptics_telecentric,OTC4.0X-107/C-25M18,http://www.toptics.co.kr/design/subpage/sub2-1.asp?mode=view&id=57,toptics_row_30,OTC-Sensor Dia.18mm,O,4.0X,107,3.36,0.1,20,55,0.04,0.2,18.1mm,C
T-Optics,telecentric,Telecentric Lenses,toptics_telecentric,OTC5.0X-107/C-25M18,http://www.toptics.co.kr/design/subpage/sub2-1.asp?mode=view&id=57,toptics_row_31,OTC-Sensor Dia.18mm,O,5.0X,107,3.36,0.1,25,44,0.04,0.15,18.1mm,C
T-Optics,telecentric,Telecentric Lenses,toptics_telecentric,OTC6.0X-107/C-25M18,http://www.toptics.co.kr/design/subpage/sub2-1.asp?mode=view&id=57,toptics_row_32,OTC-Sensor Dia.18mm,O,6.0X,107,3.36,0.1,30,36,0.04,0.12,18.1mm,C
T-Optics,telecentric,Telecentric Lenses,toptics_telecentric,OTC0.7X-110/C-16,http://www.toptics.co.kr/design/subpage/sub2-1.asp?mode=view&id=1049,toptics_row_1,OTC-Sensor Dia.16mm,O,0.7X,110,7.7,0.0437,8,718,0.04,0.03,16mm,C
T-Optics,telecentric,Telecentric Lenses,toptics_telecentric,OTC0.763X-107/C-16,http://www.toptics.co.kr/design/subpage/sub2-1.asp?mode=view&id=1049,toptics_row_2,OTC-Sensor Dia.16mm,O,0.763X,107,7.5,0.0448,8.5,642,0.04,0.04,16mm,C
T-Optics,telecentric,Telecentric Lenses,toptics_telecentric,OTC3.0X-110/C-16,http://www.toptics.co.kr/design/subpage/sub2-1.asp?mode=view&id=1049,toptics_row_3,OTC-Sensor Dia.16mm,O,3.0X,110,4.1,0.082,18.3,89,0.04,0.44,16mm,C
T-Optics,telecentric,Telecentric Lenses,toptics_telecentric,OTC0.26X-130-12M18,http://www.toptics.co.kr/design/subpage/sub2-1.asp?mode=view&id=1049,toptics_row_4,OTC-Sensor Dia.18mm,X,0.26X,130,18.1,0.0185,7,4.5mm,0.03,0.04,18.1mm,C
T-Optics,telecentric,Telecentric Lenses,toptics_telecentric,OTC0.3X-150-12M18,http://www.toptics.co.kr/design/subpage/sub2-1.asp?mode=view&id=1049,toptics_row_5,OTC-Sensor Dia.18mm,X,0.3X,150,20.2,0.0166,9,4.4mm,0.05,0.04,18.1mm,C
T-Optics,telecentric,Telecentric Lenses,toptics_telecentric,OTC0.32X-142-12M18,http://www.toptics.co.kr/design/subpage/sub2-1.asp?mode=view&id=1049,toptics_row_6,OTC-Sensor Dia.18mm,X,0.32X,142,16.8,0.02,8,3.3mm,0.05,0.04,18.1mm,C
T-Optics,telecentric,Telecentric Lenses,toptics_telecentric,OTC0.35X120-12M18,http://www.toptics.co.kr/design/subpage/sub2-1.asp?mode=view&id=1049,toptics_row_7,OTC-Sensor Dia.18mm,X,0.35X,120,15.4,0.028,8,2.8mm,0.04,0.03,18.1mm,C
T-Optics,telecentric,Telecentric Lenses,toptics_telecentric,OTC0.35X130-23,http://www.toptics.co.kr/design/subpage/sub2-1.asp?mode=view&id=1049,toptics_row_8,OTC-Sensor Dia.18mm,X,0.35X,130,11.5,0.0291,6,2.1mm,0.05,0.03,23mm,C
T-Optics,telecentric,Telecentric Lenses,toptics_telecentric,OTC0.4X-128-12M18,http://www.toptics.co.kr/design/subpage/sub2-1.asp?mode=view&id=1049,toptics_row_9,OTC-Sensor Dia.18mm,X,0.4X,128,14.2,0.025,8,2.2mm,0.03,0.05,18.1mm,C
T-Optics,telecentric,Telecentric Lenses,toptics_telecentric,OTC0.46X153-12M18,http://www.toptics.co.kr/design/subpage/sub2-1.asp?mode=view&id=1049,toptics_row_10,OTC-Sensor Dia.18mm,X,0.46X,153,12.4,0.027,8.5,1.7mm,0.06,0.05,18.1mm,C
T-Optics,telecentric,Telecentric Lenses,toptics_telecentric,OTC0.5X-65/C-12M18,http://www.toptics.co.kr/design/subpage/sub2-1.asp?mode=view&id=1049,toptics_row_11,OTC-Sensor Dia.18mm,O,0.5X,65,10.7,0.031,8,1.4mm,0.04,0.03,18.1mm,C
T-Optics,telecentric,Telecentric Lenses,toptics_telecentric,OTC0.5X-110/C-12M18,http://www.toptics.co.kr/design/subpage/sub2-1.asp?mode=view&id=1049,toptics_row_12,OTC-Sensor Dia.18mm,O,0.5X,110,9.4,0.0357,7,1.2mm,0.04,0.03,18.1mm,C
T-Optics,telecentric,Telecentric Lenses,toptics_telecentric,OTC0.5X-130-23,http://www.toptics.co.kr/design/subpage/sub2-1.asp?mode=view&id=1049,toptics_row_13,OTC-Sensor Dia.18mm,X,0.5X,130,9.4,0.0357,7,1.2mm,0.04,0.03,23mm,C
T-Optics,telecentric,Telecentric Lenses,toptics_telecentric,OTC0.6X-130-12M18,http://www.toptics.co.kr/design/subpage/sub2-1.asp?mode=view&id=1049,toptics_row_14,OTC-Sensor Dia.18mm,X,0.6X,130,11.6,0.0291,10.3,1.25mm,0.03,0.09,18.1mm,C
T-Optics,telecentric,Telecentric Lenses,toptics_telecentric,OTC0.6X-150-12M18,http://www.toptics.co.kr/design/subpage/sub2-1.asp?mode=view&id=1049,toptics_row_15,OTC-Sensor Dia.18mm,X,0.6X,150,9,0.0375,8,977,0.033,0.08,18.1mm,C
T-Optics,telecentric,Telecentric Lenses,toptics_telecentric,OTC0.65X-122/C-12M18,http://www.toptics.co.kr/design/subpage/sub2-1.asp?mode=view&id=1049,toptics_row_16,OTC-Sensor Dia.18mm,O,0.65X,122,9.3,0.036,9,937,0.07,0.08,18.1mm,C
T-Optics,telecentric,Telecentric Lenses,toptics_telecentric,OTC0.7X-65/C-12M18,http://www.toptics.co.kr/design/subpage/sub2-1.asp?mode=view&id=1049,toptics_row_17,OTC-Sensor Dia.18mm,O,0.7X,65,7.7,0.0437,8,718,0.03,0.03,18.1mm,C
T-Optics,telecentric,Telecentric Lenses,toptics_telecentric,OTC0.7X-110/C-23,http://www.toptics.co.kr/design/subpage/sub2-1.asp?mode=view&id=1049,toptics_row_18,OTC-Sensor Dia.18mm,O,0.7X,110,7.7,0.0437,8,718,0.04,0.07,23mm,C
T-Optics,telecentric,Telecentric Lenses,toptics_telecentric,OTC0.7X-145/C-12M18,http://www.toptics.co.kr/design/subpage/sub2-1.asp?mode=view&id=1049,toptics_row_19,OTC-Sensor Dia.18mm,O,0.7X,145,8.8,0.0383,9,808,0.04,0.05,18.1mm,C
T-Optics,telecentric,Telecentric Lenses,toptics_telecentric,OTC0.75X-110/C-12M18,http://www.toptics.co.kr/design/subpage/sub2-1.asp?mode=view&id=1049,toptics_row_20,OTC-Sensor Dia.18mm,O,0.75X,110,8.9,0.0375,10,782,0.04,0.07,18.1mm,C
T-Optics,telecentric,Telecentric Lenses,toptics_telecentric,OTC0.8X-150/C-12M18,http://www.toptics.co.kr/design/subpage/sub2-1.asp?mode=view&id=1049,toptics_row_21,OTC-Sensor Dia.18mm,O,0.8X,150,6.3,0.0533,7.5,515,0.04,0.05,18.1mm,C
T-Optics,telecentric,Telecentric Lenses,toptics_telecentric,OTC0.85X-115/C-12M18,http://www.toptics.co.kr/design/subpage/sub2-1.asp?mode=view&id=1049,toptics_row_22,OTC-Sensor Dia.18mm,O,0.85X,115,5.5,0.0607,7,426,0.06,0.06,18.1mm,C
T-Optics,telecentric,Telecentric Lenses,toptics_telecentric,OTC0.9X-123/C-12M18,http://www.toptics.co.kr/design/subpage/sub2-1.asp?mode=view&id=1049,toptics_row_23,OTC-Sensor Dia.18mm,O,0.9X,123,5.2,0.0642,7,380,0.06,0.04,18.1mm,C
T-Optics,telecentric,Telecentric Lenses,toptics_telecentric,OTC0.95X-115/C-12M18,http://www.toptics.co.kr/design/subpage/sub2-1.asp?mode=view&id=1049,toptics_row_24,OTC-Sensor Dia.18mm,O,0.95X,115,5.7,0.0593,8,390,0.06,0.05,18.1mm,C
T-Optics,telecentric,Telecentric Lenses,toptics_telecentric,OTC1.0X-65/C-12M18,http://www.toptics.co.kr/design/subpage/sub2-1.asp?mode=view&id=1049,toptics_row_25,OTC-Sensor Dia.18mm,O,1.0X,65,5.4,0.062,8,352,0.04,0.03,18.1mm,C
T-Optics,telecentric,Telecentric Lenses,toptics_telecentric,OTC1.0X-110/C-12M18,http://www.toptics.co.kr/design/subpage/sub2-1.asp?mode=view&id=1049,toptics_row_26,OTC-Sensor Dia.18mm,O,1.0X,110,5.4,0.062,8,352,0.04,0.03,18.1mm,C
T-Optics,telecentric,Telecentric Lenses,toptics_telecentric,OTC1.0X-150/C-12M18,http://www.toptics.co.kr/design/subpage/sub2-1.asp?mode=view&id=1049,toptics_row_27,OTC-Sensor Dia.18mm,O,1.0X,150,5,0.066,7.5,330,0.05,0.04,18.1mm,C
T-Optics,telecentric,Telecentric Lenses,toptics_telecentric,OTC1.5X-65/C-12M18,http://www.toptics.co.kr/design/subpage/sub2-1.asp?mode=view&id=1049,toptics_row_28,OTC-Sensor Dia.18mm,O,1.5X,65,3.6,0.094,8,156,0.03,0.03,18.1mm,C
T-Optics,telecentric,Telecentric Lenses,toptics_telecentric,OTC1.5X-114/C-23,http://www.toptics.co.kr/design/subpage/sub2-1.asp?mode=view&id=1049,toptics_row_29,OTC-Sensor Dia.18mm,O,1.5X,114,4.5,0.075,10,195,0.04,0.05,23mm,C
T-Optics,telecentric,Telecentric Lenses,toptics_telecentric,OTC1.8X-108/C-12M18,http://www.toptics.co.kr/design/subpage/sub2-1.asp?mode=view&id=1049,toptics_row_30,OTC-Sensor Dia.18mm,O,1.8X,108,3.7,0.09,10,135,0.03,0.03,18.1mm,C
T-Optics,telecentric,Telecentric Lenses,toptics_telecentric,OTC2.0X-110/C-12M18,http://www.toptics.co.kr/design/subpage/sub2-1.asp?mode=view&id=1049,toptics_row_31,OTC-Sensor Dia.18mm,O,2.0X,110,3.4,0.1,10,110,0.04,0.03,18.1mm,C
T-Optics,telecentric,Telecentric Lenses,toptics_telecentric,OTC3.5X-108/C-12M18,http://www.toptics.co.kr/design/subpage/sub2-1.asp?mode=view&id=1049,toptics_row_32,OTC-Sensor Dia.18mm,O,3.5X,108,3.72,0.09,18.4,43,0.04,0.16,18.1mm,C
T-Optics,telecentric,Telecentric Lenses,toptics_telecentric,OTC4.0X-107/C-12M18,http://www.toptics.co.kr/design/subpage/sub2-1.asp?mode=view&id=1049,toptics_row_33,OTC-Sensor Dia.18mm,O,4.0X,107,3.36,0.1,20,55,0.04,0.2,18.1mm,C
T-Optics,telecentric,Telecentric Lenses,toptics_telecentric,OTC5.0X-107/C-12M18,http://www.toptics.co.kr/design/subpage/sub2-1.asp?mode=view&id=1049,toptics_row_34,OTC-Sensor Dia.18mm,O,5.0X,107,3.36,0.1,25,44,0.04,0.15,18.1mm,C
T-Optics,telecentric,Telecentric Lenses,toptics_telecentric,OTC6.0X-107/C-12M18,http://www.toptics.co.kr/design/subpage/sub2-1.asp?mode=view&id=1049,toptics_row_35,OTC-Sensor Dia.18mm,O,6.0X,107,3.36,0.1,30,36,0.04,0.12,18.1mm,C
T-Optics,telecentric,Telecentric Lenses,toptics_telecentric,OTC0.155X-216-25M32,http://www.toptics.co.kr/design/subpage/sub2-1.asp?mode=view&id=58,toptics_row_1,OTC-Sensor Dia 32mm (25M),X,0.155X,216,35,0.0096,8,14.6mm,0.05,0.06,32mm,F
T-Optics,telecentric,Telecentric Lenses,toptics_telecentric,OTC0.46X-150-25M32,http://www.toptics.co.kr/design/subpage/sub2-1.asp?mode=view&id=58,toptics_row_2,OTC-Sensor Dia 32mm (25M),X,0.46X,150,9.5,0.0353,6.5,1.35m,0.03,0.07,32mm,M48
T-Optics,telecentric,Telecentric Lenses,toptics_telecentric,OTC0.5X-158-25M32,http://www.toptics.co.kr/design/subpage/sub2-1.asp?mode=view&id=58,toptics_row_3,OTC-Sensor Dia 32mm (25M),X,0.5X,158,10.8,0.0312,8,1.4mm,0.03,0.04,32mm,F
T-Optics,telecentric,Telecentric Lenses,toptics_telecentric,OTC0.5X-238-25M32,http://www.toptics.co.kr/design/subpage/sub2-1.asp?mode=view&id=58,toptics_row_4,OTC-Sensor Dia 32mm (25M),X,0.5X,235,8.4,0.04,6.25,1.1mm,0.03,0.08,32mm,F
T-Optics,telecentric,Telecentric Lenses,toptics_telecentric,OTC0.6X-135-25M32,http://www.toptics.co.kr/design/subpage/sub2-1.asp?mode=view&id=58,toptics_row_5,OTC-Sensor Dia 32mm (25M),X,0.6X,135,8.3,0.048,6.2,757,0.03,0.04,32mm,F
T-Optics,telecentric,Telecentric Lenses,toptics_telecentric,OTC0.63X-130-25M32,http://www.toptics.co.kr/design/subpage/sub2-1.asp?mode=view&id=58,toptics_row_6,OTC-Sensor Dia 32mm (25M),X,0.63X,130,8,0.042,7.5,831,0.03,0.04,32mm,F
T-Optics,telecentric,Telecentric Lenses,toptics_telecentric,OTC1.0X-114/C-25M32,http://www.toptics.co.kr/design/subpage/sub2-1.asp?mode=view&id=58,toptics_row_7,OTC-Sensor Dia 32mm (25M),O,1.0X,114,6.7,0.05,10,440,0.04,0.05,32mm,F
T-Optics,telecentric,Telecentric Lenses,toptics_telecentric,OTC1.4X-118/C-25M32,http://www.toptics.co.kr/design/subpage/sub2-1.asp?mode=view&id=58,toptics_row_8,OTC-Sensor Dia 32mm (25M),O,1.4X,118,4.8,0.07,10,224,0.05,0.03,32mm,F
T-Optics,telecentric,Telecentric Lenses,toptics_telecentric,OTC1.43X-110-25M32,http://www.toptics.co.kr/design/subpage/sub2-1.asp?mode=view&id=58,toptics_row_9,OTC-Sensor Dia 32mm (25M),X,1.43X,110,4.7,0.0715,10,215,0.03,0.03,32mm,F
T-Optics,telecentric,Telecentric Lenses,toptics_telecentric,OTC1.5X-110/C-25M32,http://www.toptics.co.kr/design/subpage/sub2-1.asp?mode=view&id=58,toptics_row_10,OTC-Sensor Dia 32mm (25M),O,1.5X,110,4,0.083,9,176,0.04,0.03,32mm,F
T-Optics,telecentric,Telecentric Lenses,toptics_telecentric,OTC1.75X-110-25M32,http://www.toptics.co.kr/design/subpage/sub2-1.asp?mode=view&id=58,toptics_row_11,OTC-Sensor Dia 32mm (25M),X,1.75X,110,4.2,0.0795,11,158,0.03,0.04,32mm,F
T-Optics,telecentric,Telecentric Lenses,toptics_telecentric,OTC2.0X-80/C-25M32,http://www.toptics.co.kr/design/subpage/sub2-1.asp?mode=view&id=58,toptics_row_12,OTC-Sensor Dia 32mm (25M),O,2.0X,80,2.7,0.125,8,88,0.04,0.04,32mm,F
T-Optics,telecentric,Telecentric Lenses,toptics_telecentric,OTC3.0X-78/C-25M32,http://www.toptics.co.kr/design/subpage/sub2-1.asp?mode=view&id=58,toptics_row_13,OTC-Sensor Dia 32mm (25M),O,3.0X,78,3.4,0.1,15,66,0.04,0.09,32mm,F
T-Optics,telecentric,Telecentric Lenses,toptics_telecentric,OTC3.5X-78/C-25M32,http://www.toptics.co.kr/design/subpage/sub2-1.asp?mode=view&id=58,toptics_row_14,OTC-Sensor Dia 32mm (25M),O,3.5X,78,3,0.11,15.9,57,0.04,0.05,32mm,F
T-Optics,telecentric,Telecentric Lenses,toptics_telecentric,OTC5.0X-78/C-25M32,http://www.toptics.co.kr/design/subpage/sub2-1.asp?mode=view&id=58,toptics_row_15,OTC-Sensor Dia 32mm (25M),O,5.0X,78,2.6,0.13,19.3,33,0.03,0.07,32mm,F
T-Optics,telecentric,Telecentric Lenses,toptics_telecentric,OTC5.0X-78/C-50M46,http://www.toptics.co.kr/design/subpage/sub2-1.asp?mode=view&id=58,toptics_row_16,OTC-Sensor Dia 46mm (50M),O,5.0X,78,2.6,0.13,19.3,33,0.03,0.07,46mm,F
T-Optics,telecentric,Telecentric Lenses,toptics_telecentric,OTC0.64X-170-12K62,http://www.toptics.co.kr/design/subpage/sub2-1.asp?mode=view&id=60,toptics_row_1,OTC-Line 12K Series (62.37mm),X,0.64,170,8.4,0.04,8,406,0.04,0.06,62.37mm,M72
T-Optics,telecentric,Telecentric Lenses,toptics_telecentric,OTC0.7X-143/C-12K62,http://www.toptics.co.kr/design/subpage/sub2-1.asp?mode=view&id=60,toptics_row_2,OTC-Line 12K Series (62.37mm),O,0.7X,143,10.3,0.0326,10.7,454,0.04,0.04,62.37mm,M72
T-Optics,telecentric,Telecentric Lenses,toptics_telecentric,OTC2.0X-93/C-12K62,http://www.toptics.co.kr/design/subpage/sub2-1.asp?mode=view&id=60,toptics_row_3,OTC-Line 12K Series (62.37mm),O,2.0X,93,3.9,0.085,11.8,61,0.03,0.03,62.37mm,M72
T-Optics,telecentric,Telecentric Lenses,toptics_telecentric,OTC2.0X-115IA-12K62,http://www.toptics.co.kr/design/subpage/sub2-1.asp?mode=view&id=60,toptics_row_4,OTC-Line 12K Series (62.37mm),X,2.0X,115,4,0.084,11.9,61,0.04,0.04,62.37mm,M72
T-Optics,telecentric,Telecentric Lenses,toptics_telecentric,OTC3.5X-78/C-12K62,http://www.toptics.co.kr/design/subpage/sub2-1.asp?mode=view&id=60,toptics_row_5,OTC-Line 12K Series (62.37mm),O,3.5X,78,3,0.11,15.9,25.9,0.04,0.04,62.37mm,M72
T-Optics,telecentric,Telecentric Lenses,toptics_telecentric,OTC5.0X-78/C-12K62,http://www.toptics.co.kr/design/subpage/sub2-1.asp?mode=view&id=60,toptics_row_6,OTC-Line 12K Series (62.37mm),O,5.0X,78,2.6,0.13,19.2,15,0.04,0.03,62.37mm,M72
T-Optics,telecentric,Telecentric Lenses,toptics_telecentric,OTC1.0X-140IA-16K82,http://www.toptics.co.kr/design/subpage/sub2-1.asp?mode=view&id=60,toptics_row_7,OTC-Line 16K Series (81.92mm),X,1.0X,140,6.7,0.05,10,200,0.04,0.04,81.92mm,M95
T-Optics,telecentric,Telecentric Lenses,toptics_telecentric,OTC7.5X-10/CIA-16K82,http://www.toptics.co.kr/design/subpage/sub2-1.asp?mode=view&id=60,toptics_row_8,OTC-Line 16K Series (81.92mm),O,7.5X,10.8,1.5,0.23,16.3,5.7,0.03,0.04,81.92mm,M95
T-Optics,telecentric,Telecentric Lenses,toptics_telecentric,OTC10.0X-10/CIA-16K82,http://www.toptics.co.kr/design/subpage/sub2-1.asp?mode=view&id=60,toptics_row_9,OTC-Line 16K Series (81.92mm),O,10.0X,10.8,1.12,0.3,16.7,3.3,0.04,0.03,81.92mm,M95
T-Optics,telecentric,Telecentric Lenses,toptics_telecentric,OTC0.63X-130-4K28,http://www.toptics.co.kr/design/subpage/sub2-1.asp?mode=view&id=63,toptics_row_1,OTC-Line 4K 7um series (Sensor 28.67mm),X,0.63X,130,8,0.042,7.5,529,0.03,0.04,28.67mm,F
T-Optics,telecentric,Telecentric Lenses,toptics_telecentric,OTC1.0X-114/C-4K28,http://www.toptics.co.kr/design/subpage/sub2-1.asp?mode=view&id=63,toptics_row_2,OTC-Line 4K 7um series (Sensor 28.67mm),O,1.0X,114,5.4,0.062,8,224,0.04,0.03,28.67mm,M42
T-Optics,telecentric,Telecentric Lenses,toptics_telecentric,OTC1.4X-110-4K28,http://www.toptics.co.kr/design/subpage/sub2-1.asp?mode=view&id=63,toptics_row_3,OTC-Line 4K 7um series (Sensor 28.67mm),X,1.4X,110,5.5,0.061,11.5,164,0.04,0.05,28.67mm,F
T-Optics,telecentric,Telecentric Lenses,toptics_telecentric,OTC1.43X-110-4K28,http://www.toptics.co.kr/design/subpage/sub2-1.asp?mode=view&id=63,toptics_row_4,OTC-Line 4K 7um series (Sensor 28.67mm),X,1.43X,110,4.7,0.0715,10,136,0.03,0.03,28.67mm,F
T-Optics,telecentric,Telecentric Lenses,toptics_telecentric,OTC1.75X-110-4K28,http://www.toptics.co.kr/design/subpage/sub2-1.asp?mode=view&id=63,toptics_row_5,OTC-Line 4K 7um series (Sensor 28.67mm),X,1.75X,110,4.25,0.079,11,100,0.03,0.04,28.67mm,F
T-Optics,telecentric,Telecentric Lenses,toptics_telecentric,OTC0.26X-130-4K14,http://www.toptics.co.kr/design/subpage/sub2-1.asp?mode=view&id=63,toptics_row_6,OTC-Line 4K (3.45um) Series (sensor 14.13mm),X,0.26X,130,18.1,0.0185,7,1.42mm,0.03,0.04,14.13mm,C
T-Optics,telecentric,Telecentric Lenses,toptics_telecentric,OTC0.5X-65/C-4K14,http://www.toptics.co.kr/design/subpage/sub2-1.asp?mode=view&id=63,toptics_row_7,OTC-Line 4K (3.45um) Series (sensor 14.13mm),O,0.5X,65,10.7,0.031,8,441,0.04,0.03,14.13mm,C
T-Optics,telecentric,Telecentric Lenses,toptics_telecentric,OTC0.5X-130-4K14,http://www.toptics.co.kr/design/subpage/sub2-1.asp?mode=view&id=63,toptics_row_8,OTC-Line 4K (3.45um) Series (sensor 14.13mm),X,0.5X,130,9.4,0.0357,7,386,0.04,0.03,14.13mm,C
T-Optics,telecentric,Telecentric Lenses,toptics_telecentric,OTC0.6X-130-4K14,http://www.toptics.co.kr/design/subpage/sub2-1.asp?mode=view&id=63,toptics_row_9,OTC-Line 4K (3.45um) Series (sensor 14.13mm),X,0.6X,130,11.6,0.0291,10.3,394,0.03,0.09,14.13mm,C
T-Optics,telecentric,Telecentric Lenses,toptics_telecentric,OTC0.7X-65/C-4K14,http://www.toptics.co.kr/design/subpage/sub2-1.asp?mode=view&id=63,toptics_row_10,OTC-Line 4K (3.45um) Series (sensor 14.13mm),O,0.7X,65,7.7,0.0437,8,225,0.03,0.03,14.13mm,C
T-Optics,telecentric,Telecentric Lenses,toptics_telecentric,OTC0.7X-110/C-4K14,http://www.toptics.co.kr/design/subpage/sub2-1.asp?mode=view&id=63,toptics_row_11,OTC-Line 4K (3.45um) Series (sensor 14.13mm),O,0.7X,110,7.7,0.0437,8,225,0.04,0.03,14.13mm,C
T-Optics,telecentric,Telecentric Lenses,toptics_telecentric,OTC0.75X-110/C-4K14,http://www.toptics.co.kr/design/subpage/sub2-1.asp?mode=view&id=63,toptics_row_12,OTC-Line 4K (3.45um) Series (sensor 14.13mm),O,0.75X,110,8.9,0.0375,10,245,0.04,0.07,14.13mm,C
T-Optics,telecentric,Telecentric Lenses,toptics_telecentric,OTC1.0X-65/C4K14,http://www.toptics.co.kr/design/subpage/sub2-1.asp?mode=view&id=63,toptics_row_13,OTC-Line 4K (3.45um) Series (sensor 14.13mm),O,1.0X,65,5.4,0.062,8,110,0.04,0.03,14.13mm,C
T-Optics,telecentric,Telecentric Lenses,toptics_telecentric,OTC1.0X-110/C-4K14,http://www.toptics.co.kr/design/subpage/sub2-1.asp?mode=view&id=63,toptics_row_14,OTC-Line 4K (3.45um) Series (sensor 14.13mm),O,1.0X,110,5.4,0.062,8,110,0.04,0.03,14.13mm,C
T-Optics,telecentric,Telecentric Lenses,toptics_telecentric,OTC1.5X-65/C-4K14,http://www.toptics.co.kr/design/subpage/sub2-1.asp?mode=view&id=63,toptics_row_15,OTC-Line 4K (3.45um) Series (sensor 14.13mm),O,1.5X,65,3.6,0.094,8,49,0.03,0.03,14.13mm,C
T-Optics,telecentric,Telecentric Lenses,toptics_telecentric,OTC1.5X-114/C-4K14,http://www.toptics.co.kr/design/subpage/sub2-1.asp?mode=view&id=63,toptics_row_16,OTC-Line 4K (3.45um) Series (sensor 14.13mm),O,1.5X,114,4.5,0.075,10,61,0.04,0.05,14.13mm,C
T-Optics,telecentric,Telecentric Lenses,toptics_telecentric,OC2.0X-110/C-4K14,http://www.toptics.co.kr/design/subpage/sub2-1.asp?mode=view&id=63,toptics_row_17,OTC-Line 4K (3.45um) Series (sensor 14.13mm),O,2.0X,110,3.4,0.1,10,34,0.04,0.03,14.13mm,C
