brand,Product Line,Model,Type,Color / Mono,Light Spectrum,Resolution (MP),Resolution (WxH),Frame rate / Line rate,ROI,Interface,Sensors,Sensor Name,Cell Size (WxH),Resolution,Resolution WxH,Optical Format,Cell Size WxH,Shutter type,Sensor Diagonal,Active Sensor Dimensions WxH,Camera Dimensions HxWxL,Weight,Video Output,Lens Mount,Power Consumption,Operating Temperature (ambient)
JAI,Apex Medical Solutions,AP-1600T-USB-LSX,Area Scan,Color,Visible + NIR,1.6,1456 x 1088 px,79 fps,Yes,USB3 Vision,3xCMOS RGB,IMX273,3.45 x 3.45 µm,1.6 MP,1456 x 1088 px,1/2.9 inch,3.45 x 3.45 µm,Global shutter,6.3 mm,5.0 x 3.8 mm,44 x 44 x 74 mm,170 g,8/10/12-bit *,C-mount,5.3 Watt,-5°C to +45°C
JAI,Apex Medical Solutions,AP-3200T-USB-LS,Area Scan,Color,Visible + NIR,3.2,2064 x 1544 px,38 fps,Yes,USB3 Vision,3xCMOS RGB,IMX265,3.45 x 3.45 µm,3.2 MP,2064 x 1544 px,1/1.8 inch,3.45 x 3.45 µm,Global shutter,8.9 mm,7.1 x 5.3 mm,44 x 44 x 74 mm,170 g,8/10/12-bit *,C-mount,5.3 Watt,-5°C to +45°C
JAI,Apex Medical Solutions,AP-3200T-USB-LSX,Area Scan,Color,Visible + NIR,3.2,2064 x 1544 px,38 fps,Yes,USB3 Vision,3xCMOS RGB,IMX265,3.45 x 3.45 µm,3.2 MP,2064 x 1544 px,1/1.8 inch,3.45 x 3.45 µm,Global shutter,8.9 mm,7.1 x 5.3 mm,44 x 44 x 74 mm,170 g,8/10/12-bit *,C-mount,5.3 Watt,-5°C to +45°C
JAI,Apex Series,AP-1600T-PGE,Area Scan,Color,Visible,1.6,1456 x 1088 px,24 fps,Yes,GigE Vision 1-Cable (PoE),3xCMOS RGB,IMX273,3.45 x 3.45 µm,1.6 MP,1456 x 1088 px,1/2.9 inch,3.45 x 3.45 µm,Global shutter,6.3 mm,5.0 x 3.8 mm,44 x 44 x 84 mm,200 g,8/10/12-bit *,C-mount,7.5 Watt,-5°C to +45°C
JAI,Apex Series,AP-1600T-PMCL,Area Scan,Color,Visible,1.6,1456 x 1088 px,126 fps,Yes,Mini Camera Link (PoCL),3xCMOS RGB,IMX273,3.45 x 3.45 µm,1.6 MP,1456 x 1088 px,1/2.9 inch,3.45 x 3.45 µm,Global shutter,6.3 mm,5.0 x 3.8 mm,44 x 44 x 74 mm,170 g,8/10/12-bit *,C-mount,6 Watt,-5°C to +45°C
JAI,"Apex Series
/                 Apex Medical Solutions",AP-1600T-USB,Area Scan,Color,Visible + NIR,1.6,1456 x 1088 px,79 fps,Yes,USB3 Vision,3xCMOS RGB,IMX273,3.45 x 3.45 µm,1.6 MP,1456 x 1088 px,1/2.9 inch,3.45 x 3.45 µm,Global shutter,6.3 mm,5.0 x 3.8 mm,44 x 44 x 74 mm,170 g,8/10/12-bit *,C-mount,5.3 Watt,-5°C to +45°C
JAI,Apex Series,AP-3200T-10GE,Area Scan,Color,Visible,3.2,2064 x 1544 px,106 fps,Yes,10 Gbps GigE Vision,3xCMOS RGB,IMX252,3.45 x 3.45 µm,3.2 MP,2064 x 1544 px,1/1.8 inch,3.45 x 3.45 µm,Global shutter,8.9 mm,7.1 x 5.3 mm,62 x 62 x 86.5 mm,270 g,8/10/12-bit (RGB) *,C-mount,11.6 Watt,-5°C to +45°C
JAI,Apex Series,AP-3200T-PGE,Area Scan,Color,Visible,3.2,2064 x 1544 px,12 fps,Yes,GigE Vision 1-Cable (PoE),3xCMOS RGB,IMX265,3.45 x 3.45 µm,3.2 MP,2064 x 1544 px,1/1.8 inch,3.45 x 3.45 µm,Global shutter,8.9 mm,7.1 x 5.3 mm,44 x 44 x 84 mm,200 g,8/10/12-bit *,C-mount,7.5 Watt,-5°C to +45°C
JAI,Apex Series,AP-3200T-PMCL,Area Scan,Color,Visible,3.2,2064 x 1544 px,55 fps,Yes,Mini Camera Link (PoCL),3xCMOS RGB,IMX265,3.45 x 3.45 µm,3.2 MP,2064 x 1544 px,1/1.8 inch,3.45 x 3.45 µm,Global shutter,8.9 mm,7.1 x 5.3 mm,44 x 44 x 74 mm,170 g,8/10/12-bit *,C-mount,6 Watt,-5°C to +45°C
JAI,"Apex Series
/                 Apex Medical Solutions",AP-3200T-USB,Area Scan,Color,Visible + NIR,3.2,2064 x 1544 px,38 fps,Yes,USB3 Vision,3xCMOS RGB,IMX265,3.45 x 3.45 µm,3.2 MP,2064 x 1544 px,1/1.8 inch,3.45 x 3.45 µm,Global shutter,8.9 mm,7.1 x 5.3 mm,44 x 44 x 74 mm,170 g,8/10/12-bit *,C-mount,5.3 Watt,-5°C to +45°C
JAI,Apex Series,AP-5100T-5GE,Area Scan,Color,Visible,5.1,2464 x 2056 px,32 fps,Yes,5 Gbps GigE Vision,3xCMOS RGB,IMX548 Pregius S,2.74 x 2.74 µm,5.1 MP,2464 x 2056 px,1/1.8 inch,2.74 x 2.74 µm,Global shutter,8.8 mm,6.77 x 5.66 mm,54 x 54 x 74 mm,215 g,8/10/12-bit (RGB),C-mount,7.6 Watt,-5°C to +45°C
JAI,Apex Series,AP-5100T-CXPA,Area Scan,Color,Visible,5.1,2464 x 2056 px,75 fps,Yes,CoaXPress-1-Lane (PoCXP),3xCMOS RGB,IMX548 Pregius S,2.74 x 2.74 µm,5.1 MP,2464 x 2056 px,1/1.8 inch,2.74 x 2.74 µm,Global shutter,8.8 mm,6.77 x 5.66 mm,54 x 54 x 74 mm,210 g,8/10/12-bit (RGB),C-mount,8 Watt,-5°C to +45°C
JAI,Apex Series,AP-5100T-MCL,Area Scan,Color,Visible,5.1,2464 x 2056 px,55 fps,Yes,Mini Camera Link,3xCMOS RGB,IMX548 Pregius S,2.74 x 2.74 µm,5.1 MP,2464 x 2056 px,1/1.8 inch,2.74 x 2.74 µm,Global shutter,8.8 mm,6.77 x 5.66 mm,54 x 54 x 74 mm,g,8/10/12-bit (RGB),C-mount,Watt,-5°C to +45°C
JAI,Fusion Series,FS-1600D-10GE,Area Scan,Multispectral,2-Bands Visible + NIR (Prism),1.6,1440 x 1080 px,226 fps,Yes,10 Gbps GigE Vision,2xCMOS (Vis/NIR),IMX273,3.45 x 3.45 µm,1.6 MP,1440 x 1080 px,1/2.9 inch,3.45 x 3.45 µm,Global shutter,6.2 mm,5.0 x 3.7 mm,62 x 62 x 86.5 mm,270 g,8/10/12-bit *,C-mount,10.4 Watt,-5°C to +45°C
JAI,Fusion Series,FS-1600T-10GE-NNM,Area Scan,Multispectral,3-Bands Visible + NIR (Prism),1.6,1440 x 1080 px,213 fps,Yes,10 Gbps GigE Vision,3 x CMOS Vis/NIR/NIR,IMX273,3.45 x 3.45 µm,1.6 MP,1440 x 1080 px,1/2.9 inch,3.45 x 3.45 µm,Global shutter,6.3 mm,5.0 x 3.8 mm,62 x 62 x 86.5 mm,270 g,8/10/12-bit *,C-mount,11.6 Watt,-5°C to +45°C
JAI,Fusion Series,FS-3200D-10GE,Area Scan,Multispectral,2-Bands Visible + NIR (Prism),3.2,2048 x 1536 px,123 fps,Yes,10 Gbps GigE Vision,2xCMOS (Vis/NIR),IMX252,3.45 x 3.45 µm,3.2 MP,2048 x 1536 px,1/1.8 inch,3.45 x 3.45 µm,Global shutter,8.8 mm,7.1 x 5.3 mm,62 x 62 x 86.5 mm,270 g,8/10/12-bit *,C-mount,10.4 Watt,-5°C to +45°C
JAI,Fusion Series,FS-3200T-10GE-NNC,Area Scan,Multispectral,3-Bands Visible + NIR (Prism),3.2,2048 x 1536 px,107 fps,Yes,10 Gbps GigE Vision,3 x CMOS Vis/NIR/NIR,IMX252,3.45 x 3.45 µm,3.2 MP,2048 x 1536 px,1/1.8 inch,3.45 x 3.45 µm,Global shutter,8.8 mm,7.1 x 5.3 mm,62 x 62 x 86.5 mm,270 g,8/10/12-bit *,C-mount,11.6 Watt,-5°C to +45°C
JAI,Fusion Series,FSFE-1600D-10GE,Area Scan,Multispectral,2-Bands Visible + NIR (Prism),1.6,1440 x 1080 px,226 fps,N/A,10 Gbps GigE Vision,2xCMOS (Vis/NIR),IMX273,3.45 x 3.45 µm,1.6 MP,1440 x 1080 px,1/2.9 inch,3.45 x 3.45 µm,Global shutter,6.2 mm,4.9 x 3.7 mm,62 x 62 x 86.5 mm,270 g,8/10/12-bit,C-mount,10.4 Watt,-5°C to +45°C
JAI,Fusion Series,FSFE-1600T-10GE,Area Scan,Multispectral,3-Bands Visible + NIR (Prism),1.6,1440 x 1080 px,213 fps,N/A,10 Gbps GigE Vision,3xCMOS (Vis/NIR),IMX273,3.45 x 3.45 µm,1.6 MP,1440 x 1080 px,1/2.9 inch,3.45 x 3.45 µm,Global shutter,6.2 mm,4.9 x 3.7 mm,62 x 62 x 86.5 mm,270 g,8/10/12-bit,C-mount,10.4 Watt,-5°C to +45°C
JAI,Fusion Series,FSFE-3200D-10GE,Area Scan,Multispectral,2-Bands Visible + NIR (Prism),3.2,2048 x 1536 px,123 fps,N/A,10 Gbps GigE Vision,2xCMOS (Vis/NIR),IMX252,3.45 x 3.45 µm,3.2 MP,2048 x 1536 px,1/1.8 inch,3.45 x 3.45 µm,Global shutter,8.8 mm,7.1 x 5.3 mm,62 x 62 x 86.5 mm,270 g,8/10/12-bit,C-mount,10.4 Watt,-5°C to +45°C
JAI,Fusion Series,FSFE-3200T-10GE,Area Scan,Multispectral,3-Bands Visible + NIR (Prism),3.2,2048 x 1536 px,107 fps,N/A,10 Gbps GigE Vision,3xCMOS (Vis/NIR),IMX252,3.45 x 3.45 µm,3.2 MP,2048 x 1536 px,1/1.8 inch,3.45 x 3.45 µm,Global shutter,8.8 mm,7.1 x 5.3 mm,62 x 62 x 86.5 mm,270 g,8/10/12-bit,C-mount,10.4 Watt,-5°C to +45°C
JAI,Go Series,GO-2400C-PGE,Area Scan,Color,Visible,2.4,1936 x 1216 px,48 fps,Yes,GigE Vision 1-Cable (PoE),1xCMOS,IMX174,5.86 x 5.86 µm,2.4 MP,1936 x 1216 px,1/1.2 inch,5.86 x 5.86 µm,Global shutter,13.4 mm,11.3 x 7.1 mm,29 x 29 x 51.5 mm,46 g,8/10/12-bit *,C-mount,3.02 Watt,-5°C to +45°C
JAI,Go Series,GO-2400C-PGE-1,Area Scan,Color,Visible,2.4,1936 x 1216 px,48 fps,Yes,GigE Vision 1-Cable (PoE),1xCMOS,IMX174,5.86 x 5.86 µm,2.4 MP,1936 x 1216 px,1/1.2 inch,5.86 x 5.86 µm,Global shutter,13.4 mm,11.3 x 7.1 mm,29 x 29 x 51.5 mm,65 g,8/10/12-bit *,C-mount,3.3 Watt,-5°C to +45°C
JAI,Go Series,GO-2400C-PMCL,Area Scan,Color,Visible,2.4,1936 x 1216 px,165 fps,Yes,Mini Camera Link (PoCL),1xCMOS,IMX174,5.86 x 5.86 µm,2.4 MP,1936 x 1216 px,1/1.2 inch,5.86 x 5.86 µm,Global shutter,13.4 mm,11.3 x 7.1 mm,29 x 29 x 51.5 mm,46 g,8/10/12-bit *,C-mount,2.76 Watt,-5°C to +45°C
JAI,Go Series,GO-2400C-PMCL-1,Area Scan,Color,Visible,2.4,1936 x 1216 px,165 fps,Yes,Mini Camera Link (PoCL),1xCMOS,IMX174,5.86 x 5.86 µm,2.4 MP,1936 x 1216 px,1/1.2 inch,5.86 x 5.86 µm,Global shutter,13.4 mm,11.3 x 7.1 mm,29 x 29 x 51.5 mm,60 g,8/10/12-bit *,C-mount,2.94 Watt,-5°C to +45°C
JAI,Go Series,GO-2400C-USB,Area Scan,Color,Visible,2.4,1936 x 1216 px,159 fps,Yes,USB3 Vision (PoUSB),1xCMOS,IMX174,5.86 x 5.86 µm,2.4 MP,1936 x 1216 px,1/1.2 inch,5.86 x 5.86 µm,Global shutter,13.4 mm,11.3 x 7.1 mm,29 x 29 x 51.5 mm,46 g,8/10/12-bit *,C-mount,4.1 Watt,-5°C to +45°C
JAI,Go Series,GO-2400M-PGE,Area Scan,Mono,Visible + NIR,2.4,1936 x 1216 px,48 fps,Yes,GigE Vision 1-Cable (PoE),1xCMOS,IMX174,5.86 x 5.86 µm,2.4 MP,1936 x 1216 px,1/1.2 inch,5.86 x 5.86 µm,Global shutter,13.4 mm,11.3 x 7.1 mm,29 x 29 x 51.5 mm,46 g,8/10/12-bit *,C-mount,3.02 Watt,-5°C to +45°C
JAI,Go Series,GO-2400M-PGE-1,Area Scan,Mono,Visible + NIR,2.4,1936 x 1216 px,48 fps,Yes,GigE Vision 1-Cable (PoE),1xCMOS,IMX174,5.86 x 5.86 µm,2.4 MP,1936 x 1216 px,1/1.2 inch,5.86 x 5.86 µm,Global shutter,13.4 mm,11.3 x 7.1 mm,29 x 29 x 51.5 mm,65 g,8/10/12-bit *,C-mount,3.3 Watt,-5°C to +45°C
JAI,Go Series,GO-2400M-PMCL,Area Scan,Mono,Visible + NIR,2.4,1936 x 1216 px,165 fps,Yes,Mini Camera Link (PoCL),1xCMOS,IMX174,5.86 x 5.86 µm,2.4 MP,1936 x 1216 px,1/1.2 inch,5.86 x 5.86 µm,Global shutter,13.4 mm,11.3 x 7.1 mm,29 x 29 x 51.5 mm,46 g,8/10/12-bit *,C-mount,2.76 Watt,-5°C to +45°C
JAI,Go Series,GO-2400M-PMCL-1,Area Scan,Mono,Visible + NIR,2.4,1936 x 1216 px,165 fps,Yes,Mini Camera Link (PoCL),1xCMOS,IMX174,5.86 x 5.86 µm,2.4 MP,1936 x 1216 px,1/1.2 inch,5.86 x 5.86 µm,Global shutter,13.4 mm,11.3 x 7.1 mm,29 x 29 x 51.5 mm,60 g,8/10/12-bit *,C-mount,2.94 Watt,-5°C to +45°C
JAI,Go Series,GO-2400M-USB,Area Scan,Mono,Visible + NIR,2.4,1936 x 1216 px,159 fps,Yes,USB3 Vision (PoUSB),1xCMOS,IMX174,5.86 x 5.86 µm,2.4 MP,1936 x 1216 px,1/1.2 inch,5.86 x 5.86 µm,Global shutter,13.4 mm,11.3 x 7.1 mm,29 x 29 x 51.5 mm,46 g,8/10/12-bit *,C-mount,4.1 Watt,-5°C to +45°C
JAI,Go Series,GO-2401C-PGE,Area Scan,Color,Visible,2.4,1936 x 1216 px,41 fps,Yes,GigE Vision 1-Cable (PoE),1xCMOS,IMX249,5.86 x 5.86 µm,2.4 MP,1936 x 1216 px,1/1.2 inch,5.86 x 5.86 µm,Global shutter,13.4 mm,11.3 x 7.1 mm,29 x 29 x 51.5 mm,46 g,8/10/12-bit *,C-mount,3.02 Watt,-5°C to +45°C
JAI,Go Series,GO-2401C-PGE-1,Area Scan,Color,Visible,2.4,1936 x 1216 px,41 fps,Yes,GigE Vision 1-Cable (PoE),1xCMOS,IMX249,5.86 x 5.86 µm,2.4 MP,1936 x 1216 px,1/1.2 inch,5.86 x 5.86 µm,Global shutter,13.4 mm,11.3 x 7.1 mm,29 x 29 x 51.5 mm,65 g,8/10/12-bit *,C-mount,3.3 Watt,-5°C to +45°C
JAI,Go Series,GO-2401M-PGE,Area Scan,Mono,Visible + NIR,2.4,1936 x 1216 px,41 fps,Yes,GigE Vision 1-Cable (PoE),1xCMOS,IMX249,5.86 x 5.86 µm,2.4 MP,1936 x 1216 px,1/1.2 inch,5.86 x 5.86 µm,Global shutter,13.4 mm,11.3 x 7.1 mm,29 x 29 x 51.5 mm,46 g,8/10/12-bit *,C-mount,3.02 Watt,-5°C to +45°C
JAI,Go Series,GO-2401M-PGE-1,Area Scan,Mono,Visible + NIR,2.4,1936 x 1216 px,41 fps,Yes,GigE Vision 1-Cable (PoE),1xCMOS,IMX249,5.86 x 5.86 µm,2.4 MP,1936 x 1216 px,1/1.2 inch,5.86 x 5.86 µm,Global shutter,13.4 mm,11.3 x 7.1 mm,29 x 29 x 51.5 mm,65 g,8/10/12-bit *,C-mount,3.3 Watt,-5°C to +45°C
JAI,Go Series,GO-5000M-PGE,Area Scan,Mono,Visible + NIR,5,2560 x 2048 px,22 fps,Yes,GigE Vision 1-Cable (PoE),1xCMOS,Lince5M,5.0 x  5.0 µm,5 MP,2560 x 2048 px,1 inch,5.0 x  5.0 µm,Global shutter,16.4 mm,12.8 x 10.2 mm,29 x 29 x 51.5 mm,46 g,8/10/12-bit,C-mount,3.19 Watt,-5°C to +45°C
JAI,Go Series,GO-5000M-PGE-1,Area Scan,Mono,Visible + NIR,5,2560 x 2048 px,22 fps,Yes,GigE Vision 1-Cable (PoE),1xCMOS,Lince5M,5.0 x  5.0 µm,5 MP,2560 x 2048 px,1 inch,5.0 x  5.0 µm,Global shutter,16.4 mm,12.8 x 10.2 mm,29 x 29 x 51.5 mm,65 g,8/10/12-bit,C-mount,3.3 Watt,-5°C to +45°C
JAI,Go Series,GO-5000M-PGE-UV-1,Area Scan,Mono,Visible + UV,5,2560 x 2048 px,22 fps,Yes,GigE Vision 1-Cable (PoE),1xCMOS,Lince5M,5.0 x  5.0 µm,5 MP,2560 x 2048 px,1 inch,5.0 x  5.0 µm,Global shutter,16.4 mm,12.8 x 10.2 mm,29 x 29 x 51.5 mm,65 g,8/10/12-bit,C-mount,3.3 Watt,-5°C to +45°C
JAI,Go Series,GO-5000M-PMCL,Area Scan,Mono,Visible + NIR,5,2560 x 2048 px,107 fps,Yes,Mini Camera Link (PoCL),1xCMOS,Lince5M,5.0 x  5.0 µm,5 MP,2560 x 2048 px,1 inch,5.0 x  5.0 µm,Global shutter,16.4 mm,12.8 x 10.2 mm,29 x 29 x 51.5 mm,46 g,8/10/12-bit,C-mount,3 Watt,-5°C to +45°C
JAI,Go Series,GO-5000M-PMCL-1,Area Scan,Mono,Visible + NIR,5,2560 x 2048 px,107 fps,Yes,Mini Camera Link (PoCL),1xCMOS,Lince5M,5.0 x  5.0 µm,5 MP,2560 x 2048 px,1 inch,5.0 x  5.0 µm,Global shutter,16.4 mm,12.8 x 10.2 mm,29 x 29 x 51.5 mm,60 g,8/10/12-bit,C-mount,3.24 Watt,-5°C to +45°C
JAI,Go Series,GO-5000M-PMCL-UV-1,Area Scan,Mono,Visible + UV,5,2560 x 2048 px,107 fps,Yes,Mini Camera Link (PoCL),1xCMOS,Lince5M,5.0 x  5.0 µm,5 MP,2560 x 2048 px,1 inch,5.0 x  5.0 µm,Global shutter,16.4 mm,12.8 x 10.2 mm,29 x 29 x 51.5 mm,60 g,8/10/12-bit,C-mount,3.1 Watt,-5°C to +45°C
JAI,Go Series,GO-5000M-USB,Area Scan,Mono,Visible + NIR,5,2560 x 2048 px,62 fps,Yes,USB3 Vision (PoUSB),1xCMOS,Lince5M,5.0 x  5.0 µm,5 MP,2560 x 2048 px,1 inch,5.0 x  5.0 µm,Global shutter,16.4 mm,12.8 x 10.2 mm,29 x 29 x 51.5 mm,46 g,8/10/12-bit,C-mount,3.6 Watt,-5°C to +45°C
JAI,Go Series,GO-5000M-USB-UV,Area Scan,Mono,Visible + UV,5,2560 x 2048 px,62 fps,Yes,USB3 Vision (PoUSB),1xCMOS,Lince5M,5.0 x  5.0 µm,5 MP,2560 x 2048 px,1 inch,5.0 x  5.0 µm,Global shutter,16.4 mm,12.8 x 10.2 mm,29 x 29 x 51.5 mm,46 g,8/10/12-bit,C-mount,3.19 Watt,-5°C to +45°C
JAI,Go Series,GO-5100C-PGE,Area Scan,Color,Visible,5.1,2464 x 2056 px,22 fps,Yes,GigE Vision 1-Cable (PoE),1xCMOS,IMX250,3.45 x 3.45 µm,5.1 MP,2464 x 2056 px,2/3 inch,3.45 x 3.45 µm,Global shutter,11.1 mm,8.5 x 7.1 mm,29 x 29 x 51.5 mm,46 g,8/10/12-bit *,C-mount,3.99 Watt,-5°C to +45°C
JAI,Go Series,GO-5100C-PGE-1,Area Scan,Color,Visible,5.1,2464 x 2056 px,22 fps,Yes,GigE Vision 1-Cable (PoE),1xCMOS,IMX250,3.45 x 3.45 µm,5.1 MP,2464 x 2056 px,2/3 inch,3.45 x 3.45 µm,Global shutter,11.1 mm,8.5 x 7.1 mm,29 x 29 x 51.5 mm,65 g,8/10/12-bit *,C-mount,3.5 Watt,-5°C to +45°C
JAI,Go Series,GO-5100C-USB,Area Scan,Color,Visible,5.1,2464 x 2056 px,74 fps,Yes,USB3 Vision (PoUSB),1xCMOS,IMX250,3.45 x 3.45 µm,5.1 MP,2464 x 2056 px,2/3 inch,3.45 x 3.45 µm,Global shutter,11.1 mm,8.5 x 7.1 mm,29 x 29 x 51.5 mm,46 g,8/10/12-bit *,C-mount,4.35 Watt,-5°C to +45°C
JAI,Go Series,GO-5100M-PGE,Area Scan,Mono,Visible + NIR,5.1,2464 x 2056 px,22 fps,Yes,GigE Vision 1-Cable (PoE),1xCMOS,IMX250,3.45 x 3.45 µm,5.1 MP,2464 x 2056 px,2/3 inch,3.45 x 3.45 µm,Global shutter,11.1 mm,8.5 x 7.1 mm,29 x 29 x 51.5 mm,46 g,8/10/12-bit *,C-mount,3.99 Watt,-5°C to +45°C
JAI,Go Series,GO-5100M-PGE-1,Area Scan,Mono,Visible + NIR,5.1,2464 x 2056 px,22 fps,Yes,GigE Vision 1-Cable (PoE),1xCMOS,IMX250,3.45 x 3.45 µm,5.1 MP,2464 x 2056 px,2/3 inch,3.45 x 3.45 µm,Global shutter,11.1 mm,8.5 x 7.1 mm,29 x 29 x 51.5 mm,65 g,8/10/12-bit *,C-mount,3.5 Watt,-5°C to +45°C
JAI,Go Series,GO-5100M-USB,Area Scan,Mono,Visible + NIR,5.1,2464 x 2056 px,74 fps,Yes,USB3 Vision (PoUSB),1xCMOS,IMX250,3.45 x 3.45 µm,5.1 MP,2464 x 2056 px,2/3 inch,3.45 x 3.45 µm,Global shutter,11.1 mm,8.5 x 7.1 mm,29 x 29 x 51.5 mm,46 g,8/10/12-bit *,C-mount,4.35 Watt,-5°C to +45°C
JAI,Go Series,GO-5100MP-PGE,Area Scan,Mono Polarized,Visible,5.1,2464 x 2056 px,22 fps,Yes,GigE Vision 1-Cable (PoE),1xCMOS - Polarized,IMX250MZR,3.45 x 3.45 µm,5.1 MP,2464 x 2056 px,2/3 inch,3.45 x 3.45 µm,Global shutter,11.1 mm,8.5 x 7.1 mm,29 x 29 x 51.5 mm,46 g,8/10/12-bit *,C-mount,3.99 Watt,-5°C to +45°C
JAI,Go Series,GO-5100MP-USB,Area Scan,Mono Polarized,Visible,5.1,2464 x 2056 px,74 fps,Yes,USB3 Vision (PoUSB),1xCMOS - Polarized,IMX250MZR,3.45 x 3.45 µm,5.1 MP,2464 x 2056 px,2/3 inch,3.45 x 3.45 µm,Global shutter,11.1 mm,8.5 x 7.1 mm,29 x 29 x 51.5 mm,46 g,8/10/12-bit *,C-mount,4.35 Watt,-5°C to +45°C
JAI,Go Series,GO-5101C-PGE,Area Scan,Color,Visible,5.1,2464 x 2056 px,22 fps,Yes,GigE Vision 1-Cable (PoE),1xCMOS,IMX264,3.45 x 3.45 µm,5.1 MP,2464 x 2056 px,2/3 inch,3.45 x 3.45 µm,Global shutter,11.1 mm,8.5 x 7.1 mm,29 x 29 x 51.5 mm,46 g,8/10/12-bit *,C-mount,3.99 Watt,-5°C to +45°C
JAI,Go Series,GO-5101C-PGE-1,Area Scan,Color,Visible,5.1,2464 x 2056 px,22 fps,Yes,GigE Vision 1-Cable (PoE),1xCMOS,IMX264,3.45 x 3.45 µm,5.1 MP,2464 x 2056 px,2/3 inch,3.45 x 3.45 µm,Global shutter,11.1 mm,8.5 x 7.1 mm,29 x 29 x 51.5 mm,65 g,8/10/12-bit *,C-mount,3.5 Watt,-5°C to +45°C
JAI,Go Series,GO-5101C-PMCL,Area Scan,Color,Visible,5.1,2464 x 2056 px,35 fps,Yes,Mini Camera Link (PoCL),1xCMOS,IMX264,3.45 x 3.45 µm,5.1 MP,2464 x 2056 px,2/3 inch,3.45 x 3.45 µm,Global shutter,11.1 mm,8.5 x 7.1 mm,29 x 29 x 51.5 mm,46 g,8/10/12-bit *,C-mount,2.88 Watt,-5°C to +45°C
JAI,Go Series,GO-5101C-PMCL-1,Area Scan,Color,Visible,5.1,2464 x 2056 px,35 fps,Yes,Mini Camera Link (PoCL),1xCMOS,IMX264,3.45 x 3.45 µm,5.1 MP,2464 x 2056 px,2/3 inch,3.45 x 3.45 µm,Global shutter,11.1 mm,8.5 x 7.1 mm,29 x 29 x 51.5 mm,60 g,8/10/12-bit *,C-mount,2.88 Watt,-5°C to +45°C
JAI,Go Series,GO-5101M-PGE,Area Scan,Mono,Visible + NIR,5.1,2464 x 2056 px,22 fps,Yes,GigE Vision 1-Cable (PoE),1xCMOS,IMX264,3.45 x 3.45 µm,5.1 MP,2464 x 2056 px,2/3 inch,3.45 x 3.45 µm,Global shutter,11.1 mm,8.5 x 7.1 mm,29 x 29 x 51.5 mm,46 g,8/10/12-bit *,C-mount,3.99 Watt,-5°C to +45°C
JAI,Go Series,GO-5101M-PGE-1,Area Scan,Mono,Visible + NIR,5.1,2464 x 2056 px,22 fps,Yes,GigE Vision 1-Cable (PoE),1xCMOS,IMX264,3.45 x 3.45 µm,5.1 MP,2464 x 2056 px,2/3 inch,3.45 x 3.45 µm,Global shutter,11.1 mm,8.5 x 7.1 mm,29 x 29 x 51.5 mm,65 g,8/10/12-bit *,C-mount,3.2 Watt,-5°C to +45°C
JAI,Go Series,GO-5101M-PMCL,Area Scan,Mono,Visible + NIR,5.1,2464 x 2056 px,35 fps,Yes,Mini Camera Link (PoCL),1xCMOS,IMX264,3.45 x 3.45 µm,5.1 MP,2464 x 2056 px,2/3 inch,3.45 x 3.45 µm,Global shutter,11.1 mm,8.5 x 7.1 mm,29 x 29 x 51.5 mm,46 g,8/10/12-bit *,C-mount,2.88 Watt,-5°C to +45°C
JAI,Go Series,GO-5101M-PMCL-1,Area Scan,Mono,Visible + NIR,5.1,2464 x 2056 px,35 fps,Yes,Mini Camera Link (PoCL),1xCMOS,IMX264,3.45 x 3.45 µm,5.1 MP,2464 x 2056 px,2/3 inch,3.45 x 3.45 µm,Global shutter,11.1 mm,8.5 x 7.1 mm,29 x 29 x 51.5 mm,60 g,8/10/12-bit *,C-mount,2.88 Watt,-5°C to +45°C
JAI,Go Series,GO-8105M-5GE-UV,Area Scan,Mono,Visible + UV,8.1,2856 x 2848 px,66 fps,Yes,5 Gbps GigE Vision (PoE),1xCMOS,IMX487-AAMJ,2.74 x 2.74 µm,8.1 MP,2856 x 2848 px,2/3 inch,2.74 x 2.74 µm,Global shutter,11.1 mm,7.8 x 7.8 mm,29 x 29 x 68 mm,94 g,8/10/12-bit,C-mount,5.4 Watt,-5°C to +45°C
JAI,Go-X Series,GOX-12401C-PGE,Area Scan,Color,Visible,12.3,4096 x 3000 px,9 fps,Yes,GigE Vision 1-Cable (PoE),1xCMOS,IMX304,3.45 x 3.45 µm,12.3 MP,4096 x 3000 px,1.1 inch,3.45 x 3.45 µm,Global shutter,17.5 mm,14.1 x 10.3 mm,29 x 29 x 51.5 mm,65 g,8/10/12-bit *,C-mount,3.7 Watt,-5°C to +45°C
JAI,Go-X Series,GOX-12401C-USB,Area Scan,Color,Visible,12.3,4096 x 3000 px,23 fps,Yes,USB3 Vision (PoUSB),1xCMOS,IMX304,3.45 x 3.45 µm,12.3 MP,4096 x 3000 px,1.1 inch,3.45 x 3.45 µm,Global shutter,17.5 mm,14.1 x 10.3 mm,29 x 29 x 51.5 mm,65 g,8/10/12-bit *,C-mount,4.3 Watt,-5°C to +45°C
JAI,Go-X Series,GOX-12401M-PGE,Area Scan,Mono,Visible + NIR,12.3,4096 x 3000 px,9 fps,Yes,GigE Vision 1-Cable (PoE),1xCMOS,IMX304,3.45 x 3.45 µm,12.3 MP,4096 x 3000 px,1.1 inch,3.45 x 3.45 µm,Global shutter,17.5 mm,14.1 x 10.3 mm,29 x 29 x 51.5 mm,65 g,8/10/12-bit *,C-mount,3.7 Watt,-5°C to +45°C
JAI,Go-X Series,GOX-12401M-USB,Area Scan,Mono,Visible + NIR,12.3,4096 x 3000 px,23 fps,Yes,USB3 Vision (PoUSB),1xCMOS,IMX304,3.45 x 3.45 µm,12.3 MP,4096 x 3000 px,1.1 inch,3.45 x 3.45 µm,Global shutter,17.5 mm,14.1 x 10.3 mm,29 x 29 x 51.5 mm,65 g,8/10/12-bit *,C-mount,4.3 Watt,-5°C to +45°C
JAI,Go-X Series,GOX-12405C-5GE,Area Scan,Color,Visible,12.4,4128 x 3008 px,43 fps,Yes,5 Gbps GigE Vision (PoE),1xCMOS,IMX545 Pregius S,2.74 x 2.74 µm,12.4 MP,4128 x 3008 px,1/1.1 inch,2.74 x 2.74 µm,Global shutter,14 mm,11.3 x 8.2 mm,29 x 29 x 68 mm,75 g,8/10/12-bit,C-mount,5.4 Watt,-5°C to +45°C
JAI,Go-X Series,GOX-12405C-CXP,Area Scan,Color,Visible,12.4,4128 x 3008 px,47 fps,Yes,CoaXPress-1-Lane (PoCXP),1xCMOS,IMX545 Pregius S,2.74 x 2.74 µm,12.4 MP,4128 x 3008 px,1/1.1 inch,2.74 x 2.74 µm,Global shutter,14 mm,11.3 x 8.2 mm,29 x 29 x 55 mm,60 g,8/10/12-bit,C-mount,4.1 Watt,-5°C to +45°C
JAI,Go-X Series,GOX-12405C-PGE,Area Scan,Color,Visible,12.4,4128 x 3008 px,9 fps,Yes,GigE Vision 1-Cable (PoE),1xCMOS,IMX545 Pregius S,2.74 x 2.74 µm,12.4 MP,4128 x 3008 px,1/1.1 inch,2.74 x 2.74 µm,Global shutter,14 mm,11.3 x 8.2 mm,29 x 29 x 55 mm,94 g,8/10/12-bit,C-mount,4.1 Watt,-5°C to +45°C
JAI,Go-X Series,GOX-12405M-5GE,Area Scan,Mono,Visible + NIR,12.4,4128 x 3008 px,43 fps,Yes,5 Gbps GigE Vision (PoE),1xCMOS,IMX545 Pregius S,2.74 x 2.74 µm,12.4 MP,4128 x 3008 px,1/1.1 inch,2.74 x 2.74 µm,Global shutter,14 mm,11.3 x 8.2 mm,29 x 29 x 68 mm,94 g,8/10/12-bit,C-mount,5.4 Watt,-5°C to +45°C
JAI,Go-X Series,GOX-12405M-CXP,Area Scan,Mono,Visible + NIR,12.4,4128 x 3008 px,47 fps,Yes,CoaXPress-1-Lane (PoCXP),1xCMOS,IMX545 Pregius S,2.74 x 2.74 µm,12.4 MP,4128 x 3008 px,1/1.1 inch,2.74 x 2.74 µm,Global shutter,14 mm,11.3 x 8.2 mm,29 x 29 x 55 mm,60 g,8/10/12-bit,C-mount,4.1 Watt,-5°C to +45°C
JAI,Go-X Series,GOX-12405M-PGE,Area Scan,Mono,Visible + NIR,12.4,4128 x 3008 px,9 fps,Yes,GigE Vision 1-Cable (PoE),1xCMOS,IMX545 Pregius S,2.74 x 2.74 µm,12.4 MP,4128 x 3008 px,1/1.1 inch,2.74 x 2.74 µm,Global shutter,14 mm,11.3 x 8.2 mm,29 x 29 x 55 mm,65 g,8/10/12-bit,C-mount,4.1 Watt,-5°C to +45°C
JAI,Go-X Series,GOX-12409C-PGE,Area Scan,Color,Visible,12.2,4016 x 3036 px,9 fps,Yes,GigE Vision 1-Cable (PoE),1xCMOS,IMX226 (Rolling),1.85 x 1.85 µm,12.2 MP,4016 x 3036 px,1/1.7 inch,1.85 x 1.85 µm,Rolling shutter,9.3 mm,7.4 x 5.6 mm,29 x 29 x 51.5 mm,65 g,8-bit,C-mount,3.7 Watt,-5°C to +45°C
JAI,Go-X Series,GOX-12409M-PGE,Area Scan,Mono,Visible + NIR,12.2,4016 x 3036 px,9 fps,Yes,GigE Vision 1-Cable (PoE),1xCMOS,IMX226 (Rolling),1.85 x 1.85 µm,12.2 MP,4016 x 3036 px,1/1.7 inch,1.85 x 1.85 µm,Rolling shutter,9.3 mm,7.4 x 5.6 mm,29 x 29 x 51.5 mm,65 g,8-bit,C-mount,3.7 Watt,-5°C to +45°C
JAI,Go-X Series,GOX-16205C-5GE,Area Scan,Color,Visible,16.2,5328 x 3040 px,33 fps,Yes,5 Gbps GigE Vision (PoE),1xCMOS,IMX542 Pregius S,2.74 x 2.74 µm,16.2 MP,5328 x 3040 px,1.1 inch,2.74 x 2.74 µm,Global shutter,16.8 mm,14.6 x 8.3 mm,29 x 29 x 68 mm,94 g,8/10/12-bit,C-mount,5.4 Watt,-5°C to +45°C
JAI,Go-X Series,GOX-16205C-CXP,Area Scan,Color,Visible,16.2,5328 x 3040 px,36 fps,Yes,CoaXPress-1-Lane (PoCXP),1xCMOS,IMX542 Pregius S,2.74 x 2.74 µm,16.2 MP,5328 x 3040 px,1.1 inch,2.74 x 2.74 µm,Global shutter,16.8 mm,14.6 x 8.3 mm,29 x 29 x 55 mm,60 g,8/10/12-bit,C-mount,4.1 Watt,-5°C to +45°C
JAI,Go-X Series,GOX-16205C-PGE,Area Scan,Color,Visible,16.2,5328 x 3040 px,7 fps,Yes,GigE Vision 1-Cable (PoE),1xCMOS,IMX542 Pregius S,2.74 x 2.74 µm,16.2 MP,5328 x 3040 px,1.1 inch,2.74 x 2.74 µm,Global shutter,16.8 mm,14.6 x 8.3 mm,29 x 29 x 55 mm,65 g,8/10/12-bit,C-mount,4.1 Watt,-5°C to +45°C
JAI,Go-X Series,GOX-16205M-5GE,Area Scan,Mono,Visible + NIR,16.2,5328 x 3040 px,33 fps,Yes,5 Gbps GigE Vision (PoE),1xCMOS,IMX542 Pregius S,2.74 x 2.74 µm,16.2 MP,5328 x 3040 px,1.1 inch,2.74 x 2.74 µm,Global shutter,16.8 mm,14.6 x 8.3 mm,29 x 29 x 68 mm,94 g,8/10/12-bit,C-mount,5.4 Watt,-5°C to +45°C
JAI,Go-X Series,GOX-16205M-CXP,Area Scan,Mono,Visible + NIR,16.2,5328 x 3040 px,36 fps,Yes,CoaXPress-1-Lane (PoCXP),1xCMOS,IMX542 Pregius S,2.74 x 2.74 µm,16.2 MP,5328 x 3040 px,1.1 inch,2.74 x 2.74 µm,Global shutter,16.8 mm,14.6 x 8.3 mm,29 x 29 x 55 mm,60 g,8/10/12-bit,C-mount,4.1 Watt,-5°C to +45°C
JAI,Go-X Series,GOX-16205M-PGE,Area Scan,Mono,Visible + NIR,16.2,5328 x 3040 px,7 fps,Yes,GigE Vision 1-Cable (PoE),1xCMOS,IMX542 Pregius S,2.74 x 2.74 µm,16.2 MP,5328 x 3040 px,1.1 inch,2.74 x 2.74 µm,Global shutter,16.8 mm,14.6 x 8.3 mm,29 x 29 x 55 mm,65 g,8/10/12-bit,C-mount,4.1 Watt,-5°C to +45°C
JAI,Go-X Series,GOX-20405C-5GE,Area Scan,Color,Visible,20.3,4512 x 4512 px,27 fps,Yes,5 Gbps GigE Vision (PoE),1xCMOS,IMX541 Pregius S,2.74 x 2.74 µm,20.3 MP,4512 x 4512 px,1.1 inch,2.74 x 2.74 µm,Global shutter,17.5 mm,12.4 x 12.4 mm,29 x 29 x 68 mm,94 g,8/10/12-bit,C-mount,5.4 Watt,-5°C to +45°C
JAI,Go-X Series,GOX-20405C-CXP,Area Scan,Color,Visible,20.3,4512 x 4512 px,29 fps,Yes,CoaXPress-1-Lane (PoCXP),1xCMOS,IMX541 Pregius S,2.74 x 2.74 µm,20.3 MP,4512 x 4512 px,1.1 inch,2.74 x 2.74 µm,Global shutter,17.5 mm,12.4 x 12.4 mm,29 x 29 x 55 mm,60 g,8/10/12-bit,C-mount,4.1 Watt,-5°C to +45°C
JAI,Go-X Series,GOX-20405C-PGE,Area Scan,Color,Visible,20.3,4512 x 4512 px,5 fps,Yes,GigE Vision 1-Cable (PoE),1xCMOS,IMX541 Pregius S,2.74 x 2.74 µm,20.3 MP,4512 x 4512 px,1.1 inch,2.74 x 2.74 µm,Global shutter,17.5 mm,12.4 x 12.4 mm,29 x 29 x 55 mm,65 g,8/10/12-bit,C-mount,4.1 Watt,-5°C to +45°C
JAI,Go-X Series,GOX-20405M-5GE,Area Scan,Mono,Visible + NIR,20.3,4512 x 4512 px,27 fps,Yes,5 Gbps GigE Vision (PoE),1xCMOS,IMX541 Pregius S,2.74 x 2.74 µm,20.3 MP,4512 x 4512 px,1.1 inch,2.74 x 2.74 µm,Global shutter,17.5 mm,12.4 x 12.4 mm,29 x 29 x 68 mm,94 g,8/10/12-bit,C-mount,5.4 Watt,-5°C to +45°C
JAI,Go-X Series,GOX-20405M-CXP,Area Scan,Mono,Visible + NIR,20.3,4512 x 4512 px,29 fps,Yes,CoaXPress-1-Lane (PoCXP),1xCMOS,IMX541 Pregius S,2.74 x 2.74 µm,20.3 MP,4512 x 4512 px,1.1 inch,2.74 x 2.74 µm,Global shutter,17.5 mm,12.4 x 12.4 mm,29 x 29 x 55 mm,60 g,8/10/12-bit,C-mount,4.1 Watt,-5°C to +45°C
JAI,Go-X Series,GOX-20405M-PGE,Area Scan,Mono,Visible + NIR,20.3,4512 x 4512 px,5 fps,Yes,GigE Vision 1-Cable (PoE),1xCMOS,IMX541 Pregius S,2.74 x 2.74 µm,20.3 MP,4512 x 4512 px,1.1 inch,2.74 x 2.74 µm,Global shutter,17.5 mm,12.4 x 12.4 mm,29 x 29 x 55 mm,65 g,8/10/12-bit,C-mount,4.1 Watt,-5°C to +45°C
JAI,Go-X Series,GOX-20409C-PGE,Area Scan,Color,Visible,20,5472 x 3648 px,5 fps,Yes,GigE Vision 1-Cable (PoE),1xCMOS,IMX183 (Rolling),2.4 x 2.4 µm,20 MP,5472 x 3648 px,1 inch,2.4 x 2.4 µm,Rolling shutter,15.8 mm,13.1 x 8.8 mm,29 x 29 x 51.5 mm,65 g,8-bit,C-mount,3.7 Watt,-5°C to +45°C
JAI,Go-X Series,GOX-20409M-PGE,Area Scan,Mono,Visible + NIR,20,5472 x 3648 px,5 fps,Yes,GigE Vision 1-Cable (PoE),1xCMOS,IMX183 (Rolling),2.4 x 2.4 µm,20 MP,5472 x 3648 px,1 inch,2.4 x 2.4 µm,Rolling shutter,15.8 mm,13.1 x 8.8 mm,29 x 29 x 51.5 mm,65 g,8-bit,C-mount,3.7 Watt,-5°C to +45°C
JAI,Go-X Series,GOX-2402C-PGE,Area Scan,Color,Visible,2.3,1920 x 1200 px,50 fps,Yes,GigE Vision 1-Cable (PoE),1xCMOS,IMX392,3.45 x 3.45 µm,2.3 MP,1920 x 1200 px,1/2.3 inch,3.45 x 3.45 µm,Global shutter,7.8 mm,6.6 x 4.1 mm,29 x 29 x 51.5 mm,65 g,8/10/12-bit *,C-mount or CS-mount,3.7 Watt,-5°C to +45°C
JAI,Go-X Series,GOX-2402C-USB,Area Scan,Color,Visible,2.3,1920 x 1200 px,162 fps,Yes,USB3 Vision (PoUSB),1xCMOS,IMX392,3.45 x 3.45 µm,2.3 MP,1920 x 1200 px,1/2.3 inch,3.45 x 3.45 µm,Global shutter,7.8 mm,6.6 x 4.1 mm,29 x 29 x 51.5 mm,65 g,8/10/12-bit *,C-mount,4.3 Watt,-5°C to +45°C
JAI,Go-X Series,GOX-2402M-PGE,Area Scan,Mono,Visible + NIR,2.3,1920 x 1200 px,50 fps,Yes,GigE Vision 1-Cable (PoE),1xCMOS,IMX392,3.45 x 3.45 µm,2.3 MP,1920 x 1200 px,1/2.3 inch,3.45 x 3.45 µm,Global shutter,7.8 mm,6.6 x 4.1 mm,29 x 29 x 51.5 mm,65 g,8/10/12-bit *,C-mount or CS-mount,3.7 Watt,-5°C to +45°C
JAI,Go-X Series,GOX-2402M-USB,Area Scan,Mono,Visible + NIR,2.3,1920 x 1200 px,162 fps,Yes,USB3 Vision (PoUSB),1xCMOS,IMX392,3.45 x 3.45 µm,2.3 MP,1920 x 1200 px,1/2.3 inch,3.45 x 3.45 µm,Global shutter,7.8 mm,6.6 x 4.1 mm,29 x 29 x 51.5 mm,65 g,8/10/12-bit *,C-mount,4.3 Watt,-5°C to +45°C
JAI,Go-X Series,GOX-24505C-5GE,Area Scan,Color,Visible,24.5,5328 x 4608 px,22 fps,Yes,5 Gbps GigE Vision (PoE),1xCMOS,IMX540 Pregius S,2.74 x 2.74 µm,24.5 MP,5328 x 4608 px,1.2 inch,2.74 x 2.74 µm,Global shutter,19.3 mm,14.6 x 12.6 mm,29 x 29 x 68 mm,94 g,8/10/12-bit,C-mount,5.4 Watt,-5°C to +45°C
JAI,Go-X Series,GOX-24505C-CXP,Area Scan,Color,Visible,24.5,5328 x 4608 px,24 fps,Yes,CoaXPress-1-Lane (PoCXP),1xCMOS,IMX540 Pregius S,2.74 x 2.74 µm,24.5 MP,5328 x 4608 px,1.2 inch,2.74 x 2.74 µm,Global shutter,19.3 mm,14.6 x 12.6 mm,29 x 29 x 55 mm,60 g,8/10/12-bit,C-mount,4.1 Watt,-5°C to +45°C
JAI,Go-X Series,GOX-24505C-PGE,Area Scan,Color,Visible,24.5,5328 x 4608 px,4 fps,Yes,GigE Vision 1-Cable (PoE),1xCMOS,IMX540 Pregius S,2.74 x 2.74 µm,24.5 MP,5328 x 4608 px,1.2 inch,2.74 x 2.74 µm,Global shutter,19.3 mm,14.6 x 12.6 mm,29 x 29 x 55 mm,65 g,8/10/12-bit,C-mount,4.1 Watt,-5°C to +45°C
JAI,Go-X Series,GOX-24505M-5GE,Area Scan,Mono,Visible + NIR,24.5,5328 x 4608 px,22 fps,Yes,5 Gbps GigE Vision (PoE),1xCMOS,IMX540 Pregius S,2.74 x 2.74 µm,24.5 MP,5328 x 4608 px,1.2 inch,2.74 x 2.74 µm,Global shutter,19.3 mm,14.6 x 12.6 mm,29 x 29 x 68 mm,94 g,8/10/12-bit,C-mount,5.4 Watt,-5°C to +45°C
JAI,Go-X Series,GOX-24505M-CXP,Area Scan,Mono,Visible + NIR,24.5,5328 x 4608 px,24 fps,Yes,CoaXPress-1-Lane (PoCXP),1xCMOS,IMX540 Pregius S,2.74 x 2.74 µm,24.5 MP,5328 x 4608 px,1.2 inch,2.74 x 2.74 µm,Global shutter,19.3 mm,14.6 x 12.6 mm,29 x 29 x 55 mm,60 g,8/10/12-bit,C-mount,4.1 Watt,-5°C to +45°C
JAI,Go-X Series,GOX-24505M-PGE,Area Scan,Mono,Visible + NIR,24.5,5328 x 4608 px,4 fps,Yes,GigE Vision 1-Cable (PoE),1xCMOS,IMX540 Pregius S,2.74 x 2.74 µm,24.5 MP,5328 x 4608 px,1.2 inch,2.74 x 2.74 µm,Global shutter,19.3 mm,14.6 x 12.6 mm,29 x 29 x 55 mm,65 g,8/10/12-bit,C-mount,4.1 Watt,-5°C to +45°C
JAI,Go-X Series,GOX-3200C-USB,Area Scan,Color,Visible,3.2,2048 x 1536 px,119 fps,Yes,USB3 Vision (PoUSB),1xCMOS,IMX252,3.45 x 3.45 µm,3.2 MP,2048 x 1536 px,1/1.8 inch,3.45 x 3.45 µm,Global shutter,8.8 mm,7.1 x 5.3 mm,29 x 29 x 51.5 mm,65 g,8/10/12-bit *,C-mount,4.3 Watt,-5°C to +45°C
JAI,Go-X Series,GOX-3200M-USB,Area Scan,Mono,Visible + NIR,3.2,2048 x 1536 px,119 fps,Yes,USB3 Vision (PoUSB),1xCMOS,IMX252,3.45 x 3.45 µm,3.2 MP,2048 x 1536 px,1/1.8 inch,3.45 x 3.45 µm,Global shutter,8.8 mm,7.1 x 5.3 mm,29 x 29 x 51.5 mm,65 g,8/10/12-bit *,C-mount,4.3 Watt,-5°C to +45°C
JAI,Go-X Series,GOX-3201C-PGE,Area Scan,Color,Visible,3.2,2048 x 1536 px,36 fps,Yes,GigE Vision 1-Cable (PoE),1xCMOS,IMX265,3.45 x 3.45 µm,3.2 MP,2048 x 1536 px,1/1.8 inch,3.45 x 3.45 µm,Global shutter,8.8 mm,7.1 x 5.3 mm,29 x 29 x 51.5 mm,65 g,8/10/12-bit *,C-mount or CS-mount,3.7 Watt,-5°C to +45°C
JAI,Go-X Series,GOX-3201C-USB,Area Scan,Color,Visible,3.2,2048 x 1536 px,55 fps,Yes,USB3 Vision (PoUSB),1xCMOS,IMX265,3.45 x 3.45 µm,3.2 MP,2048 x 1536 px,1/1.8 inch,3.45 x 3.45 µm,Global shutter,8.8 mm,7.1 x 5.3 mm,29 x 29 x 51.5 mm,65 g,8/10/12-bit *,C-mount,4.3 Watt,-5°C to +45°C
JAI,Go-X Series,GOX-3201M-PGE,Area Scan,Mono,Visible + NIR,3.2,2048 x 1536 px,36 fps,Yes,GigE Vision 1-Cable (PoE),1xCMOS,IMX265,3.45 x 3.45 µm,3.2 MP,2048 x 1536 px,1/1.8 inch,3.45 x 3.45 µm,Global shutter,8.8 mm,7.1 x 5.3 mm,29 x 29 x 51.5 mm,65 g,8/10/12-bit *,C-mount or CS-mount,3.7 Watt,-5°C to +45°C
JAI,Go-X Series,GOX-3201M-USB,Area Scan,Mono,Visible + NIR,3.2,2048 x 1536 px,55 fps,Yes,USB3 Vision (PoUSB),1xCMOS,IMX265,3.45 x 3.45 µm,3.2 MP,2048 x 1536 px,1/1.8 inch,3.45 x 3.45 µm,Global shutter,8.8 mm,7.1 x 5.3 mm,29 x 29 x 51.5 mm,65 g,8/10/12-bit *,C-mount,4.3 Watt,-5°C to +45°C
JAI,Go-X Series,GOX-5102C-USB,Area Scan,Color,Visible,5,2448 x 2048 px,74 fps,Yes,USB3 Vision (PoUSB),1xCMOS,IMX250,3.45 x 3.45 µm,5 MP,2448 x 2048 px,2/3 inch,3.45 x 3.45 µm,Global shutter,11 mm,8.5 x 7.1 mm,29 x 29 x 51.5 mm,65 g,8/10/12-bit *,C-mount,4.3 Watt,-5°C to +45°C
JAI,Go-X Series,GOX-5102M-USB,Area Scan,Mono,Visible + NIR,5,2448 x 2048 px,74 fps,Yes,USB3 Vision (PoUSB),1xCMOS,IMX250,3.45 x 3.45 µm,5 MP,2448 x 2048 px,2/3 inch,3.45 x 3.45 µm,Global shutter,11 mm,8.5 x 7.1 mm,29 x 29 x 51.5 mm,65 g,8/10/12-bit *,C-mount,4.3 Watt,-5°C to +45°C
JAI,Go-X Series,GOX-5103C-PGE,Area Scan,Color,Visible,5,2448 x 2048 px,22 fps,Yes,GigE Vision 1-Cable (PoE),1xCMOS,IMX264,3.45 x 3.45 µm,5 MP,2448 x 2048 px,2/3 inch,3.45 x 3.45 µm,Global shutter,11 mm,8.5 x 7.1 mm,29 x 29 x 51.5 mm,65 g,8/10/12-bit *,C-mount or CS-mount,3.7 Watt,-5°C to +45°C
JAI,Go-X Series,GOX-5103C-USB,Area Scan,Color,Visible,5,2448 x 2048 px,35 fps,Yes,USB3 Vision (PoUSB),1xCMOS,IMX264,3.45 x 3.45 µm,5 MP,2448 x 2048 px,2/3 inch,3.45 x 3.45 µm,Global shutter,11 mm,8.5 x 7.1 mm,29 x 29 x 51.5 mm,65 g,8/10/12-bit *,C-mount,4.3 Watt,-5°C to +45°C
JAI,Go-X Series,GOX-5103M-PGE,Area Scan,Mono,Visible + NIR,5,2448 x 2048 px,22 fps,Yes,GigE Vision 1-Cable (PoE),1xCMOS,IMX264,3.45 x 3.45 µm,5 MP,2448 x 2048 px,2/3 inch,3.45 x 3.45 µm,Global shutter,11 mm,8.5 x 7.1 mm,29 x 29 x 51.5 mm,65 g,8/10/12-bit *,C-mount or CS-mount,3.7 Watt,-5°C to +45°C
JAI,Go-X Series,GOX-5103M-USB,Area Scan,Mono,Visible + NIR,5,2448 x 2048 px,35 fps,Yes,USB3 Vision (PoUSB),1xCMOS,IMX264,3.45 x 3.45 µm,5 MP,2448 x 2048 px,2/3 inch,3.45 x 3.45 µm,Global shutter,11 mm,8.5 x 7.1 mm,29 x 29 x 51.5 mm,65 g,8/10/12-bit *,C-mount,4.3 Watt,-5°C to +45°C
JAI,Go-X Series,GOX-5105C-5GE,Area Scan,Color,Visible,5.1,2472 x 2064 px,103 fps,Yes,5 Gbps GigE Vision (PoE),1xCMOS,IMX547 Pregius S,2.74 x 2.74 µm,5.1 MP,2472 x 2064 px,1/1.8 inch,2.74 x 2.74 µm,Global shutter,8.8 mm,6.8 x 5.7 mm,29 x 29 x 68 mm,94 g,8/10/12-bit,C-mount,5.4 Watt,-5°C to +45°C
JAI,Go-X Series,GOX-5105C-CXP,Area Scan,Color,Visible,5.1,2472 x 2064 px,112 fps,Yes,CoaXPress-1-Lane (PoCXP),1xCMOS,IMX547 Pregius S,2.74 x 2.74 µm,5.1 MP,2472 x 2064 px,1/1.8 inch,2.74 x 2.74 µm,Global shutter,8.8 mm,6.8 x 5.7 mm,29 x 29 x 55 mm,60 g,8/10/12-bit,C-mount,4.1 Watt,-5°C to +45°C
JAI,Go-X Series,GOX-5105C-PGE,Area Scan,Color,Visible,5.1,2472 x 2064 px,23 fps,Yes,GigE Vision 1-Cable (PoE),1xCMOS,IMX547 Pregius S,2.74 x 2.74 µm,5.1 MP,2472 x 2064 px,1/1.8 inch,2.74 x 2.74 µm,Global shutter,8.8 mm,6.8 x 5.7 mm,29 x 29 x 55 mm,65 g,8/10/12-bit,C-mount,4.1 Watt,-5°C to +45°C
JAI,Go-X Series,GOX-5105M-5GE,Area Scan,Mono,Visible + NIR,5.1,2472 x 2064 px,103 fps,Yes,5 Gbps GigE Vision (PoE),1xCMOS,IMX547 Pregius S,2.74 x 2.74 µm,5.1 MP,2472 x 2064 px,1/1.8 inch,2.74 x 2.74 µm,Global shutter,8.8 mm,6.8 x 5.7 mm,29 x 29 x 68 mm,94 g,8/10/12-bit,C-mount,5.4 Watt,-5°C to +45°C
JAI,Go-X Series,GOX-5105M-CXP,Area Scan,Mono,Visible + NIR,5.1,2472 x 2064 px,112 fps,Yes,CoaXPress-1-Lane (PoCXP),1xCMOS,IMX547 Pregius S,2.74 x 2.74 µm,5.1 MP,2472 x 2064 px,1/1.8 inch,2.74 x 2.74 µm,Global shutter,8.8 mm,6.8 x 5.7 mm,29 x 29 x 55 mm,60 g,8/10/12-bit,C-mount,4.1 Watt,-5°C to +45°C
JAI,Go-X Series,GOX-5105M-PGE,Area Scan,Mono,Visible + NIR,5.1,2472 x 2064 px,23 fps,Yes,GigE Vision 1-Cable (PoE),1xCMOS,IMX547 Pregius S,2.74 x 2.74 µm,5.1 MP,2472 x 2064 px,1/1.8 inch,2.74 x 2.74 µm,Global shutter,8.8 mm,6.8 x 5.7 mm,29 x 29 x 55 mm,65 g,8/10/12-bit,C-mount,4.1 Watt,-5°C to +45°C
JAI,Go-X Series,GOX-6409C-PGE,Area Scan,Color,Visible,6.3,3088 x 2064 px,18 fps,Yes,GigE Vision 1-Cable (PoE),1xCMOS,IMX178 (Rolling),2.4 x 2.4 µm,6.3 MP,3088 x 2064 px,1/1.8 inch,2.4 x 2.4 µm,Rolling shutter,8.8 mm,7.4 x 4.9 mm,29 x 29 x 51.5 mm,65 g,8-bit,C-mount,3.7 Watt,-5°C to +45°C
JAI,Go-X Series,GOX-6409M-PGE,Area Scan,Mono,Visible + NIR,6.3,3088 x 2064 px,18 fps,Yes,GigE Vision 1-Cable (PoE),1xCMOS,IMX178 (Rolling),2.4 x 2.4 µm,6.3 MP,3088 x 2064 px,1/1.8 inch,2.4 x 2.4 µm,Rolling shutter,8.8 mm,7.4 x 4.9 mm,29 x 29 x 51.5 mm,65 g,8-bit,C-mount,3.7 Watt,-5°C to +45°C
JAI,Go-X Series,GOX-8105C-5GE,Area Scan,Color,Visible,8.1,2856 x 2848 px,66 fps,Yes,5 Gbps GigE Vision (PoE),1xCMOS,IMX546 Pregius S,2.74 x 2.74 µm,8.1 MP,2856 x 2848 px,2/3 inch,2.74 x 2.74 µm,Global shutter,11.1 mm,7.8 x 7.8 mm,29 x 29 x 68 mm,94 g,8/10/12-bit,C-mount,5.4 Watt,-5°C to +45°C
JAI,Go-X Series,GOX-8105C-CXP,Area Scan,Color,Visible,8.1,2856 x 2848 px,71 fps,Yes,CoaXPress-1-Lane (PoCXP),1xCMOS,IMX546 Pregius S,2.74 x 2.74 µm,8.1 MP,2856 x 2848 px,2/3 inch,2.74 x 2.74 µm,Global shutter,11.1 mm,7.8 x 7.8 mm,29 x 29 x 55 mm,60 g,8/10/12-bit,C-mount,4.1 Watt,-5°C to +45°C
JAI,Go-X Series,GOX-8105C-PGE,Area Scan,Color,Visible,8.1,2856 x 2848 px,14 fps,Yes,GigE Vision 1-Cable (PoE),1xCMOS,IMX546 Pregius S,2.74 x 2.74 µm,8.1 MP,2856 x 2848 px,2/3 inch,2.74 x 2.74 µm,Global shutter,11.1 mm,7.8 x 7.8 mm,29 x 29 x 55 mm,65 g,8/10/12-bit,C-mount,4.1 Watt,-5°C to +45°C
JAI,Go-X Series,GOX-8105M-5GE,Area Scan,Mono,Visible + NIR,8.1,2856 x 2848 px,66 fps,Yes,5 Gbps GigE Vision (PoE),1xCMOS,IMX546 Pregius S,2.74 x 2.74 µm,8.1 MP,2856 x 2848 px,2/3 inch,2.74 x 2.74 µm,Global shutter,11.1 mm,7.8 x 7.8 mm,29 x 29 x 68 mm,94 g,8/10/12-bit,C-mount,5.4 Watt,-5°C to +45°C
JAI,Go-X Series,GOX-8105M-CXP,Area Scan,Mono,Visible + NIR,8.1,2856 x 2848 px,71 fps,Yes,CoaXPress-1-Lane (PoCXP),1xCMOS,IMX546 Pregius S,2.74 x 2.74 µm,8.1 MP,2856 x 2848 px,2/3 inch,2.74 x 2.74 µm,Global shutter,11.1 mm,7.8 x 7.8 mm,29 x 29 x 55 mm,60 g,8/10/12-bit,C-mount,4.1 Watt,-5°C to +45°C
JAI,Go-X Series,GOX-8105M-PGE,Area Scan,Mono,Visible + NIR,8.1,2856 x 2848 px,14 fps,Yes,GigE Vision 1-Cable (PoE),1xCMOS,IMX546 Pregius S,2.74 x 2.74 µm,8.1 MP,2856 x 2848 px,2/3 inch,2.74 x 2.74 µm,Global shutter,11.1 mm,7.8 x 7.8 mm,29 x 29 x 55 mm,65 g,8/10/12-bit,C-mount,4.1 Watt,-5°C to +45°C
JAI,Go-X Series,GOX-8901C-PGE,Area Scan,Color,Visible,8.9,4096 x 2160 px,12 fps,Yes,GigE Vision 1-Cable (PoE),1xCMOS,IMX267,3.45 x 3.45 µm,8.9 MP,4096 x 2160 px,1 inch,3.45 x 3.45 µm,Global shutter,16 mm,14.1 x 7.4 mm,29 x 29 x 51.5 mm,65 g,8/10/12-bit *,C-mount,3.7 Watt,-5°C to +45°C
JAI,Go-X Series,GOX-8901C-USB,Area Scan,Color,Visible,8.9,4096 x 2160 px,32 fps,Yes,USB3 Vision (PoUSB),1xCMOS,IMX267,3.45 x 3.45 µm,8.9 MP,4096 x 2160 px,1 inch,3.45 x 3.45 µm,Global shutter,16 mm,14.1 x 7.4 mm,29 x 29 x 51.5 mm,65 g,8/10/12-bit *,C-mount,4.3 Watt,-5°C to +45°C
JAI,Go-X Series,GOX-8901M-PGE,Area Scan,Mono,Visible + NIR,8.9,4096 x 2160 px,12 fps,Yes,GigE Vision 1-Cable (PoE),1xCMOS,IMX267,3.45 x 3.45 µm,8.9 MP,4096 x 2160 px,1 inch,3.45 x 3.45 µm,Global shutter,16 mm,14.1 x 7.4 mm,29 x 29 x 51.5 mm,65 g,8/10/12-bit *,C-mount,3.7 Watt,-5°C to +45°C
JAI,Go-X Series,GOX-8901M-USB,Area Scan,Mono,Visible + NIR,8.9,4096 x 2160 px,32 fps,Yes,USB3 Vision (PoUSB),1xCMOS,IMX267,3.45 x 3.45 µm,8.9 MP,4096 x 2160 px,1 inch,3.45 x 3.45 µm,Global shutter,16 mm,14.1 x 7.4 mm,29 x 29 x 51.5 mm,65 g,8/10/12-bit *,C-mount,4.3 Watt,-5°C to +45°C
JAI,Spark Series,SP-12000C-CXP4,Area Scan,Color,Visible,12,4096 x 3072 px,189 fps,Yes,CoaXPress-4-Lanes (PoCXP),1xCMOS,CMV12000,5.5 x 5.5 µm,12 MP,4096 x 3072 px,APS-C,5.5 x 5.5 µm,Global shutter,28.2 mm,22.5 x 16.9 mm,62 x 62 x 127.5 mm,510 g,8/10/12-bit *,F-mount or M-42Ax1 mount,11.4 Watt,-5°C to +30°C
JAI,Spark Series,SP-12000M-CXP4,Area Scan,Mono,Visible,12,4096 x 3072 px,189 fps,Yes,CoaXPress-4-Lanes (PoCXP),1xCMOS,CMV12000,5.5 x 5.5 µm,12 MP,4096 x 3072 px,APS-C,5.5 x 5.5 µm,Global shutter,28.2 mm,22.5 x 16.9 mm,62 x 62 x 127.5 mm,510 g,8/10/12-bit *,F-mount or M-42Ax1 mount,11.4 Watt,-5°C to +30°C
JAI,Spark Series,SP-12400C-PMCL,Area Scan,Color,Visible,12.4,4112 x 3008 px,64 fps,Yes,Mini Camera Link (PoCL),1xCMOS,IMX253,3.45 x 3.45 µm,12.4 MP,4112 x 3008 px,1.1 inch,3.45 x 3.45 µm,Global shutter,17.6 mm,14.2 x 10.4 mm,44 x 44 x 44 mm,135 g,8/10/12-bit *,C-mount,5.1 Watt,-5°C to +45°C
JAI,Spark Series,SP-12400M-PMCL,Area Scan,Mono,Visible + NIR,12.4,4112 x 3008 px,64 fps,Yes,Mini Camera Link (PoCL),1xCMOS,IMX253,3.45 x 3.45 µm,12.4 MP,4112 x 3008 px,1.1 inch,3.45 x 3.45 µm,Global shutter,17.6 mm,14.2 x 10.4 mm,44 x 44 x 44 mm,135 g,8/10/12-bit *,C-mount,5.1 Watt,-5°C to +45°C
JAI,Spark Series,SP-12401C-PGE,Area Scan,Color,Visible,12.4,4088 x 3000 px,9 fps,Yes,GigE Vision 1-Cable (PoE),1xCMOS,IMX304,3.45 x 3.45 µm,12.4 MP,4088 x 3000 px,1.1 inch,3.45 x 3.45 µm,Global shutter,17.6 mm,14.2 x 10.4 mm,44 x 44 x 54 mm,160 g,8/10/12-bit *,C-mount,4 Watt,-5°C to +45°C
JAI,Spark Series,SP-12401C-USB,Area Scan,Color,Visible,12.4,4088 x 3000 px,23 fps,Yes,USB3 Vision (PoUSB),1xCMOS,IMX304,3.45 x 3.45 µm,12.4 MP,4088 x 3000 px,1.1 inch,3.45 x 3.45 µm,Global shutter,17.6 mm,14.2 x 10.4 mm,44 x 44 x 44 mm,130 g,8/10/12-bit *,C-mount,3.7 Watt,-5°C to +45°C
JAI,Spark Series,SP-12401M-PGE,Area Scan,Mono,Visible + NIR,12.4,4112 x 3008 px,9 fps,Yes,GigE Vision 1-Cable (PoE),1xCMOS,IMX304,3.45 x 3.45 µm,12.4 MP,4112 x 3008 px,1.1 inch,3.45 x 3.45 µm,Global shutter,17.6 mm,14.2 x 10.4 mm,44 x 44 x 54 mm,160 g,8/10/12-bit *,C-mount,4 Watt,-5°C to +45°C
JAI,Spark Series,SP-12401M-USB,Area Scan,Mono,Visible + NIR,12.4,4112 x 3008 px,23 fps,Yes,USB3 Vision (PoUSB),1xCMOS,IMX304,3.45 x 3.45 µm,12.4 MP,4112 x 3008 px,1.1 inch,3.45 x 3.45 µm,Global shutter,17.6 mm,14.2 x 10.4 mm,44 x 44 x 44 mm,130 g,8/10/12-bit *,C-mount,3.7 Watt,-5°C to +45°C
JAI,Spark Series,SP-20000C-CXP2,Area Scan,Color,Visible,20,5120 x 3840 px,30 fps,Yes,CoaXPress-2-Lanes (PoCXP),1xCMOS,CMV20000,6.4 x 6.4 µm,20 MP,5120 x 3840 px,41.0 mm,6.4 x 6.4 µm,Global shutter,41 mm,32.8 x 24.6 mm,62 x 62 x 84.5 mm,350 g,8/10/12-bit *,F-mount or M42x1 mount,7.9 Watt,-45°C to +70°C
JAI,Spark Series,SP-20000C-PMCL,Area Scan,Color,Visible,20,5120 x 3840 px,30 fps,Yes,Mini Camera Link (PoCL),1xCMOS,CMV20000,6.4 x 6.4 µm,20 MP,5120 x 3840 px,41.0 mm,6.4 x 6.4 µm,Global shutter,41 mm,32.8 x 24.6 mm,62 x 62 x 84.5 mm,320 g,8/10/12-bit *,F-mount or M-42Ax1 mount,5.4 Watt,-45°C to +70°C
JAI,Spark Series,SP-20000C-USB,Area Scan,Color,Visible,20,5120 x 3840 px,16 fps,Yes,USB3 Vision,1xCMOS,CMV20000,6.4 x 6.4 µm,20 MP,5120 x 3840 px,41.0 mm,6.4 x 6.4 µm,Global shutter,41 mm,32.8 x 24.6 mm,62 x 62 x 84.5 mm,350 g,8/10/12-bit *,F-mount or M-42Ax1 mount,5.4 Watt,-45°C to +70°C
JAI,Spark Series,SP-20000M-CXP2,Area Scan,Mono,Visible + NIR,20,5120 x 3840 px,30 fps,Yes,CoaXPress-2-Lanes (PoCXP),1xCMOS,CMV20000,6.4 x 6.4 µm,20 MP,5120 x 3840 px,41.0 mm,6.4 x 6.4 µm,Global shutter,41 mm,32.8 x 24.6 mm,62 x 62 x 84.5 mm,350 g,8/10/12-bit *,F-mount or M42x1 mount,7.9 Watt,-45°C to +70°C
JAI,Spark Series,SP-20000M-PMCL,Area Scan,Mono,Visible + NIR,20,5120 x 3840 px,30 fps,Yes,Mini Camera Link (PoCL),1xCMOS,CMV20000,6.4 x 6.4 µm,20 MP,5120 x 3840 px,41.0 mm,6.4 x 6.4 µm,Global shutter,41 mm,32.8 x 24.6 mm,62 x 62 x 84.5 mm,320 g,8/10/12-bit *,F-mount or M-42Ax1 mount,5.4 Watt,-45°C to +70°C
JAI,Spark Series,SP-20000M-USB,Area Scan,Mono,Visible + NIR,20,5120 x 3840 px,16 fps,Yes,USB3 Vision,1xCMOS,CMV20000,6.4 x 6.4 µm,20 MP,5120 x 3840 px,41.0 mm,6.4 x 6.4 µm,Global shutter,41 mm,32.8 x 24.6 mm,62 x 62 x 84.5 mm,350 g,8/10/12-bit *,F-mount or M-42Ax1 mount,5.4 Watt,-45°C to +70°C
JAI,Spark Series,SP-25000C-CXP4A,Area Scan,Color,Visible,26.2,5120 x 5120 px,150 fps,Yes,CoaXPress-4-Lanes (PoCXP),1xCMOS,GMAX0505,2.5 x 2.5 µm,26.2 MP,5120 x 5120 px,1.1 inch,2.5 x 2.5 µm,Global shutter,18.1 mm,12.8 x 12.8 mm,62 x 62 x 60.5 mm,305 g,8-bit *,C-mount,16.5 Watt,-5°C to +45°C
JAI,Spark Series,SP-25000M-CXP4A,Area Scan,Mono,Visible,26.2,5120 x 5120 px,150 fps,Yes,CoaXPress-4-Lanes (PoCXP),1xCMOS,GMAX0505,2.5 x 2.5 µm,26.2 MP,5120 x 5120 px,1.1 inch,2.5 x 2.5 µm,Global shutter,18.1 mm,12.8 x 12.8 mm,62 x 62 x 60.5 mm,305 g,8-bit *,C-mount,16.5 Watt,-5°C to +45°C
JAI,Spark Series,SP-45000C-CXP4,Area Scan,Color,Visible,45,8192 x 5460 px,51 fps,Yes,CoaXPress-4-Lanes,1xCMOS,XGS 45000,3.2 x 3.2 µm,45 MP,8192 x 5460 px,Super 35 mm,3.2 x 3.2 µm,Global shutter,31.5 mm,26.2 x 17.4 mm,62 x 62 x 84 mm,330 g,8/10/12-bit *,F-mount or M-42Ax1 mount,12.5 Watt,-5°C to +45°C
JAI,Spark Series,SP-45000C-CXP4A,Area Scan,Color,Visible,45,8192 x 5460 px,52 fps,Yes,CoaXPress-4-Lanes,1xCMOS,XGS 45000,3.2 x 3.2 µm,45 MP,8192 x 5460 px,Super 35 mm,3.2 x 3.2 µm,Global shutter,31.5 mm,26.2 x 17.4 mm,62 x 62 x 84 mm,330 g,8/10/12-bit *,F-mount or M-42Ax1 mount,12.5 Watt,-5°C to +45°C
JAI,Spark Series,SP-45000M-CXP4,Area Scan,Mono,Visible + NIR,45,8192 x 5460 px,51 fps,Yes,CoaXPress-4-Lanes (PoCXP),1xCMOS,XGS 45000,3.2 x 3.2 µm,45 MP,8192 x 5460 px,Super 35 mm,3.2 x 3.2 µm,Global shutter,31.5 mm,26.2 x 17.4 mm,62 x 62 x 84 mm,330 g,8/10/12-bit *,F-mount or M-42Ax1 mount,12.5 Watt,-5°C to +45°C
JAI,Spark Series,SP-45000M-CXP4A,Area Scan,Mono,Visible + NIR,45,8192 x 5460 px,52 fps,Yes,CoaXPress-4-Lanes,1xCMOS,XGS 45000,3.2 x 3.2 µm,45 MP,8192 x 5460 px,Super 35 mm,3.2 x 3.2 µm,Global shutter,31.5 mm,26.2 x 17.4 mm,62 x 62 x 84 mm,330 g,8/10/12-bit *,F-mount or M-42Ax1 mount,12.5 Watt,-5°C to +45°C
JAI,Spark Series,SP-45001C-CXP2A,Area Scan,Color,Visible,45,8192 x 5460 px,38 fps,Yes,CoaXPress-2-Lanes (PoCXP),1xCMOS,XGS 45000,3.2 x 3.2 µm,45 MP,8192 x 5460 px,Super 35 mm,3.2 x 3.2 µm,Global shutter,31.5 mm,26.2 x 17.4 mm,62 x 62 x 84 mm,330 g,8/10/12-bit *,F-mount or M-42Ax1 mount,12.5 Watt,-5°C to +45°C
JAI,Spark Series,SP-45001C-CXP4,Area Scan,Color,Visible,45,8192 x 5460 px,38 fps,Yes,CoaXPress-4-Lanes (PoCXP),1xCMOS,XGS 45000,3.2 x 3.2 µm,45 MP,8192 x 5460 px,Super 35 mm,3.2 x 3.2 µm,Global shutter,31.5 mm,26.2 x 17.4 mm,62 x 62 x 84 mm,330 g,8/10/12-bit *,F-mount or M-42Ax1 mount,12.5 Watt,-5°C to +45°C
JAI,Spark Series,SP-45001M-CXP2A,Area Scan,Mono,Visible,45,8192 x 5460 px,38 fps,Yes,CoaXPress-2-Lanes (PoCXP),1xCMOS,XGS 45000,3.2 x 3.2 µm,45 MP,8192 x 5460 px,Super 35 mm,3.2 x 3.2 µm,Global shutter,31.5 mm,26.2 x 17.4 mm,62 x 62 x 84 mm,330 g,8/10/12-bit *,F-mount or M-42Ax1 mount,12.5 Watt,-5°C to +45°C
JAI,Spark Series,SP-45001M-CXP4,Area Scan,Mono,Visible,45,8192 x 5460 px,38 fps,Yes,CoaXPress-4-Lanes,1xCMOS,XGS 45000,3.2 x 3.2 µm,45 MP,8192 x 5460 px,Super 35 mm,3.2 x 3.2 µm,Global shutter,31.5 mm,26.2 x 17.4 mm,62 x 62 x 84 mm,330 g,8/10/12-bit *,F-mount or M-42Ax1 mount,12.5 Watt,-5°C to +45°C
JAI,Spark Series,SP-5000C-CXP2,Area Scan,Color,Visible,5,2560 x 2048 px,211 fps,Yes,CoaXPress-2-Lanes (PoCXP),1xCMOS,Lince5M,5.0 x  5.0 µm,5 MP,2560 x 2048 px,1 inch,5.0 x  5.0 µm,Global shutter,16.4 mm,12.8 x 10.2 mm,62 x 62 x 55.5 mm,215 g,8/10/12-bit (RGB),C-mount,6.8 Watt,-45°C to +70°C
JAI,Spark Series,SP-5000C-CXP4,Area Scan,Color,Visible,5,2560 x 2048 px,253 fps,Yes,CoaXPress-4-Lanes (PoCXP),1xCMOS,Lince5M,5.0 x  5.0 µm,5 MP,2560 x 2048 px,1 inch,5.0 x  5.0 µm,Global shutter,16.4 mm,12.8 x 10.2 mm,62 x 62 x 55.5 mm,215 g,8/10/12-bit,C-mount,7.8 Watt,-45°C to +70°C
JAI,Spark Series,SP-5000C-PMCL,Area Scan,Color,Visible,5,2560 x 2048 px,137 fps,Yes,Mini Camera Link (PoCL),1xCMOS,Lince5M,5.0 x  5.0 µm,5 MP,2560 x 2048 px,1 inch,5.0 x  5.0 µm,Global shutter,16.4 mm,12.8 x 10.2 mm,62 x 62 x 55.5 mm,215 g,8/10/12-bit,C-mount,4.5 Watt,-45°C to +70°C
JAI,Spark Series,SP-5000C-USB,Area Scan,Color,Visible,5,2560 x 2048 px,62 fps,Yes,USB3 Vision (PoUSB),1xCMOS,Lince5M,5.0 x  5.0 µm,5 MP,2560 x 2048 px,1 inch,5.0 x  5.0 µm,Global shutter,16.4 mm,12.8 x 10.2 mm,62 x 62 x 55.5 mm,255 g,8/10/12-bit,C-mount,6.24 Watt,-45°C to +70°C
JAI,Spark Series,SP-5000M-CXP2,Area Scan,Mono,Visible + NIR,5,2560 x 2048 px,211 fps,Yes,CoaXPress-2-Lanes (PoCXP),1xCMOS,Lince5M,5.0 x  5.0 µm,5 MP,2560 x 2048 px,1 inch,5.0 x  5.0 µm,Global shutter,16.4 mm,12.8 x 10.2 mm,62 x 62 x 55.5 mm,215 g,8/10/12-bit,C-mount,5.9 Watt,-45°C to +70°C
JAI,Spark Series,SP-5000M-CXP4,Area Scan,Mono,Visible + NIR,5,2560 x 2048 px,253 fps,Yes,CoaXPress-4-Lanes (PoCXP),1xCMOS,Lince5M,5.0 x  5.0 µm,5 MP,2560 x 2048 px,1 inch,5.0 x  5.0 µm,Global shutter,16.4 mm,12.8 x 10.2 mm,62 x 62 x 55.5 mm,215 g,8/10/12-bit,C-mount,7.8 Watt,-45°C to +70°C
JAI,Spark Series,SP-5000M-PMCL,Area Scan,Mono,Visible + NIR,5,2560 x 2048 px,137 fps,Yes,Mini Camera Link (PoCL),1xCMOS,Lince5M,5.0 x  5.0 µm,5 MP,2560 x 2048 px,1 inch,5.0 x  5.0 µm,Global shutter,16.4 mm,12.8 x 10.2 mm,62 x 62 x 55.5 mm,215 g,8/10/12-bit,C-mount,4.5 Watt,-45°C to +70°C
JAI,Spark Series,SP-5000M-USB,Area Scan,Mono,Visible + NIR,5,2560 x 2048 px,62 fps,Yes,USB3 Vision (PoUSB),1xCMOS,Lince5M,5.0 x  5.0 µm,5 MP,2560 x 2048 px,1 inch,5.0 x  5.0 µm,Global shutter,16.4 mm,12.8 x 10.2 mm,62 x 62 x 55.5 mm,255 g,8/10/12-bit,C-mount,6.24 Watt,-45°C to +70°C
JAI,Sweep Series,SW-16000M-CXP4A,Line Scan,Mono,Visible,N/A,16K,277 kHz,Yes,CoaXPress-4-Lanes,1xCMOS,GL5016,5.0 x  5.0 µm,N/A,16K,81.92 mm,5.0 x  5.0 µm,Global shutter,81.9 mm,81.92 mm,187 x 115 x 78.8 mm (With heatsink),1500 g,8/10/12-bit,M95-Mount,22 Watt,0°C to +45°C
JAI,Sweep Series,SW-16000TL-CXP4A,Line Scan,Color,Visible,N/A,16K,100 kHz,Yes,CoaXPress-4-Lanes,1xCMOS - Trilinear,GL5016,5.0 x  5.0 µm,N/A,16K,81.92 mm,5.0 x  5.0 µm,Global shutter,81.9 mm,81.92 mm,187 x 115 x 78.8 mm (With heatsink),1500 g,8/10/12-bit,M95-Mount,22 Watt,0°C to +45°C
JAI,Sweep Series,SW-16001M-MCL,Line Scan,Mono,Visible,N/A,16K,50 kHz,Yes,Mini Camera Link,1xCMOS,GL3516 -  2-Step TDI,3.5 x 3.5 µm,MP,16K,57.34 mm,3.5 x 3.5 µm,Global shutter,57.3 mm,57.34 mm,78 x 78 x 44.6 mm,360 g,8/10-bit,M72-Mount,10.6 Watt,0°C to +45°C
JAI,Sweep Series,SW-2005M-5GE,Line Scan,Mono,Visible,N/A,2K,172 kHz,Yes,5 Gbps GigE Vision (PoE),1xCMOS,GL3504,7.0 x 7.0 µm,N/A,2K,14.336 mm,7.0 x 7.0 µm,Global shutter,14.3 mm,14.336 mm,44 x 44 x 64 mm,185 g,8/10/12-bit,C-mount,6.7 Watt,0°C to +45°C
JAI,Sweep Series,SW-2005M-5GE-NP,Line Scan,Mono,Visible,N/A,2K,172 kHz,Yes,5 Gbps GigE Vision (PoE),1xCMOS,GL3504,7.0 x 7.0 µm,N/A,2K,14.336 mm,7.0 x 7.0 µm,Global shutter,14.3 mm,14.336 mm,44 x 44 x 64 mm,165 g,8/10/12-bit,C-mount,6.7 Watt,0°C to +45°C
JAI,Sweep Series,SW-2005M-CXP,Line Scan,Mono,Visible,N/A,2K,172 kHz,Yes,CoaXPress-1-Lane (PoCXP),1xCMOS,GL3504,7.0 x 7.0 µm,N/A,2K,14.336 mm,7.0 x 7.0 µm,Global shutter,14.3 mm,14.336 mm,44 x 44 x 54 mm,153 g,8/10/12-bit,C-mount,4.4 Watt,0°C to +45°C
JAI,Sweep Series,SW-2005TL-5GE,Line Scan,Color,Visible,N/A,2K,44 kHz,Yes,5 Gbps GigE Vision (PoE),1xCMOS - Trilinear,GL3504,7.0 x 7.0 µm,N/A,2K,14.336 mm,7.0 x 7.0 µm,Global shutter,14.3 mm,14.336 mm,44 x 44 x 64 mm,186 g,8/10/12-bit,C-mount,6.9 Watt,0°C to +45°C
JAI,Sweep Series,SW-2005TL-5GE-NP,Line Scan,Color,Visible,N/A,2K,44 kHz,Yes,5 Gbps GigE Vision (PoE),1xCMOS - Trilinear,GL3504,7.0 x 7.0 µm,N/A,2K,14.336 mm,7.0 x 7.0 µm,Global shutter,14.3 mm,14.336 mm,44 x 44 x 64 mm,165 g,8/10/12-bit,C-mount,6.9 Watt,0°C to +45°C
JAI,Sweep Series,SW-2005TL-CXP,Line Scan,Color,Visible,N/A,2K,44 kHz,Yes,CoaXPress-1-Lane (PoCXP),1xCMOS - Trilinear,GL3504,7.0 x 7.0 µm,N/A,2K,14.336 mm,7.0 x 7.0 µm,Global shutter,14.3 mm,14.336 mm,44 x 44 x 54 mm,154 g,8/10/12-bit,C-mount,4.6 Watt,0°C to +45°C
JAI,Sweep Series,SW-4000M-PMCL,Line Scan,Mono,Visible,N/A,4K,200 kHz,N/A,Mini Camera Link (PoCL),1xCMOS,Custom,7.5 x 7.5 µm,N/A,4K,30.72 mm,7.5 x 7.5 µm,Global shutter,30.8 mm,30.8 mm,62 x 62 x 84 mm,320 g,8/10-bit,F-mount or M-42Ax1 mount,5.22 Watt,-5°C to +45°C
JAI,Sweep Series,SW-4000TL-10GE,Line Scan,Color,Visible,N/A,4K,66 kHz,Yes,10 Gbps GigE Vision,1xCMOS - Trilinear,Custom,7.5 x 7.5 µm,N/A,4K,30.72 mm,7.5 x 7.5 µm,Global shutter,30.7 mm,30.72 mm,62 x 62 x 106 mm,340 g,8/10/-bit,F-mount or M-42Ax1 mount,9.3 Watt,-5°C to +45°C
JAI,Sweep Series,SW-4000TL-PMCL,Line Scan,Color,Visible,N/A,4K,66 kHz,Yes,Mini Camera Link (PoCL),1xCMOS - Trilinear,Custom,7.5 x 7.5 µm,N/A,4K,30.72 mm,7.5 x 7.5 µm,Global shutter,30.8 mm,30.8 mm,62 x 62 x 71.8 mm,410 g,8/10-bit,F-mount or M-42Ax1 mount,7.8 Watt,-5°C to +45°C
JAI,Sweep Series,SW-4000TL-SFP,Line Scan,Color,Visible,N/A,4K,66 kHz,Yes,SFP+ over 10 Gigabit Ethernet,1xCMOS - Trilinear,Custom,7.5 x 7.5 µm,N/A,4K,30.72 mm,7.5 x 7.5 µm,Global shutter,30.7 mm,30.72 mm,62 x 62 x 106 mm,340 g,8/10/-bit,F-mount or M-42Ax1 mount,8 Watt,-5°C to +45°C
JAI,Sweep Series,SW-4005BL-5GE,Line Scan,Color,Visible,N/A,4K,42 kHz,Yes,GigE Vision,1x CMOS Bilinear,GL3504,3.5 x 3.5 µm,MP,4K,14.336 mm,3.5 x 3.5 µm,Global shutter,14.3 mm,14.336 mm,44 x 44 x 64 mm,186 g,8/10/12-bit,C-mount,Watt,0°C to +45°C
JAI,Sweep Series,SW-4005BL-5GE-NP,Line Scan,Color,Visible,N/A,4K,42 kHz,Yes,GigE Vision,1x CMOS Bilinear,GL3504,3.5 x 3.5 µm,MP,4K,14.336 mm,3.5 x 3.5 µm,Global shutter,14.3 mm,14.336 mm,44 x 44 x 64 mm,165 g,8/10/12-bit,C-mount,Watt,0°C to +45°C
JAI,Sweep Series,SW-4005BL-CXP,Line Scan,Color,Visible,N/A,4K,42 kHz,Yes,CoaXPress-1-Lane (PoCXP),1x CMOS Bilinear,GL3504,3.5 x 3.5 µm,MP,4K,14.336 mm,3.5 x 3.5 µm,Global shutter,14.3 mm,14.336 mm,44 x 44 x 54 mm,154 g,8/10/12-bit,C-mount,Watt,0°C to +45°C
JAI,Sweep Series,SW-4005M-5GE,Line Scan,Mono,Visible,N/A,4K,84 kHz,Yes,GigE Vision,1xCMOS,GL3504,3.5 x 3.5 µm,MP,4K,14.336 mm,3.5 x 3.5 µm,Global shutter,14.3 mm,14.336 mm,44 x 44 x 64 mm,185 g,8/10/12-bit,C-mount,Watt,0°C to +45°C
JAI,Sweep Series,SW-4005M-5GE-NP,Line Scan,Mono,Visible,N/A,4K,84 kHz,Yes,GigE Vision,1xCMOS,GL3504,3.5 x 3.5 µm,MP,4K,14.336 mm,3.5 x 3.5 µm,Global shutter,14.3 mm,14.336 mm,44 x 44 x 64 mm,165 g,8/10/12-bit,C-mount,Watt,0°C to +45°C
JAI,Sweep Series,SW-4005M-CXP,Line Scan,Mono,Visible,N/A,4K,84 kHz,Yes,CoaXPress-1-Lane (PoCXP),1xCMOS,GL3504,3.5 x 3.5 µm,MP,4K,14.336 mm,3.5 x 3.5 µm,Global shutter,14.3 mm,14.336 mm,44 x 44 x 54 mm,153 g,8/10/12-bit,C-mount,Watt,0°C to +45°C
JAI,Sweep Series,SW-8000M-PMCL,Line Scan,Mono,Visible,N/A,8K,100 kHz,N/A,Mini Camera Link (PoCL),1xCMOS,Custom,3.75 x 5.78 µm,N/A,8K,30.72 mm,3.75 x 5.78 µm,Global shutter,30.8 mm,30.8 mm,62 x 62 x 84 mm,320 g,8/10-bit,F-mount or M-42Ax1 mount,5.22 Watt,-5°C to +45°C
JAI,Sweep Series,SW-8001M-MCL,Line Scan,Mono,Visible,N/A,8K,100 kHz,Yes,Mini Camera Link,1xCMOS,GL7008 -  2-Step TDI,7.0 x 7.0 µm,MP,8K,57.34 mm,7.0 x 7.0 µm,Global shutter,57.3 mm,57.34 mm,78 x 78 x 45 mm,360 g,8/10/12-bit,M72-Mount,12 Watt,0°C to +45°C
JAI,Sweep Series,SW-8001TL-MCL,Line Scan,Color,Visible,N/A,8K,34 kHz,Yes,Mini Camera Link,1xCMOS - Trilinear,GL7008,7.0 x 7.0 µm,MP,8K,57.34 mm,7.0 x 7.0 µm,Global shutter,57.3 mm,57.34 mm,78 x 78 x 45 mm,355 g,8-bit,M72-Mount,Watt,0°C to +45°C
JAI,Sweep+ Series,LQ-201-CL,Line Scan,Multispectral,4-Bands R-G-B + NIR (Prism),N/A,2K,33 kHz,N/A,Camera Link,4 x CMOS RGB/NIR,N/A,14.0 x 14.0 µm,N/A,2K,28.67 mm,14.0 x 14.0 µm,Global shutter,28.7 mm,28.7 mm,90 x 90 x 120 mm,1050 g,8/10-bit,F-mount or M52-mount,9 Watt,-5°C to +45°C
JAI,Sweep+ Series,LQ-401-CL,Line Scan,Multispectral,4-Bands R-G-B + NIR (Prism),N/A,4K,18 kHz,N/A,Camera Link,4 x CMOS RGB/NIR,N/A,7.0 x 7.0 µm,N/A,4K,28.67 mm,7.0 x 7.0 µm,Global shutter,28.7 mm,28.7 mm,90 x 90 x 120 mm,1050 g,8/10-bit,F-mount or M52-mount,9 Watt,-5°C to +45°C
JAI,Sweep+ Series,LT-200-CL,Line Scan,Color,Visible,N/A,2K,30 kHz,N/A,Camera Link,3xCMOS RGB,N/A,14.0 x 14.0 µm,N/A,2K,28.67 mm,14.0 x 14.0 µm,Global shutter,28.7 mm,28.7 mm,90  x 90  x 90 mm,830 g,8/10-bit,F-mount or M52-mount,5.4 Watt,-5°C to +45°C
JAI,Sweep+ Series,LT-400-CL,Line Scan,Color,Visible,N/A,4K,16 kHz,N/A,Camera Link,3xCMOS RGB,N/A,7.0 x 7.0 µm,N/A,4K,28.67 mm,7.0 x 7.0 µm,Global shutter,28.7 mm,28.7 mm,90 x 90 x 90 mm,830 g,8/10-bit,F-mount or M52-mount,5.4 Watt,-5°C to +45°C
JAI,Sweep+ Series,SW-2001Q-CL,Line Scan,Multispectral,4-Bands R-G-B + NIR (Prism),N/A,2K,19 kHz,N/A,Camera Link,4xCCD RGB/NIR,N/A,14.0 x 14.0 µm,N/A,2K,28.7 mm,14.0 x 14.0 µm,Global shutter,28.7 mm,28.7 mm,90 x 90 x 120 mm,1050 g,8/10-bit,F-mount or M52-mount,15.6 Watt,-5°C to +45°C
JAI,Sweep+ Series,SW-2001T-CL,Line Scan,Color,Visible,N/A,2K,19 kHz,N/A,Camera Link,3xCCD RGB,N/A,14.0 x 14.0 µm,N/A,2K,28.7 mm,14.0 x 14.0 µm,Global shutter,28.7 mm,28.7 mm,90 x 90 x 90 mm,830 g,8/10-bit,F-mount or M52-mount,12 Watt,-5°C to +45°C
JAI,Sweep+ Series,SW-4000Q-10GE,Line Scan,Multispectral,4-Bands R-G-B + NIR (Prism),N/A,4K,72 kHz,Yes,10 Gbps GigE Vision,4 x CMOS RGB/NIR,Custom,7.5 x 7.5 µm or 7.5 x 10.5 µm,N/A,4K,30.72 mm,7.5 x 7.5 µm or 7.5 x 10.5 µm,Global shutter,30.8 mm,30.8 mm,90 x 90 x 120 mm,980 g,8/10-bit,F-mount or M52-mount,19.3 Watt,-5°C to +45°C
JAI,Sweep+ Series,SW-4000Q-SFP,Line Scan,Multispectral,4-Bands R-G-B + NIR (Prism),N/A,4K,72 kHz,Yes,SFP+ over 10 Gigabit Ethernet,4 x CMOS RGB/NIR,Custom,7.5 x 7.5 µm or 7.5 x 10.5 µm,N/A,4K,30.72 mm,7.5 x 7.5 µm or 7.5 x 10.5 µm,Global shutter,30.8 mm,30.8 mm,90 x 90 x 120 mm,980 g,8/10-bit,F-mount or M52-mount,17.4 Watt,-5°C to +45°C
JAI,Sweep+ Series,SW-4000T-10GE,Line Scan,Color,Visible,N/A,4K,97 kHz,Yes,10 Gbps GigE Vision,3xCMOS RGB,Custom,7.5 x 7.5 µm or 7.5 x 10.5 µm,N/A,4K,30.72 mm,7.5 x 7.5 µm or 7.5 x 10.5 µm,Global shutter,30.8 mm,30.8 mm,90  x 90  x 90 mm,830 g,8/10-bit,F-mount or M52-mount,13.7 Watt,-5°C to +45°C
JAI,Sweep+ Series,SW-4000T-CXPA,Line Scan,Color,Visible,N/A,4K,97 kHz,Yes,CoaXPress-1-Lane (PoCXP),3xCMOS RGB,Custom,7.5 x 7.5 µm or 7.5 x 10.5 µm,N/A,4K,30.72 mm,7.5 x 7.5 µm or 7.5 x 10.5 µm,Global shutter,30.8 mm,30.8 mm,90  x 90  x 90 mm,790 g,8/10/-bit,F-mount or M52-mount,8 Watt,-5°C to +45°C
JAI,Sweep+ Series,SW-4000T-MCL,Line Scan,Color,Visible,N/A,4K,66 kHz,N/A,Mini Camera Link,3xCMOS RGB,Custom,7.5 x 7.5 µm or 7.5 x 10.5 µm,N/A,4K,30.72 mm,7.5 x 7.5 µm or 7.5 x 10.5 µm,Global shutter,30.8 mm,30.8 mm,90  x 90  x 90 mm,765 g,8/10-bit,Fマウント または M52マウント,9.3 Watt,-5°C to +45°C
JAI,Sweep+ Series,SW-4000T-SFP,Line Scan,Color,Visible,N/A,4K,97 kHz,Yes,SFP+ over 10 Gigabit Ethernet,3xCMOS RGB,Custom,7.5 x 7.5 µm or 7.5 x 10.5 µm,N/A,4K,30.72 mm,7.5 x 7.5 µm or 7.5 x 10.5 µm,Global shutter,30.8 mm,30.8 mm,90  x 90  x 90 mm,830 g,8/10-bit,F-mount or M52-mount,11.5 Watt,-5°C to +45°C
JAI,Sweep+ Series,SW-4010Q-MCL,Line Scan,Multispectral,4-Bands R-G-B + SWIR (Prism),N/A,4K,39 kHz,Yes,Mini Camera Link,3x CMOS + 1x InGaAs,Custom,7.5 x 7.5 µm / 25.0 x 25.0 µm,N/A,4K,30.72 mm / 25.6 mm,7.5 x 7.5 µm / 25.0 x 25.0 µm,Global shutter,30.8 mm,30.8 mm / 25.6 mm,90 x 90 x 120 mm,900 g,8/10/12-bit,M52-Mount,Watt,-5°C to +45°C
JAI,Sweep+ Series,SW-8000Q-10GE,Line Scan,Multispectral,4-Bands R-G-B + NIR (Prism),N/A,8K,36 kHz,Yes,10 Gbps GigE Vision,4 x CMOS RGB/NIR,Custom,3.75 x 5.78 µm,N/A,8K,30.72 mm,3.75 x 5.78 µm,Global shutter,30.8 mm,30.8 mm,90 x 90 x 120 mm,980 g,8/10-bit,F-mount or M52-mount,19.3 Watt,-5°C to +45°C
JAI,Sweep+ Series,SW-8000Q-SFP,Line Scan,Multispectral,4-Bands R-G-B + NIR (Prism),N/A,8K,36 kHz,Yes,SFP+ over 10 Gigabit Ethernet,4 x CMOS RGB/NIR,Custom,3.75 x 5.78 µm,N/A,8K,30.72 mm,3.75 x 5.78 µm,Global shutter,30.8 mm,30.8 mm,90 x 90 x 120 mm,980 g,8/10-bit,F-mount or M52-mount,17.4 Watt,-5°C to +45°C
JAI,Sweep+ Series,SW-8000T-10GE,Line Scan,Color,Visible,N/A,8K,49 kHz,Yes,10 Gbps GigE Vision,3xCMOS RGB,Custom,3.75 x 5.78 µm,N/A,8K,30.72 mm,3.75 x 5.78 µm,Global shutter,30.8 mm,30.8 mm,90  x 90  x 90 mm,840 g,8/10-bit,F-mount or M52-mount,13.7 Watt,-5°C to +45°C
JAI,Sweep+ Series,SW-8000T-CXPA,Line Scan,Color,Visible,N/A,8K,49 kHz,Yes,CoaXPress-1-Lane (PoCXP),3xCMOS RGB,Custom,3.75 x 5.78 µm,N/A,8K,30.72 mm,3.75 x 5.78 µm,Global shutter,30.8 mm,30.8 mm,90 x 90 x 90 mm,790 g,8/10-bit,F-mount or M52-mount,8 Watt,-5°C to +45°C
JAI,Sweep+ Series,SW-8000T-SFP,Line Scan,Color,Visible,N/A,8K,49 kHz,Yes,SFP+ over 10 Gigabit Ethernet,3xCMOS RGB,Custom,3.75 x 5.78 µm,N/A,8K,30.72 mm,3.75 x 5.78 µm,Global shutter,30.8 mm,30.8 mm,90  x 90  x 90 mm,840 g,8/10-bit,F-mount or M52-mount,11.5 Watt,-5°C to +45°C
JAI,Wave Series,WA-1000D-CL,Line Scan,Multispectral,2-Bands SWIR (Prism),N/A,1K,39 kHz,No,Camera Link,2xInGaAs,Custom,25.0 x 25.0 µm,N/A,1K,25.6 mm,25.0 x 25.0 µm,Global shutter,25.7 mm,25.7 mm,90 x 90 x 117 mm,910 g,8/10/12-bit,M52-Mount,9.84 Watt,-5°C to +45°C
