alliedvision,스펙트럼,"SWIR, Visible SWIR",Visible,UV,Visible-NIR,SWIR,"eXtended SWIR, SWIR",eXtended SWIR,,,,,,,,,,,,,,,,,,,,,,,,,,,,,,,,,,,,,,,,
alliedvision,스펙트럼 범위,400 nm to 1700 nm,300 nm to 1100 nm,200 nm to 1000 nm,200 nm to 1100 nm,900 nm to 1700 nm,1100 nm to 1900 nm,1200 nm to 2200 nm,400 nm to 1000 nm,350 nm to 1000 nm,380 nm to 1000 nm,200 nm to 400 nm,360 nm to 960 nm,1000 nm to 1000 nm,400 nm to 960 nm,950 nm to 1700 nm,,,,,,,,,,,,,,,,,,,,,,,,,,,,,,,,
,,,,,,,,,,,,,,,,,,,,,,,,,,,,,,,,,,,,,,,,,,,,,,,,
basler,빛스펙트럼,Visible,Visible + NIR,Visible + SWIR,UV,,,,,,,,,,,,,,,,,,,,,,,,,,,,,,,,,,,,,,,,,,,
,,,,,,,,,,,,,,,,,,,,,,,,,,,,,,,,,,,,,,,,,,,,,,,,
hikrobot,Mono/color,Mono,Color,Near-infrared,"Mono,Color",Near IR,"Mono
Color",NIR,,,,,,,,,,,,,,,,,,,,,,,,,,,,,,,,,,,,,,,,
hikrobot,Data interface,"Gigabit Ethernet (1000 Mbit/s), compatible with Fast Ethernet (100 Mbit/s)","USB 3.0, compatible with USB 2.0","Gigabit Ethernet, compatible with Fast Ethernet","USB3.0, compatible with USB2.0",GigE,"Gigabit Ethernet (1000Mbit/s), compatible with Fast Ethernet (100Mbit/s)",Camera Link with SDR Connector,Camera Link with SDR interface,"2.5 Gigabit Ethernet (2500 Mbit/s), compatible with Gigabit Ethernet (1000 Mbit/s)",CoaXPress with DIN interface,CoaXPress with Micro-BNC interface,"10 Gigabit Ethernet (10000 Mbit/s), compatible with Gigabit Ethernet (1000 Mbit/s)","10 Gigabit Ethernet (10000Mbit/s), compatible with Gigabit Ethernet (1000Mbit/s)",CoaXPress with Micro-BNC interfaces,QSFP+ × 2,CoaXPress with micro-BNC interface,10 Gigabit Ethernet (10000 Mbit/s),"USB3.0, compatible with USB2.0, 128 GB Onboard Memory",CoaXPress with HD-BNC interface,USB3.0,USB 3.0,Camera Link (SDR connector); USB interface for updating firmware,LC fiber connector,"2.5 Gigabit Ethernet (2500 Mbit/s), compatible with Gigabit Ethernet (1000 Mbit/s) and Fast Ethernet (100 Mbit/s)",2LC fiber connector,2LC fiber connnector,2LC fiber interface,,,,,,,,,,,,,,,,,,,,
hikrobot,Data interface type,RJ45 connector,8-pin M12 X-Code waterproof aviation connector,Type-C interface,,,,,,,,,,,,,,,,,,,,,,,,,,,,,,,,,,,,,,,,,,,,
hikrobot,Control interface,Not supported,8-pin M12 A-Code waterproof aviation connector,Not support,USB 2.0,"USB 2.0 × 2, USB 3.0 × 1, micro SD card interface × 1",,,,,,,,,,,,,,,,,,,,,,,,,,,,,,,,,,,,,,,,,,
hikrobot,Lens mount,C-mount,C-Mount,"C-mount, flange back length 17.52 mm","M58*0.75, flange back length 11.48 mm","M58 × 0.75, flange back length 11.48 mm",M58*0.75,"F-mount, flange back length 46.5 mm","M58*0.75, flange focal length 11.48 mm","F-mount, flange focal length 46.5 mm","M72*0.75, flange back length 19.55 mm","M72*0.75, back focal length 19.55 mm",M12-mount,none,C-mount or M12-mount,M34*0.75,"M42*1.0, flange back length 12 mm, applicable to F-mount, C-mount and others via lens adapter","M42*1.0, flange back length 12 mm, applicable to F-mount, C-mount and others via adapter","M42*1.0, flange back length 12 mm, applicable to F-mount, C-mount and lens of other types via lens adapter","M42*1.0, flange focal length 12 mm, applicable to F-mount via lens adapter","M42*1.0, flange back length 12 mm, applicable to F-mount via lens adapter","M42*1.0, flange back length 12 mm
Connecting to F-mount, C-mount, and other lenses via adapter ring","M72*0.75, flange back length 12 mm, applicable to F-mount via lens adapter","M90*1.0, flange back length 12 mm, applicable to F-mount via lens adapter",,,,,,,,,,,,,,,,,,,,,,,,
hikrobot,Mono,Mono,Color,"Mono
Color",Mono / Color,,,,,,,,,,,,,,,,,,,,,,,,,,,,,,,,,,,,,,,,,,,
hikrobot,Transmission interface,HDMI,,,,,,,,,,,,,,,,,,,,,,,,,,,,,,,,,,,,,,,,,,,,,,
,,,,,,,,,,,,,,,,,,,,,,,,,,,,,,,,,,,,,,,,,,,,,,,,
huaray,Mono/Color,Color,Mono,黑白,Mono8/10,color,,,,,,,,,,,,,,,,,,,,,,,,,,,,,,,,,,,,,,,,,,
huaray,GPIO Interface,"1x 6 pin Hirose: 1x Opto-isolated input, 1x Opto-isolated output, 1 configurable input and output","1x Opto-isolated input, 1x Opto-isolated output, 1 configurable input and output","1× 6 pin Hirose: 1× Opto-isolated input, 1× Opto-isolated output, 1 configurable input and output","6 pin Hirose: 1x Opto-isolated input, 1x Opto-isolated output, 1 configurable input and output","5-core white plug interface: 1 optocoupler isolated input, 1 optocoupler isolated output, and 1 configurable input/output without optocoupler isolation","1 × Opto-isolated input, 1 × Opto-isolated output, 1 configurable input and output","1x 6 pin Hirose: 1x Opto-isolated input, 1x Opto-isolated output","6 pin Hirose: 
1 Opto-isolated input, 1 Opto-isolated output, 1 configurable input/output without opto isolation","Standard 5 pin trigger connecter: 1x Opto-isolated input, 1x Opto-isolated output, 1 configurable input and output","1 × 6 pin Hirose: 1 × Opto-isolated input, 1 × Opto-isolated output, 1 configurable input and output","6 pin Hirose: 1 Opto-isolated input, 1 Opto-isolated output, 1 configurable input/output without opto isolation",Standard 6 pin trigger connecter:3 configurable input and output,"1× Opto-isolated input, 1× Opto-isolated output, 1× configurable input and output","3x Opto-isolated input, 3x Opto-isolated output；1x RS232","3x Opto-isolated input, 3x Opto-isolated output, 1x RS232","3x Opto-isolated input, 3x Opto-isolated output;1x RS232",3x configurable input and output,"3× Opto-isolated input, 3× Opto-isolated output;1× RS232","3x Opto-isolated input, 3x Opto-isolated output","1x 6 pin Hirose: 1x Opto-isolated input, 1x Opto-isolated output,","3× Opto-isolated input, 3× Opto-isolated output, 1× RS232","3x Opto-isolated input, 3x Opto-isolated output, 1x RS232 interface","3 × Opto-isolated input, 3 × Opto-isolated output, 1 × RS232","2 differential input, 2 single-end input, 1 differential output and 1 GPIO.","12-pin Hirose interface for external power supply and external triggering; 2 differential/single-ended inputs, 1 differential configurable input or output, 1 high-speed optocoupler single-ended input, 1 GPIO configurable input or output","2 differential/single-end input, 2 differential/single-end output, 1 differential/single-end configurable input/output and 1 GPIO.","4 differential input, output, and 1 GPIO input, output","4 differential input,  output, and 1 GPIO  input,  output,","4 differential input,output and 1 GPIO  input,output",,,,,,,,,,,,,,,,,,
huaray,Lens Mount,C-mount,C,CS-mount,M12,M58 x 0.75,F-Mount,M42 x 1,M58 × 0.75,M42x1,M72 x 0.75,M72 × 0.75,C-Mount,M72,M42,"M90*1, flange back focus 12 mm; can be transferred to F-mount lens via adapter ring",,,,,,,,,,,,,,,,,,,,,,,,,,,,,,,,
,,,,,,,,,,,,,,,,,,,,,,,,,,,,,,,,,,,,,,,,,,,,,,,,
jai,Color / Mono,Color,Multispectral,Mono,Mono Polarized,,,,,,,,,,,,,,,,,,,,,,,,,,,,,,,,,,,,,,,,,,,
jai,Light Spectrum,Visible + NIR,Visible,2-Bands Visible + NIR (Prism),3-Bands Visible + NIR (Prism),Visible + UV,4-Bands R-G-B + NIR (Prism),4-Bands R-G-B + SWIR (Prism),2-Bands SWIR (Prism),,,,,,,,,,,,,,,,,,,,,,,,,,,,,,,,,,,,,,,
jai,Interface,USB3 Vision,GigE Vision 1-Cable (PoE),Mini Camera Link (PoCL),10 Gbps GigE Vision,5 Gbps GigE Vision,CoaXPress-1-Lane (PoCXP),Mini Camera Link,USB3 Vision (PoUSB),5 Gbps GigE Vision (PoE),CoaXPress-4-Lanes (PoCXP),CoaXPress-2-Lanes (PoCXP),CoaXPress-4-Lanes,SFP+ over 10 Gigabit Ethernet,GigE Vision,Camera Link,,,,,,,,,,,,,,,,,,,,,,,,,,,,,,,,
jai,Lens Mount,C-mount,C-mount or CS-mount,F-mount or M-42Ax1 mount,F-mount or M42x1 mount,M95-Mount,M72-Mount,F-mount or M52-mount,Fマウント または M52マウント,M52-Mount,,,,,,,,,,,,,,,,,,,,,,,,,,,,,,,,,,,,,,
,,,,,,,,,,,,,,,,,,,,,,,,,,,,,,,,,,,,,,,,,,,,,,,,
sentech,Color / Monochrome,SWIR,Color,Monochrome,Monochrome NIR,Color NIR,UV,Polarization,,,,,,,,,,,,,,,,,,,,,,,,,,,,,,,,,,,,,,,,
sentech,Interface,"CoaXPress (CXP-12, 1 lane)",PoE: IEEE802.3af CLASS3 (1000BASE-T),USB3.0,Camera Link 80bit / Full / Medium / Base,Camera Link Base,"CoaXPress (CXP-12, 2 lane)",10GigE,GVIF2 (with USB3 Vision conversion control unit),GVIF2 (with GVIF frame grabber board),CoaXPress (CXP-12 4 lane),PoE: IEEE802.3af CLASS1 (1000BASE-T),Camera Link Medium / Base,Camera Link Full / Medium / Base,"CoaXPress (CXP-6, 1 lane)","CoaXPress (CXP-6, 2 lane)","CoaXPress (CXP-6, 4 lane)",CoaXPress (CXP-12 1 lane),CoaXPress (CXP-12 2 lane),"CoaXPress (CXP-3, 1 lane)","PoE: IEEE802.3af CLASS3 (10GBASE-T, 5GBASE-T, 1000BASE-T)",PoE: IEEE802.3af CLASS2 (1000BASE-T),PoE: IEEE802.3af CLASS2 (1000BASE-T,IEEE802.3ab (1000BASE-T),Opt-C:Link 40Gbps,Opt-C:Link,Camera Link 80bit / Full / Base,DVI 1.0 (RGB),3G-SDI 4:2:2 YCrCb 10bits,MIPI CSI-2 2 lane,Analog TV format,,,,,,,,,,,,,,,,,
sentech,Lens Mount,C Mount,S Mount,Liquid lens integrated,M72 Mount,M95 Mount,F Mount,M42 Mount,CS Mount,No Lens Mount,,,,,,,,,,,,,,,,,,,,,,,,,,,,,,,,,,,,,,
sentech,Interface Connector,Micro BNC (75 ohm) x 1,RJ45 connector x 1,USB3.0 micro B x 1,SDR x 2,SDR x 1,Micro BNC (75 ohm) x 2,FAKRA x 1 (Shared power and signal connector),Micro BNC (75 ohm) x 4,MDR x 2,BNC (75 ohm) x 1,DIN1.0/2.3 (75 ohm Jack) x 1,DIN1.0/2.3 (75 ohm Jack) x 4,BNC (75 Ω) x 1 個,HR10A-7R-6PB (Hirose) or equivalent x 1,QSFP+ Optical connector (Avago) x 1,SFP+ Optical connector (Avago ) x 2,HDMI x 1,BNC x 1,52808-1571 (Molex) x 1 (Common power/IO connector),BM8B-SRSS-TB (JST) x 1 (Common Power/IO connector),,,,,,,,,,,,,,,,,,,,,,,,,,,
,,,,,,,,,,,,,,,,,,,,,,,,,,,,,,,,,,,,,,,,,,,,,,,,
teledyne,스펙트럼,SWIR,Color,Mono,SWIR (400nm ~ 1700nm),색상,단색,편광,400nm - 1700nm,900nm - 2500nm,,,,,,,,,,,,,,,,,,,,,,,,,,,,,,,,,,,,,,
teledyne,Supported Interfaces,GigE Vision,"GigE Vision, Camera Link, Camera Link HS, Gigabit Ethernet","Camera Link HS, Fiber Optic",Camera Link HS,Camera Link,"Camera Link, USB3 interfaces",PCIe and USB 3.2,USB 3.0,CoaXPress,PCIe or USB 3.0 Options,USB 3.2 Gen 2,PCIe and USB 3,,,,,,,,,,,,,,,,,,,,,,,,,,,,,,,,,,,
teledyne,Spectrum Capability,Visible (400-700 nm),"Visible (400-700 nm), Near Infrared (700-1000 nm)","Ultraviolet (350-400 nm), Visible (400-700 nm), Near Infrared (700-1000 nm)","Visible (400-700 nm),Near Infrared (700-1000 nm)",,,,,,,,,,,,,,,,,,,,,,,,,,,,,,,,,,,,,,,,,,,
teledyne,Spectrum,Color,Mono,Color & NIR-enhanced,RGBN,SWIR,800-1700nm,200–1100 nm,"Mono, UV","Mono, UV, NIR","Mono, NIR-enhanced",400–1000 nm,300–1100 nm,"Mono, SWIR, NIR","NIR, SWIR","UV, Mono, NIR","UV (200-400 nm) Visible (400-700 nm), Near Infrared (700-1100 nm)",400–700 nm,300 nm – 1000 nm,200 nm - 1050 nm,,,,,,,,,,,,,,,,,,,,,,,,,,,,
teledyne,Lens Mount,M42 x 1 mm,M72 x 0.75 mm,M58 x 0.75 mm,M90 x 1 mm,N/A (lens included),C-mount,"C-Mount, F-Mount, T-Mount",C-Mount,F-Mount,"C-mount, optional C-to-spectrometer and C-to-F mount","F-mount, optional F-to-spectrometer and C-mount",Spectroscopy mount,"F-mount standard, other mounts available by special order","C-mount standard, other mounts available by special order",C - Mount,"C-mount, Spec mount","F-mount, Spec mount","C-Mount, Spec Mount",Spec Mount,"F-Mount, Spec Mount",F-mount,Spec mount,F-mount with integral 45mm shutter,,,,,,,,,,,,,,,,,,,,,,,,
teledyne,Data Interface,Gigabit Ethernet 1 Gbps,"Camera Link (Base, Medium, Full & Deca configuration)",Camera Link HS (CX4/AOC),Gigabit Ethernet 5 Gbps / 2.5 Gbps / 1 Gbps,Camera Link HS (LC),Camera Link,Camera Link HS (SFP+),"Camera Link HS, Fiber Optic","PCI-Express Gen 3, USB 3.2 10 Gbps",CoaXPress,Gigabit Ethernet 10 Gbps / 5 Gbps / 2.5 Gbps / 1 Gbps,USB 3.0,Camera Link HS,Camera Link (Base configuration),Camera Link (Deca configuration),CoaXPress (6.125 Gbps),USB 3.0 (5.0 Gbps),PCle,"PCle, USB 3.0",USB 3.2,USB 3.2 Gen 2 Interface,GigE,USB 2.0,USB 3.2 10 Gbps,USB 3.1 (10Gbps),,,,,,,,,,,,,,,,,,,,,,
teledyne,QE (Mono),700 nm,690 nm,Peak  @ 620 nm,Peak  @ 690 nm,Peak  @ 820 nm,670 nm,1550 nm,0.88,0.7,95%,91%,58 @520 nm,98%,54 @550 nm,63 @500 nm,62 @530 nm,60 @560 nm,62 @650 nm,65 @525 nm,70 @525 nm,70 @530 nm,51 @570 nm,55 @640 nm,72%,76%,73%,74%,82%,67%,60%,63%,59%,95 %,0.72,0.69,0.68,0.73,85%,80%,50%,99%,97%,75%,> 90%,> 95%,>95%,>90%
teledyne,Mounting,Spec Mount,"Two ¼""–20 threads per side","C-mount, optional C-to-spectrometer and C-to-F mount","F-mount, optional F-to-spectrometer and C-mount",One M3x0.5 thread per side,"C-mount, Spec mount","F-mount, Spec mount",Multiple M6 and 1/4-20 mounting points,1/4-20 mounting threadTeledyne Princeton Instruments Spectrograph compatible camera nose,1/4-20 mounting thread,"2x 1/4""-20 mounting points per side","One ¼""–20 thread per side",C-mount,,,,,,,,,,,,,,,,,,,,,,,,,,,,,,,,,,
teledyne,Spectrum Capabilities,"UV (200-400 nm), Visible (400-700 nm), Near Infrared (700-1000 nm)",0.3-1.7 µm (VisGaAs)0.9-2.5 µm (HgCdTe),"UV (200-440 nm), Visible (400-700 nm), Near Infrared (700-1000 nm)",,,,,,,,,,,,,,,,,,,,,,,,,,,,,,,,,,,,,,,,,,,,
teledyne,Color/Mono,Mono,Color,,,,,,,,,,,,,,,,,,,,,,,,,,,,,,,,,,,,,,,,,,,,,
teledyne,C-Mount Coupler Magnification,0.63x - 0.7x C-mount coupler,0.5x - 0.63x C-mount coupler,1.0x C-mount coupler,0.5x or 0.63x C-mount coupler,,,,,,,,,,,,,,,,,,,,,,,,,,,,,,,,,,,,,,,,,,,
,,,,,,,,,,,,,,,,,,,,,,,,,,,,,,,,,,,,,,,,,,,,,,,,
