alliedvision_컬럼명,alliedvision_샘플데이터,basler_컬럼명,basler_샘플데이터,hikrobot_컬럼명,hikrobot_샘플데이터,huaray_컬럼명,huaray_샘플데이터,jai_컬럼명,jai_샘플데이터,lucid_컬럼명,lucid_샘플데이터,sentech_컬럼명,sentech_샘플데이터,teledyne_컬럼명,teledyne_샘플데이터
brand,Allied Vision,brand,Basler,brand,Hikrobot,brand,Huaray,brand,JAI,brand,Lucid Vision,brand,Sentech,brand,Teledyne Dalsa
subseries,alvium-g1 | alvium-g5 | alvium-1800-u | alvium-1800-c | alvium-gm2,model_name,r2T16416-500cm | a2A5320-29mgc | a2A3536-37mgm | a2A1920-168mgm | a2A2448-90mgm,product_id,7830 | 7829 | 7914 | 7916 | 7915,product_id,552 | 553 | 554 | 569 | 5787,Product Line,"Apex Medical Solutions | Apex Series | Apex Series
/                 Apex Medical Solutions | Fusion Series | Go Series",is_variant,N | Y,model_name,stc-sbs322cxp121-swir | stc-sbs532cxp121-swir | stc-sbs34cxp121-swiru | stc-sbs132cxp121-swiru | stc-sbs322cxp121-swiru,model_name,KL-GS-12H03H-00-L25 | Linea Lite 2k Color L2-GC-02K02B-00-A | Linea Lite 2k Mono L2-GM-02K05B-00-A | Linea Lite 4k Color L2-GC-04K01B-00-A | Linea Lite 4k Mono L2-GM-04K02B-00-A
모델,Alvium G1-030 VSWIR | Alvium G1-040 | Alvium G1-1236 | Alvium G1-1240 | Alvium G1-1242,slug,r2t16416-500cm | a2a5320-29mgc | a2a3536-37mgm | a2a1920-168mgm | a2a2448-90mgm,model_name,"0.4MP Area Scan Camera, 3rd Gen., GigE, Mono, BASE | 0.4MP Area Scan Camera, 3rd Gen., GigE, Color, BASE | 0.4MP Area Scan Camera, 3rd Gen., GigE, Color, PRO | 0.4MP Area Scan Camera, 3rd Gen., GigE, Mono, PRO | 0.4MP Area Scan Camera, 3rd Gen., GigE, Mono, MAX",model_name,A5031CG300E | A5031CU815E | A5031MG300E | A5031MU815E | AH7040MG001E,Model,AP-1600T-USB-LSX | AP-3200T-USB-LS | AP-3200T-USB-LSX | AP-1600T-PGE | AP-1600T-PMCL,모델,PHX200S | PHX200S-CC | PHX200S-MC | PHX200S-CC-IX | PHX200S-MC-IX,subcategory,SWIR Cameras | 3CMOS Sensor Camera | GVIF Cameras | Liquid lens integrated cameras | LensConnect Lens support Cameras,camera_type,Line Scan | Area Scan
제품 시리즈,Alvium G1 | Alvium G5 | Alvium 1800 U | Alvium 1800 C | Alvium GM2,제조 업체,Basler | JAI,product_model,MV-CT0MG0004/G/NN/NN | MV-CT0CG0004/G/NN/NN | MV-CT1CG0004/G/NN/NN | MV-CT1MG0004/G/NN/NN | MV-CT2MG0004/G/NN/NN,camera_type,Area Scan Camera | Line Scan Camera,Type,Area Scan | Line Scan,메가픽셀,20.0 MP | 12.3MP | 12.3 MP | 8.9 MP | 8.1 MP,Product Model,STC-SBS322CXP121-SWIR | STC-SBS532CXP121-SWIR | STC-SBS34CXP121-SWIRU | STC-SBS132CXP121-SWIRU | STC-SBS322CXP121-SWIRU,family_name,KL-GS-12H03H-00-L25 | Linea Lite | Linea | Linea2 | Linea ML
상태,Available | Prototype/engineering sample | Coming soon | Discontinued,주문 번호,109680 | 109737 | 109740 | 109732 | 109734,camera_type,Area Scan Camera | Line Scan Camera,product_model,A5031CG300E | A5031CU815E | A5031MG300E | A5031MU815E | AH7040MG001E,Color / Mono,Color | Multispectral | Mono | Mono Polarized,해상도,"5472 x 3648 px, 20 MP | 4096 x 3000 px, 12.3 MP | 4096 x 2160 px, 8.9 MP | 2840 x 2840 px, 8.1 MP | 2048 x 1200 px, 2.4 MP",Camera Type,Area Camera | Area Camera (3CMOS) | Line Camera,부품 번호,KL-GS-12H03H-00-L25 | TL-GC-02K05T-00 | TL-GM-02K15B-00 | TL-GC-04K02T-00 | TL-GC-04K04T-00
센서 유형,Area scan | Line scan 2D | Line scan 3D,카메라 카테고리,라인 스캔 카메라 | 에어리어 스캔 카메라,Product Model,MV-CT0MG0004/G/NN/NN | MV-CT0CG0004/G/NN/NN | MV-CT1CG0004/G/NN/NN | MV-CT1MG0004/G/NN/NN | MV-CT2MG0004/G/NN/NN,camera_series,A Series | A Pro Series | AE Series | Board-level Series | Large Area Scan Series,Light Spectrum,Visible + NIR | Visible | 2-Bands Visible + NIR (Prism) | 3-Bands Visible + NIR (Prism) | Visible + UV,프레임 레이트,5.6 fps | 9.0 fps | 12.5 fps | 13.8 fps | 45.7 fps,Resolutions,3.2MP | 5.3MP | 0.3MP | 1.3MP | 5MP,해상도,"1,280 x 256 | 2048 × 3 | 2048 × 2 | 4096 × 3 | 4096 × 2"
크로마,Mono | Mono or Color | Color | Mono polarized | Color+Mono+NIR,카메라 시리즈,Basler racer 2 TDI | Basler ace 2 | Basler boost | Basler dart | Basler racer 2,Type,"0.4MP Area Scan Camera, 3rd Gen., GigE, Mono, BASE | 0.4MP Area Scan Camera, 3rd Gen., GigE, Color, BASE | 0.4MP Area Scan Camera, 3rd Gen., GigE, Color, PRO | 0.4MP Area Scan Camera, 3rd Gen., GigE, Mono, PRO | 0.4MP Area Scan Camera, 3rd Gen., GigE, Mono, MAX",Sensor,PYTHON 300 | IMX297 | IMX287 | SS | PYTHON 480,Resolution (MP),1.6 | 3.2 | 5.1 | 2.4 | 5.0,센서,Sony IMX183 CMOS (BSI Starvis) | Sony IMX565 CMOS | Sony IMX304 CMOS | Sony IMX267 CMOS | Sony IMX566 CMOS,Color / Monochrome,SWIR | Color | Monochrome | Monochrome NIR | Color NIR,메가픽셀,0.327 | 1.3 | 0.4 | 1.6 | 1.76
스펙트럼,"SWIR, Visible SWIR | Visible | UV | Visible-NIR | SWIR",보증 (Warranty),36개월,Sensor type,"CMOS, global shutter | CMOS, rolling shutter | CMOS,  global shutter | Vanadium oxide uncooled detector | InGaAs",Image Sensor,"1/4""CMOS | 1/2.9""CMOS | 1/2.9"" CMOS | 1/2.9''CMOS | 1/3.6""CMOS",Resolution (WxH),1456 x 1088 px | 2064 x 1544 px | 2464 x 2056 px | 1440 x 1080 px | 2048 x 1536 px,센서 크기,15.86 mm (Type 1″) | 14.0mm (Type 1/1.1″) | 17.6 mm (Type 1.1″) | 16.1 mm (Type 1″) | 11.1 mm (Type 2/3″),Effective Pixels,"2,048 (H) x 1,536 (V) | 2,560 (H) x 2,048 (V) | 640 (H) x 512 (V) | 1,280 (H) x 1,024 (V) | 656 (H) x 520 (V)",최대 라인 속도,2.3 kHz | 50 kHz × 3 | 150 kHz | 25 kHz × 3 | 42 kHz × 3
스펙트럼 범위,400 nm to 1700 nm | 300 nm to 1100 nm | 200 nm to 1000 nm | 200 nm to 1100 nm | 900 nm to 1700 nm,센서 공급업체,Gpixel | Sony | OmniVision | onsemi | Awaiba,Sensor model,Stacked BSI | Sony IMX178 | Sony IMX183 | Sony® IMX297 | Sony® IMX287,Shutter,Global | Rolling | Rolling/GlobalResetRealease,Frame rate / Line rate,79 fps | 38 fps | 24 fps | 126 fps | 106 fps,픽셀 크기,2.4 µm (H) x 2.4 µm (V) | 2.74 µm (H) x 2.74 µm (V) | 3.45 µm (H) x 3.45 µm (V) | 2.74 µm (H) x .74 µm (V) | 4.0 µm (H) x 4.0 µm (V),Frame Rate,173.4 fps | 131.9 fps | 258.8 fps | 134.7 fps | 83.9 fps,센서 모델,Teledyne DALSA | Sony IMX990 | Sony IMX287 | onsemi Python 1300 | onsemi Python 1300 P1
해상도,"656 × 520 (0.30 MP) | 728 × 544 (0.40 MP) | 4,112 × 3,008 (12.40 MP) | 4,024 × 3,036 (12.20 MP) | 4,128 × 3,008 (12.40 MP)",센서,GLT5016BSI | IMX542 | IMX676 | IMX392 | IMX547,Pixel size,6.9 μm × 6.9 μm | 3.45 μm × 3.45 μm | 2.4 μm × 2.4 μm | 2 μm × 2 μm | 4.5 μm × 4.5 μm,Resolution,640 × 480 | 720 × 520 | 720 × 540 | 720 × 544 | 800 × 600,ROI,Yes | No,셔터,"Rolling shutter with global reset | Global Shutter | Rolling with global reset | Rolling, Global Reset | Global",Interface,"CoaXPress (CXP-12, 1 lane) | PoE: IEEE802.3af CLASS3 (1000BASE-T) | USB3.0 | Camera Link 80bit / Full / Medium / Base | Camera Link Base",화소 크기,14 | 7 | 3.5 SR | 5 | 6.9 µm
센서 모델,Sony IMX991 | InGaAs | Sony IMX287 | Sony IMX304 | Sony IMX226 | Sony IMX545,셔터,Global Shutter | Rolling Shutter | Global & Rolling Shutter,Sensor size,"1/2.9"" | 1/2.53"" | 1/1.8"" | 2/3"" | 1""",Frame Rate,300 fps | 815 fps | 125.2 fps | 525 fps @720×540 Bayer RG 8 | 310 fps（319.9 fps @Compression Mode Burst),Interface,USB3 Vision | GigE Vision 1-Cable (PoE) | Mini Camera Link (PoCL) | 10 Gbps GigE Vision | 5 Gbps GigE Vision,렌즈 마운트,C-Mount / 렌즈 마운트 없음 / 플랜지가 있는 렌즈 마운트 없음 / C-마운트가 있는 원격 헤드 | C-mount | 렌즈 마운트 없음 | 플랜지가 있는 렌즈 마운트 없음 | C-마운트가 있는 원격 헤드,Protocol,CoaXPress Standard Version 2.0 | GigE Vision 2.1 | USB3 Vision 1.0.1 | Camera Link 2.1 | GVIF2,센서 유형,InGaAs | CMOS | hybrid CMOS
센서 아키텍처 (소재),InGaAs | CMOS | cmos | ccd | cmos-ingaas,센서 타입,Hybrid CCD/CMOS | CMOS | InGaAs | Line Sensor,Resolution,720 × 540 | 1440 × 1080 | 1624 × 1240 | 2048 × 1536 | 2448 × 2048,Bit Depth,10 | 12 | 8/10 | 10bit/12bit | 8bit / 12 bit,Sensors,3xCMOS RGB | 2xCMOS (Vis/NIR) | 3 x CMOS Vis/NIR/NIR | 3xCMOS (Vis/NIR) | 1xCMOS,크로마,Mono / Color | Color | Mono | Polarized MonoPolarized Color | Polarized Color,Power Supply,PoCXP External power (+10.8 to +26 Vdc) | PoCXP External power (+18.5 to +26 Vdc) | Power Over Ethernet (PoE) (IEEE802.3af) External power (+10.8 to +26.4Vdc) | USB bus power (+5 V) External power (+8.0 to +24 Vdc) | PoCL External power (+12 Vdc),스펙트럼,SWIR | Color | Mono | SWIR (400nm ~ 1700nm) | 색상
셔터 유형,"Global Shutter | Global Reset Shutter, Rolling Shutter | Rolling Shutter | global-shutter | rolling-shutter",해상도 (HxV),16416 px × 256 px | 5320 px × 3032 px | 3536 px × 3536 px | 1920 px × 1200 px | 2448 px × 2048 px,Max. frame rate,200.5 fps @ 720 × 540 Mono 8 | 200.5 fps @ 720 × 540 Bayer GB 8 | 78.2 fps @ 1440 × 1080 Mono 8 | 78.2 fps @ 1440 × 1080 Bayer GB 8 | 249 fps @ 1440 × 1080 Mono 8,Mono/Color,Color | Mono | 黑白 | Mono8/10 | color,Sensor Name,IMX273 | IMX265 | IMX252 | IMX548 Pregius S | IMX174,디지털 인터페이스,"1000BASE-T RJ45, PoEix Industrial, PoEFFC, PoE | 1000BASE-T RJ45, PoE ix Industrial, PoE FFC, PoE | 1000BASE-T RJ45, PoE FFC, PoE | 10GBASE-T, 5GBASE-T, 2.5GBASE-T, 1000BASE-T, 100BASE-TX M12 (8-Pin X-Coded), PoE | 10GBASE-T*, 5GBASE-T, 2.5GBASE-T, 1000BASE-T, 100BASE-TX M12 (8-Pin X-Coded), PoE",Power Consumptions,Less than 7.5 W | Less than 7.6 W | Less than 2.2 W | Less than 3.8 W | PoE: Less than 4.1 W External power: Less than 3.2 W,렌즈 마운트,M42x1 (lens included) | M42 x 1 mm | C-마운트 | CS-마운트 | C-Mount
센서 크기,4.61 mm ø (Type 1/4) | 6.3 mm ø (Type 1/2.9) | 17.6 mm ø (Type 1.1) | 9.33 mm ø (Type 1/1.7) | 14 mm ø (Type 1/1.1),픽셀 사이즈 HxV,5 μm × 5 μm | 2.74 μm × 2.74 μm | 2 μm × 2 μm | 3.45 μm × 3.45 μm | 2.25 μm × 2.25 μm,Dynamic range,62.3 dB | 62.6 dB | 68.5 dB | 68.3 dB | 61 dB,Pixel Size,4.8 μm × 4.8 μm | 6.9 μm × 6.9 μm | 4.5 μm × 4.5 μm | 5.0 μm × 5.0 μm | 4.0 μm × 4.0 μm,Cell Size (WxH),3.45 x 3.45 µm | 2.74 x 2.74 µm | 5.86 x 5.86 µm | 5.0 x  5.0 µm | 1.85 x 1.85 µm,프레임 레이트*,5.6 FPS (6 FPS) @ 20 M | 9.0 FPS (10 FPS) @ 12.3 MP | 12.5 FPS (13.7 FPS) @ 8.9 MP | 13.8 FPS (14.8 FPS) @ 8.1 MP | 45.2 FPS (47.9 FPS) @ 2.4 MP,Operational Temperature,Lower limit: 0 deg. C (Environmental temperature) Upper limit: +35 deg. C (Environmental temperature) | Lower limit: 0 deg. C (Environmental temperature) Upper limit: +56 deg. C (Environmental temperature) | Lower limit: 0 deg. C (Environmental temperature) Upper limit: +51 deg. C (Environmental temperature) | Lower limit: 0 deg. C (Environmental temperature) Upper limit: +46 deg. C (Environmental temperature) | Lower limit: 0 deg. C (Environmental temperature) Upper limit: +45 deg. C (Environmental temperature),동기화,"Free-running, external trigger | Image sync: Free-running, software & hardware trigger, action command | 소프트웨어 트리거, 하드웨어 트리거, 동작 명령, PTP | Software trigger, hardware trigger, action command, PTP | 소프트웨어 트리거, 하드웨어 트리거, 동작 명령"
픽셀 크기,5.00 µm × 5.00 µm | 6.90 µm × 6.90 µm | 3.45 µm × 3.45 µm | 1.85 µm × 1.85 µm | 2.74 µm × 2.74 µm,라인 속도,500 kHz | 120 kHzCalculate individual frame rate | 80 kHzCalculate individual frame rate | 60 kHzCalculate individual frame rate | 240 kHzCalculate individual frame rate,SNR,43.8 dB | 43.9 dB | 44 dB | 44.1 dB | 42.4 dB,Pixel,0.3MP | 0.4 MP | 0.4MP | 0.5 MP | 0.5MP,Resolution,1.6 MP | 3.2 MP | 5.1 MP | 2.4 MP | 5 MP,제품 사이즈,"28 x 28 x 28.4 mm | 24x24x27.35 mm, (No lens mount 24x24x18.7 mm) | 24 x 24 x 27.35 mm | 28 x 36 x 32.8* mm | 44 x 44 x 82 mm",Storage Temperature,Lower limit: -20 deg. C (Environmental temperature) Upper limit: +70 deg. C (Environmental temperature) | Lower limit: -20 deg. C (Environmental temperature) Upper limit: +75 deg. C (Environmental temperature) | Lower limit: -25 deg. C (Environmental temperature) Upper limit: +75 deg. C (Environmental temperature) | TBD | Lower limit: -25 deg. C (Environmental temperature) Upper limit: +80 deg. C (Environmental temperature),데이터 인터페이스,"10 GigEVision | Gigabit Ethernet 2.5 Gbps | Gigabit Ethernet 10 Gbps | 기가비트 이더넷 1Gbps | CameraLink, USB3"
센서 비트 심도,"8-bit, 10-bit, 12-bit; Adaptive (10-bit, 12-bit) | 12-bit | 10-bit | 10-bit, 12-bit; Adaptive (10-bit, 12-bit) | 10",모노크롬/컬러,Mono | Color | Mono UV,Gain,"0 dB to 24 dB | High full well capacity: 0 dB to 12.8 dB
High sensitivity: 0 dB to 24 dB | 0 dB to 12 dB | 0 dB to 20 dB | 0 dB to 17 dB",S/N Ratio,>38dB | 40 dB | 43 dB | 39.9 dB | 39.7 dB,Resolution WxH,1456 x 1088 px | 2064 x 1544 px | 2464 x 2056 px | 1440 x 1080 px | 2048 x 1536 px,무게,"39 g | 30 g, (No lens mount 20 g) | 30 g | 54 g | 249 g",Image Sensor,SONY IMX993 (TEC) | SONY IMX992 (TEC) | SONY IMX991 | SONY IMX990 | SONY IMX993,보호,IP54 | IP30 | IP67
모노크롬 픽셀 형식,"Mono8 (default), Mono10, Mono10p, Mono12, Mono12p, Mono12Packed | Mono8, Mono10, Mono10p, Mono12, Mono12p, Mono12Packed | Mono8 (default), Mono10, Mono10p, Mono12, Mono12p | Mono8, Mono10, Mono10p, Mono12, Mono12p | GREY, Mono8 (default), RAW10, RAW12, RAW8 (default), Y10, Y12",빛스펙트럼,Visible | Visible + NIR | Visible + SWIR | UV,Exposure time,"23 μs to 10 sec | High full well capacity: 30 μs to 10 sec
High sensitivity: 5 μs to 10 sec | 25 μs to 3.1 sec | 8 μs to 1 sec | UltraShort exposure mode: 10 μs to 19 μs
Standard exposure mode: 20 μs to 10 sec",Dynamic Range,60dB | >60dB | 62.5 dB | 73 dB | 68.2 dB,Optical Format,1/2.9 inch | 1/1.8 inch | 1/1.2 inch | 1 inch | 2/3 inch,GPIO인터페이스,8 핀 JST 커넥터 | 8 핀M8커넥터,Shutter Type,Global Shutter | Global Shutter / Rolling Shutter | Rolling Shutter / Global Reset | Rolling Shutter,부분 이미지 모드,"ROI, multi ROI, spectral and digital bining | Pixel binning,  ROI, Muti-ROI | ROI, Muti-ROI | 데시메이션, ROI | 픽셀 비닝, 데시메이션, ROI"
최대 프레임 속도,249 fps | 298 fps | 9 fps | 88 fps | 60 fps,인터페이스,CoaXPress-over-Fiber | GMSL2 | 5GigE | GigE | USB 3.0,Exposure mode,"Off/Once/Continuous exposure mode, supports Trigger Width and Trigger Controlled | Off/Once/Continuous exposure mode, supports Rolling and Global Reset | Off/Once/Continuous exposure mode | Off/Once/Continuous exposure mode, supports Trigger Width and Trigger Controlled, supports Rolling and Global Reset | Off/Once/Continuous exposure mode, and supports trigger-width exposure",Image Format,"Mono8，BayerRGB/10/10Packed，BayerGB8/10/10Packed,YUV422Packed | BayerRG8/10/10Packed，BayerGB8/10/10Packed | Mono8/10/10Packed | Mono 8/10
Bayer RG 8/10/10Packed,YUV422_8_UYVY,YUV422_8,RGB8,BGR8 | Mono 8/10/12,
Bayer RG 8/10/10Packed/12/12Packed,YUV422_8_UYVY,YUV422_8,RGB8,BGR8",Cell Size WxH,3.45 x 3.45 µm | 2.74 x 2.74 µm | 5.86 x 5.86 µm | 5.0 x  5.0 µm | 1.85 x 1.85 µm,Opto-Isolated I/O Ports,"1 input, 1 output | 1 input (2.5V-24V and 10.5V-24V), 1 output",Optical Size,"1/1.8"" | 1/1.4"" | 1/4"" | 1/2"" | 1/3.1""",사용자 세트,사용자 카메라 설정을 위한 사용자 구성 세트 2개 | 맞춤형 카메라 설정을 위한 2가지 사용자 설정 세트 | 2 user configuration sets for custom camera settings | 1
비절연 라인,"2 GPIOs (LVTTL) | 4 programmable GPIOs | 2 programmable GPIOs | 4 biderectional I/O lines | LVTTL I/Os: 1 input, 1 output",픽셀 비트 깊이,8 bits / 10 bits / 12 bits | 10 bits | 10 bits / 12 bits | 12 bits | 8 bits / 12 bits,Pixel format,"Mono 8/10/10Packed/12/12Packed | Mono 8,
Bayer GB 8/10/10Packed/12/12Packed, YUV422Packed, YUV422_YUYV_Packed,
RGB 8, BGR 8 | Mono 8,
Bayer GR 8/10/10Packed/12/12Packed, YUV422Packed, YUV422_YUYV_Packed,
RGB 8, BGR 8 | Mono 8,
Bayer RG 8/10/10Packed/12/12Packed, YUV422Packed, YUV422_YUYV_Packed,
RGB 8, BGR 8 | Mono 8,
Bayer BG 8/10/10Packed/12/12Packed, YUV422Packed, YUV422_YUYV_Packed,
RGB 8, BGR 8",Decimation,Support,Shutter type,Global shutter | Rolling shutter,Non-Isolated I/O Ports,2 bi-directional,Cell Size,3.45 (H) x 3.45 (V) µm | 5.0 (H) x 5.0 (V) µm | 2.74 (H) x 2.74 (V) µm | 2.25 (H) x 2.25 (V) µm | 6.9 (H) x 6.9 (V) µm,이미지 처리,"Flat-field correction, defective pixel correction, linearity correction | Lookup table,  Pixel correction, Flat line correction and Line spatial correction | 감마, 룩업 테이블(순람표) 및 선명도 | 색상 보정 매트릭스, 감마, 룩업 테이블(순람표), 채도 및 선명도 | 감마, 룩업 테이블(순람표), 픽셀 수정, 대상 그레이 값 및 선명도"
광절연 라인,"1 input, 1 output | 1 input, 3 outputs | 1 input, 2 outputs | 1 Input, 2 Outputs | 1 x Optical isolated input, 0 x Optical isolated input,",동기화,free-run / hardware trigger / software trigger | hardware trigger / software trigger | free-run / software trigger | Ethernet connection / free-run / hardware trigger,Mono/color,"Mono | Color | Near-infrared | Mono,Color | Near IR",ROI,"Support | SUpport | One ROI in the horizontal direction, with a minimum ROI width of 
128 pixels, and a single CXPoF setting step size of 64 pixels",Sensor Diagonal,6.3 mm | 8.9 mm | 8.8 mm | 6.2 mm | 13.4 mm,전원 요구사항,"PoE (IEEE 802.3af), or 12-24 VDC ±5% external | PoE (IEEE 802.3af) or 12-24 V ±5% through GPIO | PoE (IEEE 802.3af), or 12-24 ±5% VDC external | PoE+ (IEEE 802.3at) or 12-24 V ±5% through GPIO",Dimensions,42 (W) x 42 (H) x 69 (D) mm | 35 (W) x 35 (H) x 40 (D) mm | 35 (W) x 35 (H) x 53 (D) mm | 58 (W) x 58 (H) x 85 (D) mm | 35 (W) x 35 (H) x 41.5 (D) mm,플래시 메모리,256 MB | 32 MB non-volatile memory | 1MB 비휘발성 메모리 | 6MB 비휘발성 메모리 | 6 MB 비휘발성 메모리
전원 공급 장치,"10.8 to 26.4 VDC AUX | IEEE 802.3af, Power Class 0 PoE | 10.8 to 26.4 VDC AUX or IEEE 802.3af, Power Class 0 PoE | Power over USB 3.1 Gen 1 | External power 5.0 V | 5 VDC over MIPI CSI-2 | 12 VDC to 24 VDC (±10%) or via PoE",카메라 I/O 커넥터,Hirose HR10A 12-pin plug | M8 6-Pin receptacle | Hirose HR10A 6-pin plug | Binder M5 4-pin receptacle,Binning,"Not supported | Supports 1 × 1, 2 × 2, 4 × 4 | Supports 1 × 1, 1 × 2, 1 × 4, 2 × 1, 2 × 2, 2 × 4, 4 × 1, 4 × 2, 4 × 4 | Supports 1 × 1, 2 × 2 | Supports 1 × 1, 1 × 2, 2 × 1, 2 × 2",X Flip,Support | No Support,Active Sensor Dimensions WxH,5.0 x 3.8 mm | 7.1 x 5.3 mm | 6.77 x 5.66 mm | 5.0 x 3.7 mm | 4.9 x 3.7 mm,소비 전력,"PoE를 통한 3.1W, 외부 전원 공급시 2.6W | PoE를 통한 3.5W, 외부 전원 공급시 3W | PoE를 통한 2.9W, 외부 전원 공급시 2.5W | PoE를 통한 3.1W, 외부 전원 공급시 2.5W | PoE를 통한 <8.3W, 외부 전원 공급시 7.5W",Weight,Approximately 210 g | Approximately 77 g | Approximately 76 g | Approximately 98 g | Approximately 465 g,획득 모드,"Synchronous | Continuous  / Single Frame | 연속 단일 프레임 다중 프레임 | 연속 / 단일 프레임 / 다중 프레임 | Integrate then Read, Integrate While Read, Sample Up the Ramp"
전력 소비,External power: 2.8 W at 12 VDC (typical) | Power over Ethernet: 3.1 W (typical) | External power: 3.1 W at 12 VDC (typical) | Power over Ethernet: 3.4 W (typical) | External power: 3.8 W at 12 VDC (typical) | Power over Ethernet: 4.0 W (typical) | External power: 3.6 W at 12 VDC (typical) | Power over Ethernet: 4.0 W (typical) | External power: 2.9 W at 12 VDC (typical) | Power over Ethernet: 3.2 W (typical),전원 공급,24V DC | PoC or 12-24VDC | 12-24 VDC | PoE or 12-24 VDC | Via USB 3.0 interface,Decimation,"Not supported | Supports 1 × 1, 2 × 2, 4 × 4 | Supports 1 × 1, 1 × 2, 1 × 4, 2 × 1, 2 × 2, 2 × 4, 4 × 1, 4 × 2, 4 × 4 | Supports 1 × 1, 2 × 2 | Supports 1 × 1, 1 × 2, 2 × 1, 2 × 2",Y Flip,Support | No Support,Camera Dimensions HxWxL,44 x 44 x 74 mm | 44 x 44 x 84 mm | 62 x 62 x 86.5 mm | 54 x 54 x 74 mm | 29 x 29 x 51.5 mm,메모리,128 MB | 880 MB | 380 MB | 240 MB,Lens Mount,C Mount | S Mount | Liquid lens integrated | M72 Mount | M95 Mount,단파장,950 | 400 mm
작동 온도 (하우징),-20 °C to 65 °C (housing) | -20 °C to 60 °C housing temperature | -20 °C to 60 °C (housing) | -20 °C to 55 °C housing temperature | 55 °C (max) (housing),하우징 종류,Box | Board Level,Reverse image,Supports horizontal and vertical reverse image output | Supports horizontal reverse image output | Supports horizontal and vertical reverse image | Not supported,Gain,"1~32 | 1～32X | 1～32 | 1-32 | Analog gain: 1x ~ 2x, Digital gain: 1x ~ 32x",Weight,170 g | 200 g | 270 g | 215 g | 210 g,이미지 처리,"Gain, gamma, black level, white balance, LUT, CCM, pixel correction, color space conversion | Gain | Gain, black level, white balance(수동 화이트 밸런스만 가능, 자동 화이트 밸런스 없음), CCM, pixel correction, color space conversion | Gain, gamma, black level, LUT, pixel correction | Gain, gamma, black level, LUT",Optical Filter,No optical filter | RGB spectroscopic prism on it IR cut filter on it | IR cut filter on it | Dual pass filter on it | OPLF with built-in IR-cut filter on it,동적 범위 dB,61 | 70 | 57 | 74.29 | 74.42
본체 치수 (L x W x H mm),41 × 29 × 29 | 60 × 29 × 29 | 38 × 29 × 29 | 26 × 29 × 29 | 78 × 55 × 55,보호 등급,IP30 | IP65/67 (with lens housing and cable),Data interface,"Gigabit Ethernet (1000 Mbit/s), compatible with Fast Ethernet (100 Mbit/s) | USB 3.0, compatible with USB 2.0 | Gigabit Ethernet, compatible with Fast Ethernet | USB3.0, compatible with USB2.0 | GigE",White Balance,Automatic white balance | Support | automatic white balance,Video Output,8/10/12-bit * | 8/10/12-bit (RGB) * | 8/10/12-bit (RGB) | 8/10/12-bit | 8-bit,픽셀 형식,"Mono8/10/12/16, Bayer8/10/12/16, RGB8, BGR8, YCbCr8, YCbCr411, YUV422, YUV411, QOI_Mono8, QOI_BayerRG8, QOI_RGB8, QOI_BGR8, QOI_YCbCr8 | Mono8/12/16, PolarizeMono8/12/16 (Mono) BayerRG8/12/16, PolarizeMono8/12/16 (Color) | Mono8/12/16, PolarizeMono8/12/16 (Mono)BayerRG8/12/16, PolarizeMono8/12/16 (Color) | Mono: Mono8/10/12/16, Mono10p/12p, Mono10Packed/12Packed, DualMono8/10/12/16, DualMono10p/12p, DualMono10Packed/12Packed | Color: Bayer8/10/12/16, RGB8, BGR8, YCbCr8, YCbCr411, YUV422, YUV411, DualBayerRG8, DualBayerRG10, DualBayerRG10Packed, DualBayerRG10p, | Mono8/10/12/16, Bayer8/10/12/16, RGB8, BGR8, YCbCr8, YCbCr411, YUV422, YUV411",Interface Connector,Micro BNC (75 ohm) x 1 | RJ45 connector x 1 | USB3.0 micro B x 1 | SDR x 2 | SDR x 1,일시적 다크 노이즈(리드 노이즈),120 e- | 256 | 3.81 | 3.74 | 9.48
렌즈 마운트,"C-Mount, CS-Mount | C-Mount, CS-Mount, S-Mount | C-Mount | Flat Front | M58x0.75",하우징 ‍사이즈 (L x W x H),106 mm x 110 mm x 110 mm | 42.8 mm x 29 mm x 29 mm | 55.5 mm x 29 mm x 29 mm | 54 mm x 90 mm x 90 mm | 27 mm x 27 mm x 13.9 mm,Data interface type,RJ45 connector | 8-pin M12 X-Code waterproof aviation connector | Type-C interface,Gamma,"From 0 to 4，support LUT | From 0 to 3.99998, support LUT | 0~4 | Range from 0 to 4, support LUT | From 0 to 4, support LUT",Lens Mount,C-mount | C-mount or CS-mount | F-mount or M-42Ax1 mount | F-mount or M42x1 mount | M95-Mount,압축,QOI,Power / Signal Connector,HR10A-7R-6PB (Hirose) or equivalent x 1 | FAKRA x 1 (Shared interface connector) | BM04B (JST) x 1 | Power/IO: HR10A-7R-6PB (Hirose) or equivalent x 1 Lens: HR10A-7R-6S (Hirose) or equivalent x 1 | Power connector: HR10A-7R-6PB (Hirose) or equivalent x 1 Signal connector: HR10A-10R-12PB (Hirose) equivalent x 1,장파장,"1,750 | 1000 nm"
무게,70 g | 100 g | 65 g | 60 g | 40 g,무게 (Weight),1420 g | 85 g | 100 g | 90 g | 700 g,Control interface,"Not supported | 8-pin M12 A-Code waterproof aviation connector | Not support | USB 2.0 | USB 2.0 × 2, USB 3.0 × 1, micro SD card interface × 1",Exposure Time,"1μS~1S | SE: 1 μs ~ 13 μs
UE: 14 μs ~ 10 sec | SE: 1 μs ~ 14 μs
UE: 15 μs ~ 10 sec | 1 μs～10 s；SE:1~13.3us | 1 μs～10 s； SE:1~13.3us",Power Consumption,5.3 Watt | 7.5 Watt | 6 Watt | 11.6 Watt | 7.6 Watt,이미지 모드,"수평 및 수직 비닝, ROI, 수직 뒤집기 | 수평 및 수직 비닝, 서브 샘플링, ROI, 수평 및 수직 뒤집기 | 세로 및 가로 뒤집기, ROI | 수평 및 수직 비닝, ROI, 수평 및 수직 뒤집기 | ROI, 수평 및 수직 뒤집기",Scanning Mode,"Full scanning / ROI | Full scanning (1.3MP) / ROI (0.6MP / 0.3MP / 0.14MP) | Full scanning (1296x976) / ROI (0.6M / 0.3M / 0.14M) | 1080P60 / 1080P59.94 / 1080P50 / 1080P30 / 1080P29.97 / 1080P25 / 1080i60 / 1080i59.94 / 1080i50 / 720P60 / 720P59.94 / 720P50 | Full scanning (1,280x720) / ROI (1,280x960 / 800x800 / 640x480)",최대 파장 값,"1,750 | R 650 / G 550 / B 460 nm | 650 nm"
이미지 버퍼 (RAM),32 MByte | 512 MByte | 256 KByte | 256 MByte | 896 MByte,렌즈 마운트,M90 | C-mount | M72 x 0.75 | No-Mount | C-mount / F-mount / M42 x 0.75 / M42 x 1 / M58 x 0.75,Digital I/O,"8-pin M8 A-Code aviation connector provides power and I/O, including opto-isolated input × 1 (Line 0), opto-isolated output × 1 (Line 1), bi-directional non-isolated I/O × 1 (Line 2). | 6-pin Hirose connector provides power and I/O, including opto-isolated input × 1 (Line 0), opto-isolated output × 1 (Line 1), bi-directional non-isolated I/O × 1 (Line 2). | 6-pin P7 connector provides power and I/O, including opto-isolated input × 1 (Line 0), opto-isolated output × 1 (Line 1), bi-directional non-isolated I/O × 1 (Line 2). | 6-pin P7 connector provides power and I/O, including opto-isolated input × 1 (Line 0), opto-isolated output × 1 (Line 1), and bi-directional non-isolated I/O × 1 (Line 2). | 6-pin P7 connector provides power and I/O, including opto-isolated input × 1 (Line 0), opto-isolated output × 1(Line 1), and bi-directional non-isolated I/O × 1 (Line 2)",Trigger Mode,"Software Trigger/Hardware Trigger/Free Run Mode | Software Trigger/Acquisition Board Hardware Trigger/Free Run Mode | Software Trigger/Hardware Trigger/Free Run Mode，Triggering is controlled by FrameGrab | Support Software Trigger/Hardware Trigger/Free Run Mode; | Free run, software, and external trigger",Operating Temperature (ambient),-5°C to +45°C | -5°C to +30°C | -45°C to +70°C | 0°C to +45°C,ADC,"12 bit | 10, 12 bit | 8, 10, 12 bit | 8 / 12 bit | 10 bit, 12 bit",Operational Mode,Edge preset trigger / Pulse width trigger / CXP_Packet trigger / Burst trigger / Free-run | Edge preset trigger / Pulse width trigger / CXP trigger packet / Burst trigger / Free-run | Edge preset trigger / Pulse width trigger / CXP Packet trigger / Burst trigger / Free-run | Edge preset trigger / Pulse width trigger / Free-run | Edge preset trigger / Pulse width trigger / Start stop trigger/ Free-run,포화 능력 (e-),120 ke | 30000 | 184780 | 22346 | 22302
비휘발성 메모리 (플래시),1024 KByte | 4 KByte | 262 MByte | 32 MByte | 128 MByte,작동 온도,0 °C - 50 °C | -10 °C - 60 °C | -10 °C - 50 °C | 0 °C - 75 °C | max 50 °C,Power supply,"9 VDC to 24 VDC, supports PoE | 9 VDC to 24 VDC, supports USB 3.0 power supply | 9 VDC to 24 VDC, supports USB3.0 power supply | 12 VDC to 24 VDC, supports USB3.0 power supply | 9 VDC to 24 VDC, supports USB power supply",SPC,Support,,,Gain범위,"0 dB ~ 27 dB 아날로그 및 디지털 | 0 dB ~ 48 dB 아날로그 및 디지털 | 0 dB ~ 11.6 dB 아날로그 및 디지털 | 12 dB ~ 27 dB 아날로그 | 0 dB ~ 48 dB 아날로그 및 디지털 Dual ADC Mode (low-gain, high-gain)",Image Pixel Format,Mono8 / Mono10 / Mono12 | Mono8 / Mono10 / Mono12 / Mono10Packed / Mono12Packed | RGB8 / RGB10 / RGB12 | Mono8 / Mono10 / Mono12 Mono8 Packed / Mono12 Packed | BayerRG8 / BayerRG10 / BayerRG12 BayerRG8 Packed / BayerRG12 Packed,디지털화 비트 깊이(ADC),"12-bit, 12-bit packed | 8-bit | 8-bit, 10-bit | 8-bit, 10-bit, 12-bit | 8비트, 10비트, 12비트"
디지털 인터페이스,"IEEE 802.3 1000BASE-T, IEEE 802.3af (PoE) | IEEE 802.3: 5GBASE-T or 2.5GBASE-T (NBASE-T) and 1000BASE-T, IEEE 802.3af Power Class 0 PoE | usb3.0 | MIPI CSI-2, up to 4 lanes | GMSL2, based on MIPI CSI-2, up to 4 lanes",Basler,,Power consumption,Typ. 1.5 W @ 12 VDC | Typ. 1.6 W @ 12 VDC | Typ. 1.8 W @ 12 VDC (fast heat balance not enabled) | Typ. 1.7 W @ 12 VDC (fast heat balance not enabled) | Typ. 1.8 W @ 24 VDC (fast heat balance not enabled and external device not be controlled),FPN,Support,,,노출 시간,359 μs ~ 2.5 s | 35 μs ~ 10 s (Normal) 2.296 μs ~ 2.464 μs (Short Mode) | 30 μs to 10 s | 25 μs ~ 10 s (Normal) 2.296 μs ~ 2.464 μs (Short Mode) | 28.496 μs ~ 10 s,Exposure Time,"30.0 µseconds to 16,7 seconds | 30.0 µseconds to 16.77 seconds | 8 µseconds to 50 mseconds | 30.0 µseconds to 50 mseconds | 8 µseconds to 16.777 seconds",보관 온도,-20 C to 60 C | -20°C to 80°C | -30°C~65°C(주변) | -30°에서 60°C | -30° to 60°C
YUV 픽셀 형식,"YCbCr411_8_CbYYCrYY, YCbCr422_8_CbYCrY, YCbCr8_CbYCr | UYVY, YCbCr411_8_CbYYCrYY, YCbCr422_8_CbYCrY, YCbCr8_CbYCr, YUV422 8-bit | YCbCr411_8_CbYYCrYY, YCbCr422_8_CbYCrY, YCbCr8_CbYCr, YUV422 8-bit, UYVY | YUV422 8-bit, UYVY | UYVY, YUV422 8-bit",Conformity,"CE (incl. RoHS), GenICam, UKCA | CE (incl. RoHS), FCC, GenICam, KC, UKCA, UL (in preparation) | CE (incl. RoHS), FCC, GenICam, GigE Vision 2.0, IP30, KC, RoHS, UKCA, UL | CE (incl. RoHS), FCC, GenICam, IP30, KC, RoHS, UKCA, UL, USB3 Vision | KC",Lens mount,"C-mount | C-Mount | C-mount, flange back length 17.52 mm | M58*0.75, flange back length 11.48 mm | M58 × 0.75, flange back length 11.48 mm",User Setting,Support two sets of user-defined configurations | Support three sets of user-defined configurations,,,User Sets,1 default and 2 custom user set,Analog Gain,0 to 18 dB | 0 to 14.8 dB | 0 to 25.5 dB | 0 to 39.4 dB | 0 to 42.0 dB,소요 전력,"24 V via GPIO connector | Power Over Ethernet (PoE) or 12 to 24 V via GPIO connector | 파워 오버 이더넷 (PoE, Power over Ethernet), 또는 12 V 공칭 (9.5 - 24 V) | 파워 오버 이더넷 (PoE, Power over Ethernet), 또는 GPIO를 통해 12 V 공청 (8 - 24 V) | 이더넷 전원 장치(PoE), 또는 GPIO를 통한 12 V 공칭 전압 (8 - 24 V)"
RGB 픽셀 형식,"RGB8 (default), BGR8 | BGR8, RGB8 (default) | RGB8 (default), BGR | BGR8, RGB3, RGB8 (default), RGB888 (default) | RGB8 (default), BGR8, RGB888 (default), RGB3",제품군,ace 2 R | boost R | dart M | ace 2 X | ace Classic,Dimension,"29 mm × 29 mm × 42 mm (1.1"" × 1.1"" × 1.7"") | 42 mm × 42 mm × 43 mm (1.7"" × 1.7"" × 1.7"") | 29 mm × 29 mm × 30 mm (1.1"" × 1.1"" × 1.2"") | 29 mm × 29 mm × 42 mm (1.1"" × 1.1"" × 1.2"") | 29 mm × 29 mm × 47.6 mm (1.1"" × 1.1"" × 1.9"")",Image Buffer,256MB | 64MB image cache | 128MB | 64MB image cache，64M data cache | 256 MB,,,File System Size,16 MB,Digital Gain,x1 to x7 | x1 to x3 | x1 to x2 | x1 to x5 | x1.0 to x7.0,작동 습도,15 to 85% (no condensation) | 20에서 80%(응결 없음) | 20에서 80% (응결 없음) | 20에서 80% (응축 없음) | 20 to 80% (no condensation)
베이어 픽셀 형식,"BayerRG8, BayerRG10, BayerRG10p, BayerRG12, BayerRG12p, BayerRG12Packed | BayerRG12 | BayerGR8, BayerGR10, BayerGR10p, BayerGR12, BayerGR12p, BayerGR12Packed | BayerRG8, BayerRG10, BayerRG10p, BayerRG12, BayerRG12p | BayerGR8, BayerGR10, BayerGR10p, BayerGR12, BayerGR12p",제품 라인,ace 2 R Basic | ace 2 R Pro | ace 2 R with IP67 | ace 2 X visSWIR | ace Classic,Weight,Approx. 116 g (0.3 lb.) | Approx. 124 g (0.3 lb.) | Approx. 120 g (0.3 lb.) | Approx. 72 g (0.2 lb.) | Approx. 70 g (0.2 lb.),Port,"GigE, PoE | USB3.0 | USB 3.0 | CameraLink | GigE",,,Chunk Data,"Frame counter, offset X/Y, width/height, 노출 시간, gain, black level, line status, sequencer set | CRC | Image, CRC, trigger Line, timestamp, line status, pixel format, width/height, offset X, pixel dynamic range min/max, gain, black level, exposure time | Frame counter, offset X/Y, width/height, exposure time, gain, black level, line status, sequencer set | Offset X/Y, width/height, exposure time, gain, black level, line status, sequencer set",Gamma,0.10 to 4.00 | 0.1 to 4.0 | 0.4 to 1.0 | 0.1 to 3.2 | 1.0,작동 온도,5-45 C ambient | 0°C to 55°C (measured at the front face of the camera) | 0°~50°C(주변 온도) | 0°C ~ 65°C(카메라 전면에서 측정) | 0°C to 65°C (measured at the front face of the camera)
양자 효율 @ 529 nm,64 % | 74 % | 68 % | 80 % | 79 %,센서 포맷,"1.1"" | 1/1.6 | 1/2.3"" | 1/1.8"" | 1.2""",Ingress protection,IP40 (under proper lens installation and wiring) | IP67 (under proper lens and lens cap installation and wiring) | IP30 (under proper lens installation and wiring) | IP 40 (under proper lens installation and wiring) | IP 30 (under proper lens installation and wiring),GPIO Interface,"1x 6 pin Hirose: 1x Opto-isolated input, 1x Opto-isolated output, 1 configurable input and output | 1x Opto-isolated input, 1x Opto-isolated output, 1 configurable input and output | 1× 6 pin Hirose: 1× Opto-isolated input, 1× Opto-isolated output, 1 configurable input and output | 6 pin Hirose: 1x Opto-isolated input, 1x Opto-isolated output, 1 configurable input and output | 5-core white plug interface: 1 optocoupler isolated input, 1 optocoupler isolated output, and 1 configurable input/output without optocoupler isolation",,,Event Data,"Acquisition start/end, exposure start/end, line rise/fall, error | Acquisition start/end, line rise/fall, error",Binning,x2 horizontal and vertical simultaneously / Off | x2 horizontal and vertical individually / Off | x2 Horizontal / Off | x2 vertical only / Off | x2 horizontal and vertical individually / x4 horizontal and vertical individually / Off,저장소 습도,15 to 85% (no condensation) | 30~95%(응결 없음) | 30 - 95% (응결 없음) | 30에서 95% (응축 없음) | 30 to 95% (no condensation)
비전 표준,USB3 Vision | GigE Vision | CoaxPress | CoaXPress | GigE Vision 2.0 compliant,센서 대각선 길이,16.78 mm | 10 mm | 7.82 mm | 8.75 mm | 19.26 mm,Temperature,"Working temperature: –30 °C to 60 °C (–22 °F to 140 °F)
Storage temperature: –30 °C to 80 °C (–22 °F to 176 °F) | Working temperature: –30 °C to 60 °C (–22 °F to 140 °F)
Storage temperature: –30 °C to 70 °C (–22 °F to 158 °F) | Working temperature: -30 °C to 60 °C (-22 °F to 140 °F)
Storage temperature: -30 °C to 70 °C (-22 °F to 158 °F) | Working temperature: –30 °C to 60 °C (–22 °F to 140 °F)
Storage temperature:–30 °C to 80 °C (–22 °F to 176 °F) | Working temperature: -30 °C to 60 °C (-22 °F to 140 °F)<br/>Storage temperature: -30 °C to 70 °C (-22 °F to 158 °F)",Lens Mount,C-mount | C | CS-mount | M12 | M58 x 0.75,,,Counter & Timer,2 counters and 2 timers,Decimation,x2 horizontal and vertical simultaneously / Off | x2 horizontal and vertical individually / Off | x2 Horizontal / Off | x2 vertical only / Off | Vertical flip / Horizontal flip / Vertical and horizontal flip / Off,전력 소비량 [최대],22 W | 6 W | 11 W | 2.9W | 3 W (2.8 W nominal)
양자 효율 @ 850 nm,30 % | 44 % | 40 % | 42 % | 33 %,센서 크기,14.58 mm × 8.31 mm | 7.1 mm × 7.1 mm | 6.6 mm × 4.1 mm | 6.71 mm × 5.61 mm | 14.57 mm × 12.6 mm,Humidity,"20% RH to 95% RH (no condensation) | 20% RH to 80% RH (no condensation) | 20% RH to 95% RH (No condensation) | 20% to 95% RH, non-condensing | 20% to 80% RH, non-condensing",Power Supply,"PoE/ DC 9V~24V power supply via Hirose interface | Power supply via USB connector /DC power supply by Hirose connector, with voltage range from 9V to 24V | PoCL | PoCL power supply | DC power supply by 8 pin Socket connector, with voltage range from 9V to 24V",,,Sequencer,"노출 시간, gain | Not supported | Exposure time, gain (8 Max) | 지원되지 않음",Image Flip,"Vertical flip / Horizontal flip / Vertical and horizontal flip/ Off | Vertical flip / Horizontal flip / Vertical and horizontal flip / Off | Horizontal flip / Off | Up to 2,048 pixels | Vertical flip / Off (Not support horizontal flip)",질량,2.3 kg | 297 g | 116g | 36g | 53g
노출 시간,15 µs to 10 s | 28 µs to 10 s | 24 µs to 10 s | 29 µs to 10 s | 10 µs to 10 s,프레임 속도,29 fpsCalculate individual frame rate | 37 fpsCalculate individual frame rate | 168 fpsCalculate individual frame rate | 90 fpsCalculate individual frame rate | 19 fps,Client software,MVS or third-party software meeting with GigE Vision Protocol | MVS or third-party software meeting with USB3 Vision Protocol | MVS or third-party software meeting with USB3.0 Vision Protocol | MVS or third-party software meeting with USB 3.0 Vision Protocol | MVS or frame grabber software meeting with GenlCam Protocol,Power Consumption,12V≈3.2W | ≈3.4W | 12 VDC≈2.15W(Typ. ) | 12 VDC≈2.20W(Typ. ) | ≈2.6W(USB3.0  provide power supply),,,Synchronization,"Software trigger, hardware trigger, PTP (IEEE 1588) | 지원되지 않음",Defective Pixel Correction,"Dynami defective pixel correction Static defective pixel correction (Up to 8,192 pixels) | Up to 8,192 pixels | Dynamic defective pixel correction Static defective pixel correction (Up to 4,096 pixels) | Up to 1,024 pixels (each R, G and B image sensor) | Up to 1,024 pixels",커넥터,"M12 to RJ45 Ethernet | RJ-45 (horizontal locking) | Hirose12 (male) | RJ45(수평 잠금) | Hirose HR10A-7R-6PB | RJ45 (horizontal locking) | Hirose HR10A-7R-6PB | 이더넷용 M12 X 코드 8핀 | M8, 8위치, A 코드 소켓이 있는 IEC 메트릭 나사 크기 커넥터"
게인,0.0 dB to 42.0 dB | 0.0 dB to 48.0 dB | 0.0 dB to 27.0 dB | 0.0 dB to 24.0 dB | 0.0 dB to 11.3 dB,카메라 데이터 커넥터,FAKRA-Z 50 Ω receptacle (GMSL2) | RJ45 receptacle (GigE) | USB 3.0 Type Micro B receptacle | M12 X-coded 8-pin receptacle (GigE) | HDBNC 75 Ω receptacle (CXP),Operating system,"32/64-bit Windows 7/10, 64-bit Windows 11, 32/64-bit Linux | 32/64-bit Windows 7/10, 32/64-bit Linux | 32/64-bit Windows 7/10, 64-bit win11, 32/64-bit Linux | 32/64-bit Windows 7/10, 64-bit Windows 11, and 32/64-bit Linux | 32/64-bit Windows 7/10, 64-bit Window 11, and 32/64-bit Linux",Product Dimensions,29mm×29mm×42mm (not including lens mount and rear case connector) | 29mm×29mm×29mm | 29 mm×29 mm×42 mm (not including lens mount and rear case connector) | 29 mm×29 mm×30 mm (not including lens mount and rear case connector) | 29mm×29mm×43.8mm(not including lens mount and rear case connector),,,표준,"GigE Vision v2.0 | GigE Vision v3.0 | GigE Vision v2.0, GigE Vision v3.0 Ready*",Save User Settings,Support (Eight settings) | Support | Support (One setting),크기 [W x H x D],100 x 120 x 184 mm | 62 mm × 62 mm × 50 mm | 40mm x 40mm x 43mm | 29 mm × 29 mm × 30 mm | 29 mm × 29 mm × 39 mm
I/O 커넥터,"Coax, STP | 2 | External I/O (15 pin HD D-Sub, fem.) | External I/O (15 pin HD D-Sub, male) | External IO (15 pin D-Sub, female)",이미지 데이터 인터페이스,"GMSL2 6 Gbit/s | Fast Ethernet (100 Mbit/s), Gigabit Ethernet (1000 Mbit/s), 2.5 Gigabit Ethernet (2500 Mbit/s), 5 Gigabit Ethernet (5000 Mbit/s) | Fast Ethernet (100 Mbit/s), Gigabit Ethernet (1000 Mbit/s) | USB 3.0, nominal max. 5 Gbit/s (SuperSpeed) | CoaXPress (2.5–12.5 Gbps)",Compatibility,"GigE Vision V2.0, GenICam | USB3 Vision, GenICam | USB3 Vision, GenlCam | USB3.0 Vision, GenlCam | GigE Vision V2.0, GenlCam",Net Weight,88 g | 60 g | 98 g | Approx 85g | 80 g,,,응낙,"CE, KC, FCC, RoHS, REACH, WEEE | CE, FCC, KC, RoHS, REACH, WEEE | CE, FCC, KCC, RoHS, REACH, WEEE | CE, FCC, RoHS, REACH, WEEE",White Balance,Auto / Manual / Push to set / Push to set (Exposure time) white balance | Auto exposure / Auto gain | Support | Manual white balance | Auto / Manual / Push to set white balance,전력원 설비,"External camera power supply | IEEE802.3af-2003 PoE Interface Card / Injector/ Switch or External Camera Power Supply | IEEE802.3af-2003 PoE 인터페이스 카드 / 인젝터 / 스위치 또는 카메라 전력 공급 (12 V 1.5 A, 6핀 광속) | IEEE802.3af-2003 PoE 인터페이스 카드 / 인젝터 / 스위치 또는 카메라 전원 공급 장치(12v 1.5A, 6–pin Hirose) | IEEE802.3af-2003 PoE 인터페이스 카드 / 인젝터/ 스위치 또는 카메라 전원 공급 장치(12 V 1.5 A, 6–pin Hirose)"
특정 비절연 라인,"115 200 Baud, 8N1 (adjustable) | 115 000 Baud, 8N1 (adjustable) | 1 x RS232 input, 1 x RS232 output, 0 x RS422 input, 0 x RS422 output, | 0 x RS232 input, 0 x RS232 output, 1 x RS422 input, 1 x RS422 output, | 0 x RS232 input, 0 x RS232 output, 0 x RS422 input, 0 x RS422 output,",노출 제어,hardware trigger / programmable via the camera API | programmable via the camera API | trigger width or timed | automatic / manual / programmable via the camera API | hardware trigger,Certification,"CE, RoHS, KC | CE, KC, RoHS | CE, FCC, RoHS, KC | RoHS | CE, RoHS, KC, UL",Storage Temperature,-30℃~+80℃ | -30℃～+80℃ | - 30℃~+80℃ | -30° C~ + 80° C | –30℃～+80℃,,,보관 온도,-30 to 60°C,FFC (Flat Filed Correction) Function,Support | Auto white balance | Auto exposure / Auto gain,포트,M12 Ethernet (10 Gbps) | Gigabit Ethernet Port | 기가비트 이더넷 포트 | 5Gigabit Ethernet Port | 5기가비트 이더넷 포트
제품 코드,F002444 | F002443 | F002446 | F002445 | F002448,디지털 입력,1.0 | 3.0 | 0.0 | 2.0,Mono,"Mono | Color | Mono
Color | Mono / Color",Operating Temperature,0℃~+50℃ | -30℃~+50℃ | 0℃～+50℃ | - 30℃~+50℃ | -30° C~+50° C,,,동작 온도,-10 to 55°C 주변 | -20 to 55°C 주변 | -20 to 50°C 주변 | -20 to 50°C 케이스 온도 | -20 to 50°C 주변 (TFL mount model)-20 to 45°C 주변 (No lens mount model),Auto Control Function,Auto exposure / Auto gain | Auto exposure / Auto gain / Auto white balance / Auto white balance (Exposure time) | Auto exposure / Auto gain / Auto white balance | Auto / Manual / Push to set white balance | Auto white balance,필수 액세서리,"Cable, 10 GigE NIC or Xtium XGV frame grabber | Lens, Cable, Host Adapter (GigE Nic or Xtium2-XGV frame grabber) | SWIR 렌즈, 케이블, 호스트 어댑터(GigE) | 렌즈, 케이블, 호스트 어댑터(GigE) | Lens, Cable, Host Adapter (GigE)"
필터/보호 유리,K9 - AR coating - 400-850nm | IR-Cut 680 | N-BK7 - AR coating | N-BK7 - AR coating 380-850nm | IR-Cut - 680nm,범용 I/O,2.0 | 1.0 | 4.0,Quantum efficiency,68.8% | / | 58.3 % | 60.24 % | 55.09 %,Binning,"Support | off/onebytwo/twobyone/twobytwo/onebyfour/fourbyone/twobyfour/fourbytwo/fourbyfour/ThreebyThree/onebySix/SixbyOne/SixbySix | off/onebytwo/twobyone/twobytwo/onebyfour/fourbyone/twobyfour/fourbytwo/fourbyfour/ThreebyThree | Support：off/twobytwo/fourbyfour | 1 x 2,2 x 1,2 x 2",,,습도,"동작: 20% ~ 80%, relative, 비 응축 | Operating: 20% ~ 80%, relative, non-condensing",Chunk Function,Support,규정 준수,"CE, FCC, RoHS. The ECCN for this product is: EAR099(?) | CE, FCC, KCC, RoHS. The ECCN for this product is: EAR099. | CE, FCC, KCC, RoHS, REACH. ECCN: 미국 ECCN 6A003.b.4.a / 캐나다 ECL 1-6.A.3.b.4.a | CE, FCC, KCC, RoHS. 본 제품의 ECCN은 다음과 같습니다: EAR099. | CE, FCC, KCC, RoHS. 본 제품의 ECCN은: EAR099입니다."
IP 등급,IP30 | IP40 | IP50,전원 요구사항 (일반적),4.3 W | 3.4 W | 3.9 W | 3.8 W | 5.2 W,Dark noise,6.4 e-@10-bit | / | 3.3 e- @ 12 bit | 3.1 e- @ 12 bit | 4.4 e-@10-bit,Pixel Clock,32M/48M/64M/80M | 25MHz/32M/48M/64M/80M | 34M/51M/68M/85M | 80M | 80 M,,,충격 및 진동,"DIN EN 60068-2-27, DIN EN 60068-2-64, | DIN EN 60068-2-27, DIN EN 60068-2-64 | DIN EN 60068-2-27, DIN EN 60068-2-64* | DIN EN 60068-2-27, DIN EN 60068-2-64, DIN EN 60068-2-6",Event Function,Support,머신 비전(Machine Vision) 기준,"GigE Vision™ v1.2, Onvif™ v1.01, http, rtsp, udp, SMPTE 292M, SMPTE 424M | GigE Vision v1.2 | GigE Vision v2.0 | USB3 Vision v1.0"
인터페이스 커넥터,(RJ-45) | (SFP28) | (QSFP28) | (micro-BNC) | SDR,측정된,541 nm | 525 nm,Signal-to-noise ratio,39.7 dB | / | 42.9 dB | 39.8 dB | 41.2 dB,Line Rate,49 kHz | 28 kHz | 44.7 kHz | 80 kHz | 92 kHz,,,보증,3 year,PTP Function (IEEE1588),Support,Camera Type,Line Scan | TDI Line Scan | Area Scan
노출 모드,"Manual, Auto, External | Manual, Auto | external | Timed, Trigger Width, External | manual",양자 효율 (일반/최소),91.7 % (typical) | 62.2 % (typical) | 65.8 % (typical) | 66.4 % (typical) | 65.7 % (typical),Saturation capacity,9.4 ke- | / | 19.6 ke- | 18.8 ke- | 9.5 ke-,TDI Stages,single_line，2TDI | single_line，2TDI，4TDI | singleLine;two_tdi | singleLine;fourLine;two_tdi | Support 2-TDI,,,parent_model,PHX200S | PHX124S | PHX120S | PHX089S | PHX081S,Line Rate,240 kHz | 120 kHz | 266 kHz | 80 kHz | 60 kHz,Sensor Technology,CMOS | sCMOS | Hybrid CMOSVisGaAs and HgCdTe (Teledyne Exclusive)
게인 모드,"Auto, Manual | Digital | Analog | Digital, Analog | manuel, auto",다크 노이즈 (일반/최대),3.7 e¯ (typical) | 2.5 e¯ (typical) | 2.1 e¯ (typical) | 13.1 e¯ (typical) | 2.6 e¯ (typical),Dimension (without lens),"29 mm × 29 mm × 42 mm (1.1"" × 1.1"" × 1.7"") | 32.5 mm × 32.5 mm × 1.6 mm (1.3"" × 1.3"" × 0.1"") | 35 mm × 35 mm × 8.6 mm (1.4"" × 1.4"" × 0.3"")",Sensitivity,77.0,,,이더넷 인터페이스,RJ45 | ix Connector | FFC (ZIF) | ix Industrial,,,Supported Interfaces,"GigE Vision | GigE Vision, Camera Link, Camera Link HS, Gigabit Ethernet | Camera Link HS, Fiber Optic | Camera Link HS | Camera Link"
이미지 제어 기능,"FW Features - Image Control | Binning, Brightness and Contrast, Gamma, Flash (Multi field imaging) | Brightness and Contrast, Gamma, Flash (Multi field imaging) | gamma, lut",포화 용량 (일반/최소),12.2 ke¯ (typical) | 10.4 ke¯ (typical) | 9.9 ke¯ (typical) | 99.6 ke¯ (typical) | 9.6 ke¯ (typical),Configuration mode,"Base, Medium, Full, 80-bit | Full, 80-bit | Base, Medium, Full | Mono 8: Base
RGB 8: Base, Medium, 80-bit
Bayer RGBG 8: Base, Medium, Full",Max. Frame rate,,,,진입 보호,IP67(IP67 보호를 위해 Triton은 IP67 렌즈 튜브 및 케이블과 함께 사용해야합니다) | IP67(IP67 보호를 위해 Triton2은 IP67 렌즈 튜브 및 케이블과 함께 사용해야합니다),,,Spectrum Capability,"Visible (400-700 nm) | Visible (400-700 nm), Near Infrared (700-1000 nm) | Ultraviolet (350-400 nm), Visible (400-700 nm), Near Infrared (700-1000 nm) | Visible (400-700 nm),Near Infrared (700-1000 nm)"
트리거 모드/동기화,"INTERNAL,SOFTWARE,EXTERNAL | External TTL Signal, CC-Trigger | External TTL Signal, CXP-Trigger | Manual, External analog Voltage, External TTL, Acc | External TTL, Software, In-frame (ImageBLITZ)","다이나믹 레인지 (Dinamic Range, 일반/최소)",68.4 dB (typical) | 71.7 dB (typical) | 70.1 dB (typical) | 70.8 dB (typical) | 70.9 dB (typical),Tap geometry,"1X2_1Y, 1X4_1Y, 1X8_1Y, 1X10_1Y | 1X_1Y, 1X2_1Y, 1X4_1Y, 1X8_1Y, 1X10_1Y | 8X_1Y, 10X_1Y | 2X_1Y, 4X_1Y, 8X_1Y, 10X_1Y | 1X2, 1X4, 1X8",Shutter Mode,,,,전송 계층 프로토콜,"UDP (GigE Vision), RDMA (RoCE v2) | UDP (GigE Vision), RDMA (RoCE v2, GigE Vision 3.0) | UDP (GigE Vision), TCP, RDMA (RoCE v2)",,,Features,"Power over Ethernet (PoE) | T2IR | T2IR, Power over Ethernet (PoE) | TurboDrive, T2IR | TurboDrive, T2IR, Power over Camera Link (PoCL)"
카메라 제어 기능,"PTP, RDMA support, User Sets, PWM(4), Sequencer, | PTP, User Sets, POE, PWM(4), Sequencer, | PoCxP, User Sets, PWM(4), Sequencer, | User Sets, POE, PWM(4), Sequencer, | User Sets, PWM(4), Sequencer,",신호 대 노이즈비 (Signal to Noise Ratio)(일반/최소),40.5 dB (typical) | 40.2 dB (typical) | 39.9 dB (typical) | 39.8 dB (typical) | 45.3 dB (typical),Tap number,"2 Taps, 4 Taps, 8 Taps, 10 Taps | 1 Tap, 2 Taps, 4 Taps, 8 Taps, 10 Taps | 8 Taps, 10 Taps | 2 Taps, 4 Taps, 8 Taps | Mono 8: 2 Taps
RGB 8: 1/2/10 Taps
Bayer RGBG 8: 2/4/8 Taps",Software,,,,GPIO 인터페이스,17핀 M12 커넥터,,,Part Number,L2-GC-02k02B | L2-GM-02K05B-00-A | L2-GC-04k01B | L2-GM-04K02B-00-A | L2-GM-08K02S-00-A
화이트 밸런스 모드,"auto, manual | true | manual, auto",기준,,Pixel clock,"40 MHz, 66 MHz, 80 MHz, 85 MHz | 60 MHz, 70 MHz, 85 MHz | 40 MHz, 60 MHz, 70 MHz, 85 MHz",Certifications,,,,광절연 I/O 포트,"입력 1개, 출력 3개",,,Resolution,2048 x 2 (Bilinear) | 4096 x 2 (Bilinear) | 8192 x 1 SR | 8192 x 2 (Bilinear) | 16384 x 1
다이나믹 레인지,72 dB | 70.5 dB | 81.4 dB | 65 dB | 65.6 dB,FOV (Field of View),,Image buffer,128 MB,Function,,,,비절연 I/O 포트,양방향 포트 2개 또는 TTL/DI 2개,,,Max Line Rate,25 kHz | 50 kHz | 12.5 kHz | 26 kHz / 45 kHz with TurboDrive | 13 kHz / 45 kHz with TurboDrive
SNR,39.12 dB | 39.11 dB | 39.14 dB | 39.13 dB | 39.16 dB,심도(Depth) 이미지 해상도 및 FPS,,Product name,"12 MP 1.1"" CMOS USB3.0 Area Scan Camera",Focal Length,,,,차동 / 단일 입력 포트,RS-422 / HTL / TTL 3개 (그중 1개는 DI로 선택 가능),,,Sensor Model,Teledyne e2v | Teledyne DALSA | Teledyne Photometrics Kinetix Sensor | Teledyne LACera CMOS | Teledyne e2v Emerald 36M
최대 프레임 속도 (버스트),71.9 fps | 16 fps | 41.6 fps | 42.7 fps | 36 fps,측정 방식,,NETD,"< 35 mk (F1.0, 25 °C) | < 50 mk (F1.0, 30 °C)",Light Source Type,,,,산업용 EMC 내성,DIN EN 61000-6-2,,,Pixel Size,14 | 7 | 3.5 SR | 7.04 | 3.52
최대 프레임 속도 ROI 모드,"1280 x 1024 | 506 fps, 640 x 480 | 1869 fps, 400 x 300 | 4068 fps, 1280 x 64 | 7638 fps, 60 x 60 | 33390 fps, x | 120423 fps, | 1690 x 1710 | 285 fps, 1280 x 1024 | 604 fps, 1020 x 768 | 951 fps, 640 x 480 | 2327 fps, 1280 x 64 | 9385 fps, 120 x 60 | 38502 fps, x | 181000 fps, | 1696 x 1710 | 566 fps, 1280 x 1024 | 1200 fps, 640 x 480 | 4620 fps, 320 x 240 | 14900 fps, 128 x 128 | 42450 fps, x | 225000 fps, | 2336 x 1920 | 563 fps, 1920 x 1080 | 900 fps, 1024 x 768 | 1264 fps, 640 x 480 | 2020 fps, 128 x 128 | 7492 fps, x | 225000 fps, | 1280 x 864 | 3674 fps, 1280 x 768 | 4151 fps, 640 x 480 | 6576 fps, 128 x 128 | 23821 fps, x | 224673 fps,","에고 모션(Ego-motion, IMU)",,Response time,< 10 ms,Focus Control,,,,10GBASE-T GigE Vision 커넥터,M12,,,Sensor Type,CMOS | InGaAs | Linear InGaAs photodiode array | CCD | 2D InGaAs FPA
데이터 형식,3 × 8/10/12 Bit color | 1 × 8/10/12 Bit mono | 3 × 8/10/12 Bit color  or1 × 8/10/12 Bit mono  or4 × 8/10/12 RGB + NIR | 3 × 8/10/12 Bit color or1 × 8/10/12 Bit mono or | 3 × 8/10/12 Bit color or1 × 8/10/12 Bit mono or4 × 8/10/12 RGB + NIR,작업 범위,,Color palettes,"White Hot, Black Hot, Fusion 1, Rainbow, Fusion 2, Ironbow 1, Ironbow 2, Sepia, Color 1, Color 2, Ice Fire, Rain, Green Hot, Red Hot, Dark Blue | White Hot, Black Hot, Fusion 1, Rainbow, Fusion 2, Ironbow 1, Ironbow 2, Sepia, Color 1, Color 2, Ice Fire, Rain, Green Hot, Red Hot",Working Distance,,,,Conversion Gain,Normal and High Mode (High: 2.3x in analog domain),,,Shutter type,Global shutter | Time Delay Integration (TDI) | External | Rolling Shutter | Rolling and Global Shutter
최대 라인 속도 (트리리니어),68 kHz | 48 kHz | 90 kHz | 100 kHz | 60 kHz,운영 체제,,Image process,"Supports brightness, contrast, image detail strength, digital noise reduction (spatial and temporal) | Supports brightness, contrast, Gamma correction",Field of View (FOV),,,,2.5GBASE-T GigE Vision 커넥터,M12,,,Spectrum,Color | Mono | Color & NIR-enhanced | RGBN | SWIR
최대 라인 속도 (단일 라인),68 kHz | 100 kHz | 73 kHz | 250 kHz | 180 kHz,양산,now,Focal length,6.3 mm | 15 mm | 25 mm | 35 mm,Connector,,,,포함 된 액세서리,M8 GPIO IP67 Cap,,,Optical Filter,IR cut-off (650 nm)
최대 라인 속도 (쿼드리니어),68 kHz | 100 kHz | 80 kHz | 45 kHz | 60 kHz,소모 전력 PoE,4 W | 3.8 W | 3.9 W | 4.2 W | 3.7 W,Field of view,88.5° × 73.2° | 42.4° × 33.6° | 24.6° × 18.5° | 17.9° × 14.2°,Network Port,,,,포함 된 액세서리y,M8 GPIO IP67 Cap,,,Lens Mount,M42 x 1 mm | M72 x 0.75 mm | M58 x 0.75 mm | M90 x 1 mm | N/A (lens included)
사용자 데이터 메모리,No separate memory space,해상도,3.2 MP | 12.3 MP | 5 MP | 2.3 MP | 8 MP,Min. operation distance,0.1 m | 0.25 m | 0.45 m,Communication Mode,,,,전환 이득,일반 및 높음 모드 (높음: 아날로그 도메인에서 2.3배),,,Synchronization,"Image sync: Free-running, software & hardware trigger, action command | Timestamp Sync: PTP (IEEE1588) | Image sync: Free-running, software & hardware trigger | Image sync: Free-running, external trigger, CC1 trigger | Image sync: Free-running,  external trigger, CLHS trigger | Image sync: Free-running, external trigger, CLHS trigger"
,,디지털 출력,1.0 | 3.0 | 2.0 | 0.0,Space resolution,2.7,Communication protocol,,,,냉각,"없음 | TEC1,내부 방열판 | TEC1",,,Data Interface,"Gigabit Ethernet 1 Gbps | Camera Link (Base, Medium, Full & Deca configuration) | Camera Link HS (CX4/AOC) | Gigabit Ethernet 5 Gbps / 2.5 Gbps / 1 Gbps | Camera Link HS (LC)"
,,작동 중 주변 온도,-20 °C - 55 °C,Aperture,1.0,LED Indicator,,,,크로마 / 감도 범위,Mono / 400nm to 1700nm,,,Protection,IP30 | IP60 | IP40 | IPx
,,Compression Beyond 사용시 프레임 속도,up to 100 fps | up to 168 fps | up to 67 fps | up to 24 fps | up to 13 fps,Thermal object distance,0.6 m,Protection,,,,감도 범위,400nm ~ 1700nm(EMVA 1288 탭 참조) | 400 nm to 1700 nm,,,Acquisition Modes,"Continuous  / Single Frame | Continuous | Speed, Sensitivity, Sub-Electron, Dynamic Range, (Rolling Shutter, Effective Global Shutter, Programmable Scan Mode) | High Speed, Low Noise, HDR | Continuous  / Single Frame / Multi Frame"
,,비디오 출력 유형,Camera Link (medium) | Camera Link (full) | Camera Link (base),Temperature measurement range,–20 °C to 150 °C or 0 °C to 550 °C (–4 °F to 302 °F or 32 °F to 1022 °F),Casing Material,,,,냉각 능력,없음 | 열전 냉각(TEC)으로 센서 온도 유지 | 센서 온도를 유지하기 위해 전자식 냉각 소자(TEC)를 탑재,,,Exposure Control,"Hardware trigger, programmable via camera API | Hardware trigger, Individual Red, Green, Blue  programmable via camera API | Hardware trigger, Individual Red, Green, Blue, NIR  programmable via camera API | Hardware trigger, Multi-Line mode programmable via camera API | Hardware trigger, Multi-Line modeprogrammable via camera API"
,,Camera Link ‍Clock,32.5/48/65/83.5 | 32.5 / 48 / 65 / 82 | 32.5 / 65 / 84,Temperature measurement accuracy,± 2 °C (35.6 °F) or ± 2% of the readings,Operating Humidity,,,,2.5 GigE Vision 커넥터,M12,,,Exposure Range,5 µs to 2500 µs | 5 µs to 3000 µs | 1 µs to 50 µs | 2.5 µs to 1310 µs | 14 µs to 30 seconds
,,파장 (Wavelength),,Max. temperature measurement distance,5 m (@ target size 01 × 0.1 m2),Sight,,,,데이터 스트림 유형,EVT 3.0,,,Flash Memory,32 MB non-volatile memory | 512 MB non-volatile memory | 517 MB non-volatile memory | 4 GB non-volatile memory | 8 MB non-volatile memory
,,스트리밍 형식,,Installation method,Supports installation from 4 sides | Installation via three-side screw holes,Ingress Protection,,,,조정 가능한 바이어스,"Low pass filter cutoff, positive event threshold, negative event threshold, refractory period, high pass filter",,,Gain Control,"Manual | High, Low | Manual, automatic (AGC) | Manual and automatic control | High Gain, High Capacity"
,,정확도( Accuracy),,Transmission interface,HDMI,Series,,,,EVS 관련 기능,"ROI, digital event mask, external trigger function",,,Image Buffer,90 MB | 224 MB | 32 MB | 430 MB | 220 MB
,,템포럴 노이즈,,Power,Typ. 1.9 W @ 12 VDC,Model,,,,이벤트 신호 처리,"Anti-flicker, event trail filter",,,Image Processing,"Image Compression (TurboDrive), Gamma, Lookup table,  Pixel correction, Flat line correction and Line spacial correction | Image Compression (TurboDrive), Pixel correction, Flat line correction and Line spacial correction | Lookup table,  Pixel correction and Flat line correction | Lookup table,  Pixel correction , Flat line correction, and Line spacial correction | Lookup table, Pixel correction and Flat line correction"
,,지연 (Latency),,Vision tool,"Image process: White balance, brightness, sharpness, contrast, saturation, digital gain, Gamma correction, digital WDR, noise reduction.
Auxiliary functions: Image reverse, cross line, grid line, ruler, scale, image freezing, capture, recording, storage.
Measurement: Report export, calibration, point measurement, line measurement, circle measurement, angle measurement, polygon measurement, polyline measurement, curve measurement, line/circle auto measurement.",Sensor Type,,,,소프트웨어 호환성,Arena SDK 및 Prophesee Metavision® SDK,,,Partial Image Modes,"ROI, Muti-ROI | Pixel binning,  ROI, Muti-ROI | Pixel binning, ROI, Muti-ROI | ROI | Pixel binning,  ROI"
,,조명 (Illumination),,Max. line rate,"Standard mode: 56 kHz @ Mono 8, 28 kHz @ Mono 10/12
High-bandwidth mode: 100 kHz @ Mono 8/10/12 | Standard mode: 40 kHz @ Bayer RG 8/Mono 8, 29.7 kHz @ Bayer RG 10/12/Mono 10/12, 19.8 kHz @ RBG 8/BGR 8
High-bandwidth mode: 40 kHz @ RBG 8/ Bayer RG 8 | Standard mode: 58 kHz @ Mono 8, 29 kHz @ Mono 10/12
High-bandwidth mode: 86 kHz @ Mono 8, 58 kHz @ Mono 10/12 | Standard mode: 58 kHz @ Mono 8/Bayer RG 8, 29 kHz @ Bayer RG 10/12, 19 kHz @ RGB 8/BGR 8
High-bandwidth mode: 70 kHz @ Bayer RG 8/Mono 8, 40 kHz @ RGB 8 | Standard mode: 28 kHz @ Mono 8, 14 kHz @ Mono 10/12
High-bandwidth mode: 80 kHz @ Mono 8/10/12",Packaging Dimensions,,,,라인 속도,65 kHz (Mono)33 kHz (Color),,,User Sets,4 user configuration sets for custom camera settings | 2 user configuration sets for custom camera settings | 16 user configuration sets for custom camera settings
,,햇빛에서의 내구성,,Trigger mode,"External trigger, internal trigger",Gross Weight,,,,Line Rate,"65 kHz (4K, Mono8)*130 kHz (2K, Mono8)*33 kHz (4K, CFA_RBGG8)33 kHz (2K, CFA4by1_WBGR88)*단일 라인 판독용",,,Dynamic Range dB,72.0 | 60.0 | 71.0 | 53.0 | 70.0
,,데이터 커넥터,,External trigger mode,"Line trigger, frame trigger, line + frame trigger | Line trigger",Near FoV,,,,GigE Vision 커넥터,M12,,,Gain Range,1x to 10x | 1x to 4x | 1x to 251x  (0 dB to 48 dB) | 1x to 32x | 1x to24x
,,전원 공급 장치,,Image mode,"Supports 1-line, 2-TDI | Supports 1 Line/2 TDI | Supports 1-line and 2-TDI | Supports 1-line | Supports 1-Line, 2-TDI",Far FoV,,,,추론 엔진,8비트 정수 연산으로 2304MACs 및 최대 262MHz,,,Peak Wavelength,R 680 / G 550 / B 470 nm | 700 nm | R 625 / G 550 / B 470 nm | R 640 / G 520 / B 480 nm | 570 nm
,,구성 요소,,Near field of view,,Clearance Distance,,,,온센서 메모리,8 MB SRAM,,,QE Blue,Peak @ 470 nm | Peak @ 480 nm | 25 @450 nm | Peak @ 475 nm | Peak @ 490 nm
,,표준,,Typical field of view,,Measuring Range (MR),,,,ISP,추론 엔진용 ISP,,,QE Green,Peak @ 550 nm | Peak @ 520 nm | 39 @550 nm | Peak @ 525 nm | Peak @ 575 nm
,,프로그래밍 언어,,Far field of view,,Measuring Accuracy,,,,Supported Models,"Classification(분류), Object Detection(객체 감지), Anomaly Detection(이상 감지)",,,QE Red,Peak @ 680 nm | Peak @ 625 nm | Peak @ 640 nm | 42 @620 nm | Peak @ 675 nm
,,타사 지원,,Clearance distance (CD),,Max. Operating Speed,,,,Input Tensor,분류 – 256 x 256 px 객체 감지 – 320 x 320 px 이상 감지 – 512 x 512 px,,,Responsivity,"55, 40, 25 (DN8/nJ/cm2) | 75 (DN8/nJ/cm2) | 9, 9, 6 (DN8/nJ/cm2) | 12 (DN8/nJ/cm2) | 22, 18, 18 (DN8/nJ/cm2)"
,,마운팅 포인트,,Measurement range (MR),,Data Type,,,,Input/Output Tensors,Included in Chunk Data,,,Saturation Capacity (e-),30000 | 20000 | 32000 | 7200 | 25000
,,하우징 대체품,none,Repeatability (Z-axis)*,,Laser Grade,,,,사용 가능한 출력,"1) 일반 이미지 2) 입력 텐서 (AI 엔진에 의해 처리된 이미지) 3) 출력 텐서 (추론 결과)기본적으로 세 가지 출력 모두 사용 가능합니다. (2)와 (3)은 비활성화할 수 있으며, (1)은 매우 작은 크기(4×4픽셀)로 줄일 수 있습니다..",,,Connector,RJ-45 (vertical & horizontal locking) | HD15 type (female) | 2x SDR-26 | Hirose 6-pin circular (male) | CX4 | Hirose 6-pin circular (male) | CX4 | Hirose 12-pin circular (male) | 2x LC fiber optic | Hirose 12-pin circular (male)
,,‍이미지 처리,In-camera | Host processor (ISP),VDI/VDE accuracy*,,Wavelength,,,,5GBASE-T GigE Vision 커넥터,M12,,,Digitization Bit Depth (ADC),"8-bit, 12-bit | 8-bit | 8-bit, 10-bit | 8-bit, 10-bit, 12-bit | 8 bit"
,,양자 효율 - 녹색 (일반/최소),50.88 % (typical) | 41.09 % (typical) | 40.95 % (typical) | 49.63 % (typical) | 52.89 % (typical),Data acquisition time,,Measuring Range,,,,,,,,Dimensions [W x H x L],46 mm × 46 mm × 37 mm | 62 mm x 62 mm x 47 mm | 62 mm x 62 mm x 31 mm | 76 mm x 76 mm x 31 mm | 76 mm x 76 mm x 36.7 mm
,,양자 효율 - 파란색 (일반/최소),7.21 % (typical) | 7.24 % (typical),Image output delay,,Z-axis Accuracy,,,,,,,,Mass,111 g | 280 g | 190 g | 310 g | 360 g
,,양자 효율 - 빨간색 (일반/최소),6.72 % (typical) | 3.03 % (typical),Data type,,,,,,,,,,Non-Isolated I/O Ports,"2 RS-422 input, 2 RS-422 output, 1 RS-422 Bi-directional | 2 RS-422 input, 2 RS-422 output, 2 RS-422 Bi-directional | 1 input (CC1) | 2 Bi-directional | 3 Bi-directional"
,,납품 범위,,Laser safety class,,,,,,,,,,Operating Humidity,15 to 85% (no condensation) | 80% RH non-condensing | 0 to 80% (non condensing) | ≤90% non-condensing | 10 to 80% (no condensation)
,,심도(Depth) 해상도,,Wavelength,,,,,,,,,,Operating Temperature,-10°C to 65°C (measured at the front face of the camera) | 0°C to 65°C (measured at the front face of the camera) | 0°C to 60°C (measured at the front face of the camera) | 0°C to 50°C (measured at the front face of the camera) | 0°C to 40°C (measured at the front face of the camera)
,,작업 공간,,Detection accuracy,,,,,,,,,,Power Consumption [Maximum],5 W | 8  W | 11 W | 6 W | 4.5 W
,,초점 거리,,Detection speed,,,,,,,,,,Power Requirements,Power Over Ethernet (PoE) or 12 to 24 V via GPIO connector | 12 to 24 V via GPIO connector | Power-Over-CameraLink (PoCL) or 12 to 24 V via GPIO | 24 V via GPIO connector | 19 to 24 V via GPIO connector
,,프로세서 제조업체,,Scan frame rate,,,,,,,,,,Storage Humidity,"15 to 85% (no condensation) | 0 to 90% (non condensing) | 10 to 80% (no condensation) | 20 to 80% (no condensation) | 0 to 90% relative, non condensing"
,,수평 해상도(X축),,Depth image detection accuracy,,,,,,,,,,Storage Temperature,-20°C to 80°C | –20 to 60 °C | -40°C to 80°C | -20 to 60 °C | -30°C to 70°C
,,높이 해상도 (Z축),,,,,,,,,,,,Port,Gigabit Ethernet Port | CameraLink (2 x SDR-26 cables) | CLHS 7 Data Lanes (10.3 Gbps/lane) | CLHS 2 Fiber optic Lanes (10 Gbps/lane) | CLHS 4 Fiber optic Lanes (10 Gbps/lane)
,,배율,,,,,,,,,,,,Power Sourcing Equipment,IEEE802.3af-2003 PoE Interface Card / Injector/ Switch or External Camera Power Supply | External Camera Power Supply | PoCL or External Camera Power Supply | PoCXP or External Camera Power Supply | USB3 Port or External Camera Power Supply
,,광원,,,,,,,,,,,,Required Accessories,"Lens, Cable, Host Adapter (GigE Nic or Xtium2-XGV frame grabber) | Lens, Cable, Host Adapter (CameraLink frame grabber) | Lens, Cable, Host Adapter (Xtium2-CLHS PX8 CLHS frame grabber pn: OR-A8S0-PX870) | Lens, Cable, Host Adapter (Xtium2-CLHS FX8 LC CLHS frame grabber pn: OR-A8S0-FX820) | Lens, Cable, Host Adapter (Xtium2-CLHS PX8 CLHS frame grabber pn: OR-A8S0-HX870)"
,,이격 거리 (Clearance Distance),,,,,,,,,,,,Compliance,"CE, FCC, KCC, RoHS. The ECCN for this product is: EAR099. | CE, FCC, and RoHS | CE, FCC, KCC, RoHS. The ECCN for this product is: Dual-Use. | CE, FCC, RoHS, WEEE. The ECCN for this product is: EAR099. | EAR"
,,Heliotis,,,,,,,,,,,,Machine Vision Standard,GigE Vision v1.2 | CameraLink v.2.1 | CameraLink HS v1.0 | GigE Vision v2.0 | CoaXPress 1.1
,,반복정밀도 (Z축),,,,,,,,,,,,Warranty,"3 years | 2 years | 3 Years | 1 year | 1 year, Lifetime Vacuum Warranty"
,,레이저 등급,,,,,,,,,,,,QE (Mono),700 nm | 690 nm | Peak  @ 620 nm | Peak  @ 690 nm | Peak  @ 820 nm
,,Z축 선형성(+/- % of MR),,,,,,,,,,,,Temporal Dark Noise (Read Noise),9.5 | 15 | < 2 DN | 12 | 21
,,스캔 속도,,,,,,,,,,,,Power Supply,"Hirose 6-pin male | Hirose 6-pin male, +12 VDC to +24 VDC | +12 V to +24 V DC, Hirose 12-pin | 12 V DC, 10 A | 12V DC"
,,데이터포인트/프로파일,,,,,,,,,,,,Opto-isolated I/O Ports,"2 input, 2 output | 2 input, 3 output | 2 input, 4 output | 1 input, 1 output"
,,측정 거리,,,,,,,,,,,,Spectral rate,6600 spectra/sec
,,LMI,,,,,,,,,,,,Typical spectrometric well capacity,"Low gain: 120 Me-, 100 Me- minHigh gain: 4.5 Me-, 4 Me- min"
,,JAI,,,,,,,,,,,,Digitization,16 bits
,,,,,,,,,,,,,,Minimum exposure,20 μs
,,,,,,,,,,,,,,Sensor type,Linear InGaAs photodiode array
,,,,,,,,,,,,,,Max Frame Rate Standard,6600 spectra/s | 500 fps | 664 fps | 18.3 fps | 22.9 fps
,,,,,,,,,,,,,,Conversion Gain,"Low gain: 2000 e/ctHigh gain: 75 e/ct | 0.85 (Speed), 0.25 (Sensitivity), 0.015 (Sub-Electron), 0.23 (Dynamic Range) | High Gain: 1 e⁻/countHigh Capacity: 11 e⁻/count | 7 e-/count | High Gain: 1 e⁻/countHigh Capacity: 14 e⁻/count"
,,,,,,,,,,,,,,Dark Current,Low gain: 6.5 ke-/p/sHigh gain: 5.7 ke-/p/s | Low gain: 0.55 Me-/p/sHigh gain: 0.6 Me-/p/s | 0.47 e⁻/p/s | ≤0.05 e⁻/p/s | ≤0.05 e⁻/p/s (typical)
,,,,,,,,,,,,,,Full Well Capacity (Qsat),"Low gain: 120 Me-High gain: 4.5 Me- | Low gain: 110 Me-High gain: 4.1 Me- | 15,000 e⁻ | >100 ke⁻ | 128 ke⁻"
,,,,,,,,,,,,,,Read Noise,Low gain: 5000 e-High gain: 400 e- | Low gain: 6000 e-High gain: 400 e- | 0.7 e⁻ | ≤1e⁻ | <3 e⁻
,,,,,,,,,,,,,,Sensor Material,InGaAs | Silicon
,,,,,,,,,,,,,,Cooling,Liquid Nitrogen | 0 °C at 30 °C ambient | Multistage TE cooling | TE | -65 °C (TEC air cooled);  -75 °C (liquid cooled)
,,,,,,,,,,,,,,Mounting,"Spec Mount | Two ¼""–20 threads per side | C-mount, optional C-to-spectrometer and C-to-F mount | F-mount, optional F-to-spectrometer and C-mount | One M3x0.5 thread per side"
,,,,,,,,,,,,,,Accessories (Included),"Power Supply, Power Cable, GigE cable, AUX I/O cable | PCIe 3.0 Card and 2x Cables, USB 3.2 10 Gbps Card, 2x USB 3.2 10 Gbps cables (1 m A-C and 3m C-C), Power Supply, BNC Trigger Cable, PVCAM Library and Drivers, Quickstart Guide, 3x Front Plates (C-Mount, F-Mount, T-Mount) | PCIe 3.0 Card and Cable, USB 3.2 10 Gbps Card, 2x USB 3.2 10 Gbps cables (1 m A-C and 3m C-C), Power Supply, BNC Trigger Cable, PVCAM Library and Drivers, Quickstart Guide | Power supply, power cable, AC line cord (regional), CXP frame grabber card, CXP cables, liquid coolant quick disconnects | Power Supply, AC line cord (regional), Trigger cables, Shutter cable, USB3 cable"
,,,,,,,,,,,,,,OS,"Windows, Linux | Windows 7, 8, 8.1, 10, 11 (64 bit) | Windows 11, Linux | Windows 10 (64bit), LInux | Windows 10 (64bit), Linux"
,,,,,,,,,,,,,,셔터 유형,"Global shutter | 글로벌 셔터 | 글로벌 리셋 기능이 있는 롤링 셔터 | Global, Rolling | 롤링 셔터"
,,,,,,,,,,,,,,광학 필터,IR 차단(670nm) | 없음 | IR-Cut Off (670 nm)
,,,,,,,,,,,,,,게인 (Gain) 제어,"Manual | 수동, 자동(AGC) | Manual, automatic (AGC)"
,,,,,,,,,,,,,,노출 범위,5 µs to 2500 µs | 15µ~30초 | 4 µs 에서 30초 | 11µs~30초 | 6.0 µs 에서 30초
,,,,,,,,,,,,,,노출 제어,"Hardware trigger, programmable via camera API | 하드웨어 트리거, 카메라 API를 통해 프로그래밍 가능, 자동 | Hardware trigger, programmable via camera API, automatic"
,,,,,,,,,,,,,,이미지 버퍼,90 MB | 240 MB | 500 MB | 96 MB | 32 MB
,,,,,,,,,,,,,,게인 (Gain) 범위,1x to 10x | 0dB~42dB | 0 dB에서 47 dB | 0dB~18dB | 0 dB에서 18 dB
,,,,,,,,,,,,,,응답성,"55,, 40, 25 (DN8/nJ/cm2) | 75 (DN8/nJ/cm2) | 9, 9, 6 (DN8/nJ/cm2) | 12 (DN8/nJ/cm2)"
,,,,,,,,,,,,,,QE 그린,Peak @ 550 nm | 61 @525nm | 39.78 @530nm | 57.93 @525nm | 64(HCG) / 63(LCG) @525nm
,,,,,,,,,,,,,,QE 레드,Peak @ 650 nm | 48 @630nm | 36.66 @625nm | 45.34 @630nm | 52(HCG) / 51(LCG) @625nm
,,,,,,,,,,,,,,QE 블루,Peak @ 460 nm | 52 @470nm | 38.26 @460nm | 48.02 @470nm | 54(HCG) / 53(LCG) @460nm
,,,,,,,,,,,,,,비절연 I/O 포트,"2 RS-422 input, 2 RS-422 output, 1 RS-422 Bi-directional | 1 양방향, 1 입력 | 1 bi-directional, 1 input | 3 양방향 | 4 양방향"
,,,,,,,,,,,,,,보증,2 years | 3년 | 3 years
,,,,,,,,,,,,,,QE(모노),650 nm | 63 | 65 @525nm | 52 @525nm | 53 @525nm
,,,,,,,,,,,,,,최대 프레임 속도 표준,92 | 291 | 85 | 78 | 69
,,,,,,,,,,,,,,센서 형식,"1/2"" | 1/2.9"" | 1.1"" | 1/1,7"" | 1/2.3"""
,,,,,,,,,,,,,,화이트 밸런스,"수동, 자동(AWB) | Manual, automatic (AWB)"
,,,,,,,,,,,,,,양자 효율,63 | 65 (525 nm) | 52 (% at 525 nm) | 53.35(525nm에서 %) | 63.24(525nm)
,,,,,,,,,,,,,,절대 예민도 역치 (y),408 | 7.10 | 6.57 | 25.09 | 18.45
,,,,,,,,,,,,,,광아이솔레이터_격리 IO 포트,"1 input, 1 output | 2 input, 2 output"
,,,,,,,,,,,,,,보조 출력,"3.3 V, 120 mA maximum | 4.3 V to 5.25 V, up to 200 mA maximum"
,,,,,,,,,,,,,,센서 셔터 유형,글로벌 셔터 | 글로벌 리셋 기능이 있는 롤링 셔터 | 롤링 셔터
,,,,,,,,,,,,,,Quantum Efficiency,96% | 85% | 73% | 95%
,,,,,,,,,,,,,,Spectrum Capabilities,"UV (200-400 nm), Visible (400-700 nm), Near Infrared (700-1000 nm) | 0.3-1.7 µm (VisGaAs)0.9-2.5 µm (HgCdTe) | UV (200-440 nm), Visible (400-700 nm), Near Infrared (700-1000 nm)"
,,,,,,,,,,,,,,Read Noise (median),0.7 e- | 2.2 e- | 1.5 e- | 1.6 e- | 1.0 e-
,,,,,,,,,,,,,,Megapixels,10.2 | 5.7 | 66 MP | 42 MP | 24 MP
,,,,,,,,,,,,,,Sensor Diagonal,29 mm | 22 mm | 115 mm | 92 mm | 69 mm
,,,,,,,,,,,,,,Color/Mono,Mono | Color
,,,,,,,,,,,,,,Triggering Modes,"Input (Trigger-First, Level, Edge, SMART Streaming), Output (Any Row, First Row, Line Output), Effective Global Shutter (All Rows, Rolling Shutter), Expose Out | Output (Ready, Expose, Shutter, Readout, Waiting for Trigger), Input (Trigger per Acquisition, Trigger per Readout, Bulb Exposure) | Trigger In, TTL Out, Readout Monitor, Expose Monitor, Shutter Monitor, External Shutter Control | Expose (first row, any row, all rows), Readout, Ready, Shutter Out | Start on single trigger, Readout per trigger, Exposure during trigger pulse"
,,,,,,,,,,,,,,Dynamic Range,"10,000 | 100,000 : 1 | 40,000 : 1 | 72 | 73"
,,,,,,,,,,,,,,Field of View,20.8 x 20.8 mm | 15.6 x 15.6 mm | 81.2 x 81.2 mm | 65 x 65 mm | 48.8 x 48.8 mm
,,,,,,,,,,,,,,CPU,"3.0 GHz or faster Intel Processor, 4 or more cores"
,,,,,,,,,,,,,,Hard Drive,m.2 NVME SSD
,,,,,,,,,,,,,,RAM,32 GB DDR4 | 2 GB RAM or more | 2 GB RAM 또는 그 이상 | 2GB RAM 이상 | 8 GB RAM 또는 그 이상 (이중 채널)
,,,,,,,,,,,,,,Certification,"CE, UL, CUL, FCC, PSE Efficiency level VI | CE | CE, UL/CSA, FCC Part 15, VCCI, BSMI, KN32 & KN35, AS/NZS | FCC Part 15, Subpart B; Class A, CE, UKCA, RoHS 3, PSE, ISO 9001:2015"
,,,,,,,,,,,,,,최대 프레임 속도 터보드라이브/무손실 압축,350.0 | 75.0 | 150.0 | 137.0 | 79.0
,,,,,,,,,,,,,,시리얼 포트,지원됨 | Supported | 1 (비격리 I/O의 경우) | 1 (over non-isolated I/O) | 1(비격리 I/O의 경우)
,,,,,,,,,,,,,,운영 시스템 [권장],Windows or Linux (32–bit or 64–bit) | Windows 또는 Linux (32비트 또는 64비트) | Windows 또는 Linux(32–비트 또는 64–비트) | Windows 또는 Linux (32–bit 또는 64–bit)
,,,,,,,,,,,,,,하드 드라이브,200 MB 하드 드라이브 저장 공간 | 200MB 하드 드라이브 저장 공간
,,,,,,,,,,,,,,CPU [권장],3.1 GHz 또는 동일 CPU | 3.1GHz 또는 동급 CPU | 4세대 Intel Core i7 (또는 더 최신) | 4세대 Intel Core i7 (또는 더 최신 버전)
,,,,,,,,,,,,,,High Dynamic Range,18-bit HDR mode
,,,,,,,,,,,,,,Frame Rate,700 Hz  (full frame)
,,,,,,,,,,,,,,Readout,"integrate-then-read, integrate-while-read, sample-up-the-ramp"
,,,,,,,,,,,,,,컬러/모노,Mono
,,,,,,,,,,,,,,리드 노이즈,< 30 e⁻
,,,,,,,,,,,,,,센서 소재,InGaAs | HgCdTe
,,,,,,,,,,,,,,암전류,< 60 e⁻/p/s | < 400 ke⁻/p/s
,,,,,,,,,,,,,,전체 웰 용량(Qsat),1 Me⁻ (low gain)
,,,,,,,,,,,,,,시야각 (FOV),6.4 x 5.1 mm | 12.8 x 10.2 mm
,,,,,,,,,,,,,,액세서리(포함 사항),"Power supply, USB cable, trigger cables, quickstart guide"
,,,,,,,,,,,,,,인증,CE
,,,,,,,,,,,,,,최대 프레임 속도 버스트,122.9 | 207.0 | 68.0 | 52.5 | 35.0
,,,,,,,,,,,,,,전력 소비량,3 W | <3 W | <3W | <2.5 W | 2.3W
,,,,,,,,,,,,,,동작 범위,50 dB
,,,,,,,,,,,,,,Options,Serial Port RS-232 available on demand | Color models available with IR cut-off filter @650 nm | C-mount available as CS-mountOpto-isolated 2 input / 2 output available as 1 input / 3 outputColor models available with IR cut-off filter @650 nmAll models available with RS-232 serial port
,,,,,,,,,,,,,,Max Frame Rate Burst,18.5 | 13.8 | 187 | 141 | 63
,,,,,,,,,,,,,,Sensor Format,"1.4"" | APS-C | 1/1.8"" | 2/3"" | 1.1"""
,,,,,,,,,,,,,,White Balance,"Manual, automatic (AWB) | Manual and automatic control | Yes"
,,,,,,,,,,,,,,Quantum efficiency,>90% at 450 nm98% at 900 nm75% at 1000 nm
,,,,,,,,,,,,,,Pixel size,20 x 20 μm
,,,,,,,,,,,,,,Dark Noise,≤0.0015 e⁻/pix/sec | 0.7 e⁻/p/s | 500 e⁻/pix/sec | 10 e⁻/p/s (@ -190 °C) | 40 e⁻/pix/sec
,,,,,,,,,,,,,,Max Frame Rate Turbodrive/Lossless Compression,187.0 | 141.0 | 63.0 | 88.0 | 39.0
,,,,,,,,,,,,,,Absolute Sensitivity Threshold (y),4.7 | 4.8 | 33 | 10.1 | 23.1
,,,,,,,,,,,,,,Serial Port,(RS-232 available on Demand)
,,,,,,,,,,,,,,GPIO,"1 digital input (CC1) | SAMTEC TFM-105 type | JST# SM09B-NSHSS-TB | Hirose-8 male connector, P-iris 4 pin connector | Samtec TFM-105-02-L-D-WT"
,,,,,,,,,,,,,,Shutter Type,Global Shutter
,,,,,,,,,,,,,,C-Mount Coupler Magnification,0.63x - 0.7x C-mount coupler | 0.5x - 0.63x C-mount coupler | 1.0x C-mount coupler | 0.5x or 0.63x C-mount coupler
,,,,,,,,,,,,,,Angular FOV,20° | 14.4°
,,,,,,,,,,,,,,Aperture,f/1.5 | f/2.0
,,,,,,,,,,,,,,Dewar Hours,>30 h | 24
,,,,,,,,,,,,,,Operation Mode,"Normal CCD, EM Mode | EM Mode, Low noise mode"
,,,,,,,,,,,,,,Dark Current Noise,0.001 e-/p/s
,,,,,,,,,,,,,,작업 거리,
,,,,,,,,,,,,,,마운트 장착,
,,,,,,,,,,,,,,베이스라인,
,,,,,,,,,,,,,,교정,
,,,,,,,,,,,,,,3D Processing,
,,,,,,,,,,,,,,비디오 출력(SDK),
