brand,model_name,slug,제조 업체,주문 번호,카메라 카테고리,카메라 시리즈,보증 (Warranty),센서 공급업체,센서,셔터,센서 타입,해상도 (HxV),픽셀 사이즈 HxV,라인 속도,모노크롬/컬러,빛스펙트럼,인터페이스,픽셀 비트 깊이,동기화,카메라 I/O 커넥터,전원 공급,하우징 종류,보호 등급,하우징 ‍사이즈 (L x W x H),무게 (Weight),렌즈 마운트,작동 온도,Basler,Conformity,제품군,제품 라인,센서 포맷,센서 대각선 길이,센서 크기,프레임 속도,카메라 데이터 커넥터,이미지 데이터 인터페이스,노출 제어,디지털 입력,범용 I/O,전원 요구사항 (일반적),측정된,양자 효율 (일반/최소),다크 노이즈 (일반/최대),포화 용량 (일반/최소),"다이나믹 레인지 (Dinamic Range, 일반/최소)",신호 대 노이즈비 (Signal to Noise Ratio)(일반/최소),기준,FOV (Field of View),심도(Depth) 이미지 해상도 및 FPS,측정 방식,"에고 모션(Ego-motion, IMU)",작업 범위,운영 체제,양산,소모 전력 PoE,해상도,디지털 출력,작동 중 주변 온도,Compression Beyond 사용시 프레임 속도,비디오 출력 유형,Camera Link ‍Clock,파장 (Wavelength),스트리밍 형식,정확도( Accuracy),템포럴 노이즈,지연 (Latency),조명 (Illumination),햇빛에서의 내구성,데이터 커넥터,전원 공급 장치,구성 요소,표준,프로그래밍 언어,타사 지원,마운팅 포인트,하우징 대체품,‍이미지 처리,양자 효율 - 녹색 (일반/최소),양자 효율 - 파란색 (일반/최소),양자 효율 - 빨간색 (일반/최소),납품 범위,심도(Depth) 해상도,작업 공간,초점 거리,프로세서 제조업체,수평 해상도(X축),높이 해상도 (Z축),배율,광원,이격 거리 (Clearance Distance),Heliotis,반복정밀도 (Z축),레이저 등급,Z축 선형성(+/- % of MR),스캔 속도,데이터포인트/프로파일,측정 거리,LMI,JAI
Basler,STM-955g,stm-955g,Basler,2200002839,3D 카메라,Basler Stereo Camera,36개월,,,Global Shutter,,1280 px × 800 px,,,,,GigE,,,M12 A-coded 8-pin receptacle (power & I/O),PoE (IEEE 802.3af) / DC 9-24V (≥ 2 A),,IP67,90 mm x 25 mm x 30 mm,520 g,,-10 °C - 50 °C,,"CE (incl. RoHS), FCC Class B, KC, REACH, UKCA, WEEE",Stereo mini,,,,,,M12 X-coded 8-pin receptacle (PoE/GigE),,,,,,,,,,,,95 mm,90° x 65° ± 3° @ 2m,1280 x 800 @ 10 fps / 640 x 480 at 20 fps,Stereo Vision,200 Hz. low latency,0.31 m - 10 m,"ARM Linux (AArch64) / Linux (x86_64) / Windows: 10, 11 (64bit)",,,,,,,,,,,,,,,,,,,,,,,,,,,,,,,,,,,,,,,,,,,,,,
Basler,STM-951g,stm-951g,Basler,2200002836,3D 카메라,Basler Stereo Camera,36개월,,,Global Shutter,,1280 px × 800 px,,,,,GigE,,,M8 A-coded 8-pin plug (power & I/O),PoE (IEEE 802.3af) / DC 9–24 V (≥ 1 A),,IP67,90 mm x 25 mm x 30 mm,220 g,,-10 °C - 45 °C,,"CE (incl. RoHS), FCC Class B, KC, REACH, UKCA, WEEE",Stereo mini,,,,,,M12 X-coded 8-pin receptacle (GigE),,,,,,,,,,,,95 mm,90° x 65° ± 3° @ 2m,1280 × 800 @ 30 fps / 848 x 480 @ 60 fps,Stereo Vision,200 Hz. low latency,0.25 m - 6 m,"ARM Linux (AArch64) / Linux (x86_64) / Windows: 10, 11 (64bit)",,,,,,,,,,,,,,,,,,,,,,,,,,,,,,,,,,,,,,,,,,,,,,
Basler,STM-502u,stm-502u,Basler,2200002834,3D 카메라,Basler Stereo Camera,36개월,,,Global Shutter,,1280 px × 800 px,,,,,USB 3.0,,,"8-pin pin header, single-row, 1.00 mm pitch",5 V DC via USB (requires port supporting 1.5 A),,IP5X,90 mm x 25 mm x 30 mm,97 g,,-10 °C - 45 °C,,"CE (incl. RoHS), FCC Class B, KC, REACH, UKCA, WEEE",Stereo mini,,,,,,USB 3.0 Type-C receptacle (lockable),,,,,,,,,,,,50 mm,90° x 65° ± 3° @ 2m,1280 × 800 @ 30 fps / 848 x 480 @ 60 fps,Stereo Vision,200 Hz. low latency,0.26 m - 3 m,"ARM Linux (AArch64) / Linux (x86_64) / Windows: 10, 11 (64bit)",,,,,,,,,,,,,,,,,,,,,,,,,,,,,,,,,,,,,,,,,,,,,,
Basler,STM-952u,stm-952u,Basler,2200002838,3D 카메라,Basler Stereo Camera,36개월,,,Global Shutter,,1280 px × 800 px,,,,,USB 3.0,,,"8-pin pin header, single-row, 1.00 mm pitch",5 V DC via USB (requires port supporting 1.5 A),,IP65,90 mm x 25 mm x 30 mm,135 g,,-10 °C - 45 °C,,"CE (incl. RoHS), FCC Class B, KC, REACH, UKCA, WEEE",Stereo mini,,,,,,USB 3.0 Type-C receptacle (lockable),,,,,,,,,,,,95 mm,90° x 65° ± 3° @ 2m,1280 × 800 @ 30 fps / 848 x 480 @ 60 fps,Stereo Vision,200 Hz. low latency,0.25 m - 6 m,"ARM Linux (AArch64) / Linux (x86_64) / Windows: 10, 11 (64bit)",,,,,,,,,,,,,,,,,,,,,,,,,,,,,,,,,,,,,,,,,,,,,,
Basler,STM-951u,stm-951u,Basler,2200002835,3D 카메라,Basler Stereo Camera,36개월,,,Global Shutter,,1280 px × 800 px,,,,,USB 3.0,,,"8-pin pin header, single-row, 1.00 mm pitch",5 V DC via USB (requires port supporting 1.5 A),,IP65,90 mm x 25 mm x 30 mm,135 g,,-10 °C - 45 °C,,"CE (incl. RoHS), FCC Class B, KC, REACH, UKCA, WEEE",Stereo mini,,,,,,USB 3.0 Type-C receptacle (lockable),,,,,,,,,,,,95 mm,90° x 65° ± 3° @ 2m,1280 × 800 @ 30 fps / 848 x 480 @ 60 fps,Stereo Vision,200 Hz. low latency,0.25 m - 6 m,"ARM Linux (AArch64) / Linux (x86_64) / Windows: 10, 11 (64bit)",,,,,,,,,,,,,,,,,,,,,,,,,,,,,,,,,,,,,,,,,,,,,,
Basler,STM-501u,stm-501u,Basler,2200002833,3D 카메라,Basler Stereo Camera,36개월,,,Global Shutter,,1280 px × 800 px,,,,,USB 3.0,,,"8-pin pin header, single-row, 1.00 mm pitch",5 V DC via USB (requires port supporting 1.5 A),,IP5X,90 mm x 25 mm x 30 mm,97 g,,-10 °C - 45 °C,,"CE (incl. RoHS), FCC Class B, KC, REACH, UKCA, WEEE",Stereo mini,,,,,,USB 3.0 Type-C receptacle (lockable),,,,,,,,,,,,50 mm,90° x 65° ± 3° @ 2m,1280 × 800 @ 30 fps / 848 x 480 @ 60 fps,Stereo Vision,200 Hz. low latency,0.26 m - 3 m,"ARM Linux (AArch64) / Linux (x86_64) / Windows: 10, 11 (64bit)",,,,,,,,,,,,,,,,,,,,,,,,,,,,,,,,,,,,,,,,,,,,,,
Basler,blaze-112,blaze-112,Basler,109245,3D 카메라,Basler ToF Camera,36개월,Sony,DepthSense™ IMX556,,,640 px × 480 px,,,Mono,,GigE,,free-run / hardware trigger / PTP IEEE1588 / software trigger,,24 VDC ±10%; <11.5 W mean; <38 W peak,Box,IP67,100 mm x 81 mm x 64 mm,680 g,lens integrated,0 °C - 50 °C,,"CE (incl. RoHS), DIN EN 55022, DIN EN 60068-2-27, DIN EN 60068-2-6, DIN EN 60068-2-64, DIN EN 61000-6-4, EAC, Eye safety: IEC 60825-1:2014 Laser Class 1, FCC, GenICam, GigE Vision, IP67, KC, RoHS, UKCA",,,,,,30 fps,,,programmable via the camera API,,,,,,,,,,,108° x 77°,,,,0.3 m - 10 m,ARM Linux (AArch64) / Linux (x86_64) / Windows,,,VGA,,,,,,850 nm,point cloud (XYZ); range map; intensity image; confidence map,±5 mm (0.5 – 3.5 m); typical,< 1.7 mm (up to 3.5 m); typical,< 85 ms,4 x VCSEL laser diodes; 850 nm; class 1,Max. irradiance 6.8 W/m² @ 830–880 nm,IEC 61076-2-109; M12; 8-pin; x-coded; female,IEC 61076-2-101; M12; 8-pin; female,API / Driver / Samples / User Manual / Viewer,GenApi / GenICam / GenTL / GigE Vision,.Net / C/C++ / Python,Halcon / Isaac / MIL / OpenCV / Point Cloud Library (PCL) / ROS,1/4-20 UNC thread (tripod); multiple M4 threads,,,,,,,,,,,,,,,,,,,,,,,,
Basler,blaze-101,blaze-101,Basler,107796,3D 카메라,Basler ToF Camera,36개월,Sony,DepthSense™ IMX556,,,640 px × 480 px,,,Mono,,GigE,,free-run / hardware trigger / PTP IEEE1588 / software trigger,,24 VDC ±10%; <15 W mean; <55 W peak,Box,IP67,100 mm x 81 mm x 64 mm,690 g,lens integrated,0 °C - 50 °C,,"CE (incl. RoHS), DIN EN 55022, DIN EN 60068-2-27, DIN EN 60068-2-6, DIN EN 60068-2-64, DIN EN 61000-6-2, DIN EN 61000-6-4, EAC, Eye safety: IEC 60825-1:2014 Laser Class 1, FCC, GenICam, GigE Vision, IP67, KC, RoHS, UKCA, UL",,,,,,30 fps,,,programmable via the camera API,,,,,,,,,,,67° x 51°,,,,0.3 m - 10 m,ARM Linux (AArch64) / Linux (x86_64) / Windows,,,VGA,,,,,,940 nm,point cloud (XYZ); range map; intensity image; confidence map,±5 mm (0.5 – 5.5 m); typical,< 1 mm (up to 5.5 m); typical,< 85 ms,4 x VCSEL laser diodes; 940 nm; class 1,Max. irradiance 12.8 W/m² @ 920–970 nm,IEC 61076-2-109; M12; 8-pin; x-coded; female,IEC 61076-2-101; M12; 8-pin; female,API / Driver / Samples / User Manual / Viewer,GenApi / GenICam / GenTL / GigE Vision,.Net / C/C++ / Python,Halcon / Isaac / MIL / OpenCV / Point Cloud Library (PCL) / ROS,1/4-20 UNC thread (tripod); multiple M4 threads,,,,,,,,,,,,,,,,,,,,,,,,
Basler,blaze-102,blaze-102,Basler,108711,3D 카메라,Basler ToF Camera,36개월,Sony,DepthSense™ IMX556,,,640 px × 480 px,,,Mono,,GigE,,free-run / hardware trigger / PTP IEEE1588 / software trigger,,24 VDC ±10%; <11.5 W mean; <38 W peak,Box,IP67,100 mm x 81 mm x 64 mm,690 g,lens integrated,0 °C - 50 °C,,"CE (incl. RoHS), DIN EN 55022, DIN EN 60068-2-27, DIN EN 60068-2-6, DIN EN 60068-2-64, DIN EN 61000-6-2, DIN EN 61000-6-4, EAC, Eye safety: IEC 60825-1:2014 Laser Class 1, FCC, GenICam, GigE Vision, IP67, KC, RoHS, UKCA, UL",,,,,,30 fps,,,programmable via the camera API,,,,,,,,,,,67° x 51°,,,,0.3 m - 10 m,ARM Linux (AArch64) / Linux (x86_64) / Windows,,,VGA,,,,,,850 nm,point cloud (XYZ); range map; intensity image; confidence map,±5 mm (0.5 – 5.5 m); typical,< 0.8 mm (up to 5.5 m); typical,< 85 ms,4 x VCSEL laser diodes; 850 nm; class 1,Max. irradiance 6.8 W/m² @ 830–880 nm,IEC 61076-2-109; M12; 8-pin; x-coded; female,IEC 61076-2-101; M12; 8-pin; female,API / Driver / Samples / User Manual / Viewer,GenApi / GenICam / GenTL / GigE Vision,.Net / C/C++ / Python,Halcon / Isaac / MIL / OpenCV / Point Cloud Library (PCL) / ROS,1/4-20 UNC thread (tripod); multiple M4 threads,,,,,,,,,,,,,,,,,,,,,,,,
Basler,STA-200-547M-082616-W,sta-200-547m-082616-w,Basler,109517,3D 카메라,Basler Stereo Camera,36개월,,,Global Shutter,,2472 px × 2064 px,,,Mono,,GigE,,,,24V DC,,IP50,158.5 mm x 245 mm x 70 mm,1700 g,,,,EAC,,,,,,,,,,,,,,,,,,,200 mm,,3 - 10 fps (depends on the configuration of the camera and the hardware of the host system),,,0.71 m - 3 m,ARM Linux (AArch64) / Linux (x86_64) / Windows,,,,,,,,,,,,,,,,2 x RJ45,"M12, 8-pin, female, Type A",,,,,,,,,,,"1 x Camera, Stereo ace2 x Trigger Cable, M8 8-pin to M8 8-pin1 x Mounting Bracket Stereo ace (incl. 3x socket screws M5 x 12)",0.06 mm at 0.75 m / 0.11 mm at 1.0 m / 0.25 mm at 1.5 m / 0.43 mm at 2.0 m / 0.98 mm at 3.0 m,430 x 530 mm at 0.75 m / 630 x 710 mm at 1.0 m / 2305 x 2125 mm at 3.0 m / 1060 x 1060 mm at 1.5 m / 1500 x 1415 mm at 2.0 m,,,,,,,,,,,,,,,,
Basler,Stereo Camera rc_visard 160c,stereo-camera-rc-visard-160c,Basler,2200000972,3D 카메라,Basler Stereo Camera,36개월,,,Global Shutter,,1280 px × 960 px,,,Color,,GigE,,,,18-30 V,,IP54,230 mm x 75 mm x 84 mm,850 g,,0 °C - 50 °C,,"AS/NZS CISPR32, CE (incl. RoHS), CISPR 24 : 2015 +A1:2015, CISPR 32, EAC, EN 55024 : 2010 +A1:2015, EN 55032, EN 61000-6-2 : 2005, EN 61000-6-3 : 2007+A1:2011, GB 9254, GenICam, GigE Vision, KC",Stereo visard,,,,,,,,,,,,,,,,,,160 mm,61° x 48°,"214×160 Pixel @ 25 fps / 320×240 Pixel @ 15 fps / 640×480 Pixel @ 3 fps, with Cube @ 25 fps / 1280×960 Pixel @ 1 fps, with Cube @ 12.5 fps",,200 Hz. low latency,0.5 m - 3 m,,,,,,,,,,,,,,,,,8-pin A-coded M12 socket for GigE,8-pin A-coded M12 plug for GPIO and power,,,,,,,,,,,,0.1 mm @ 0.5 m / 0.4 mm @ 1.0 m / 1.5 mm @ 2.0 m / 3.3 mm @ 3.0 m,0.5 m distance: 0.44 m x 0.45 m / 1.0 m distance: 1.04 m x 0.90 m / 2.0 m distance: 2.24 m x 1.80 m,4 mm,Nvidia Tegra K1,,,,,,,,,,,,,,
Basler,Stereo Camera rc_visard 65c,stereo-camera-rc-visard-65c,Basler,2200000974,3D 카메라,Basler Stereo Camera,36개월,,,Global Shutter,,1280 px × 960 px,,,Color,,GigE,,,,18-30 V,,IP54,135 mm x 75 mm x 96 mm,680 g,,0 °C - 50 °C,,"AS/NZS CISPR32, CE (incl. RoHS), CISPR 24 : 2015 +A1:2015, CISPR 32, EAC, EN 55024 : 2010 +A1:2015, EN 55032, EN 61000-6-2 : 2005, EN 61000-6-3 : 2007+A1:2011, GB 9254, GenICam, GigE Vision, KC",Stereo visard,,,,,,,,,,,,,,,,,,65 mm,61° x 48°,"214×160 Pixel @ 25 fps / 320×240 Pixel @ 15 fps / 640×480 Pixel @ 3 fps, with Cube @ 25 fps / 1280×960 Pixel @ 1 fps, with Cube @ 12.5 fps",,200 Hz. low latency,0.2 m - 1 m,,,,,,,,,,,,,,,,,8-pin A-coded M12 socket for GigE,8-pin A-coded M12 plug for GPIO and power,,,,,,,,,,,,0.04 mm @ 0.2 m / 0.9 mm @ 1.0 m,0.2 m distance: 0.17 m x 0.18 m / 0.5 m distance: 0.54 m x 0.45 m / 1.0 m distance: 1.14 m x 0.90 m,4 mm,Nvidia Tegra K1,,,,,,,,,,,,,,
Basler,STA-200-547C-082616-W,sta-200-547c-082616-w,Basler,109518,3D 카메라,Basler Stereo Camera,36개월,,,Global Shutter,,2472 px × 2064 px,,,Color,,GigE,,,,24V DC,,IP50,158.5 mm x 245 mm x 70 mm,1700 g,,,,EAC,,,,,,,,,,,,,,,,,,,200 mm,,3 - 10 fps (depends on the configuration of the camera and the hardware of the host system),,,0.71 m - 3 m,ARM Linux (AArch64) / Linux (x86_64) / Windows,,,,,,,,,,,,,,,,2 x RJ45,"M12, 8-pin, female, Type A",,,,,,,,,,,"1 x Camera, Stereo ace2 x Trigger Cable, M8 8-pin to M8 8-pin1 x Mounting Bracket Stereo ace (incl. 3x socket screws M5 x 12)",0.06 mm at 0.75 m / 0.11 mm at 1.0 m / 0.25 mm at 1.5 m / 0.43 mm at 2.0 m / 0.98 mm at 3.0 m,430 x 530 mm at 0.75 m / 630 x 710 mm at 1.0 m / 2305 x 2125 mm at 3.0 m / 1060 x 1060 mm at 1.5 m / 1500 x 1415 mm at 2.0 m,,,,,,,,,,,,,,,,
Basler,STA-300-547M-082625-W,sta-300-547m-082625-w,Basler,109523,3D 카메라,Basler Stereo Camera,36개월,,,Global Shutter,,2472 px × 2064 px,,,Mono,,GigE,,,,24V DC,,IP50,158.5 mm x 345 mm x 70 mm,1800 g,,,,EAC,,,,,,,,,,,,,,,,,,,300 mm,,3 - 10 fps (depends on the configuration of the camera and the hardware of the host system),,,1.1 m - 5 m,ARM Linux (AArch64) / Linux (x86_64) / Windows,,,,,,,,,,,,,,,,2 x RJ45,"M12, 8-pin, female, Type A",,,,,,,,,,,"1 x Camera, Stereo ace2 x Trigger Cable, M8 8-pin to M8 8-pin1 x Mounting Bracket Stereo ace (incl. 3x socket screws M5 x 12)",0.072 mm at 1.1 m / 0.29 mm at 2.0 m / 0.65 mm at 3.0 m / 1.2 mm at 4.0 m / 1.8 mm at 5.0 m,836 x 669 mm at 1.1 m / 1470 x 1470 mm at 2.0 m / 2360 x 2210 mm at 3.0 m / 3250 x 2940 mm at 4.0 m / 4140 x 3680 mm at 5.0 m,,,,,,,,,,,,,,,,
Basler,Stereo Camera rc_visard 160m,stereo-camera-rc-visard-160m,Basler,2200000973,3D 카메라,Basler Stereo Camera,36개월,,,Global Shutter,,1280 px × 960 px,,,Mono,,GigE,,,,18-30 V,,IP54,230 mm x 75 mm x 84 mm,850 g,,0 °C - 50 °C,,"AS/NZS CISPR32, CE (incl. RoHS), CISPR 24 : 2015 +A1:2015, CISPR 32, EAC, EN 55024 : 2010 +A1:2015, EN 55032, EN 61000-6-2 : 2005, EN 61000-6-3 : 2007+A1:2011, GB 9254, GenICam, GigE Vision, KC",Stereo visard,,,,,,,,,,,,,,,,,,160 mm,61° x 48°,"214×160 Pixel @ 25 fps / 320×240 Pixel @ 15 fps / 640×480 Pixel @ 3 fps, with Cube @ 25 fps / 1280×960 Pixel @ 1 fps, with Cube @ 12.5 fps",,200 Hz. low latency,0.5 m - 3 m,,,,,,,,,,,,,,,,,8-pin A-coded M12 socket for GigE,8-pin A-coded M12 plug for GPIO and power,,,,,,,,,,,,0.1 mm @ 0.5 m / 0.4 mm @ 1.0 m / 1.5 mm @ 2.0 m / 3.3 mm @ 3.0 m,0.5 m distance: 0.44 m x 0.45 m / 1.0 m distance: 1.04 m x 0.90 m / 2.0 m distance: 2.24 m x 1.80 m,4 mm,Nvidia Tegra K1,,,,,,,,,,,,,,
Basler,STA-100-547M-082609-W,sta-100-547m-082609-w,Basler,109519,3D 카메라,Basler Stereo Camera,36개월,,,Global Shutter,,2472 px × 2064 px,,,Mono,,GigE,,,,24V DC,,IP50,131.9 mm x 145.8 mm x 70 mm,1500 g,,,,EAC,,,,,,,,,,,,,,,,,,,100 mm,,3 - 10 fps (depends on the configuration of the camera and the hardware of the host system),,,0.6 m - 2 m,ARM Linux (AArch64) / Linux (x86_64) / Windows,,,,,,,,,,,,,,,,2 x RJ45,"M12, 8-pin, female, Type A",,,,,,,,,,,"1 x Camera, Stereo ace2 x Trigger Cable, M8 8-pin to M8 8-pin1 x Mounting Bracket Stereo ace (incl. 3x socket screws M5 x 12)",0.10 mm at 0.6 m / 0.28 mm at 1 m / 0.64 mm at 1.5 m / 1.13 mm at 2 m,433 x 442 mm at 0.6 m / 789 x 737 mm at 1.0 m / 1233 x 1106 mm at 1.5 m / 1677 x 1475 mm at 2.0 m,,,,,,,,,,,,,,,,
Basler,Stereo Camera rc_visard 160m-6,stereo-camera-rc-visard-160m-6,Basler,2200000976,3D 카메라,Basler Stereo Camera,36개월,,,Global Shutter,,1280 px × 960 px,,,Mono,,GigE,,,,18-30 V,,IP54,230 mm x 75 mm x 84 mm,850 g,,0 °C - 50 °C,,"AS/NZS CISPR32, CE (incl. RoHS), CISPR 24 : 2015 +A1:2015, CISPR 32, EAC, EN 55024 : 2010 +A1:2015, EN 55032, EN 61000-6-2 : 2005, EN 61000-6-3 : 2007+A1:2011, GB 9254, GenICam, GigE Vision, KC",Stereo visard,,,,,,,,,,,,,,,,,,160 mm,43° x 33°,"214×160 Pixel @ 25 fps / 320×240 Pixel @ 15 fps / 640×480 Pixel @ 3 fps, with Cube @ 25 fps / 1280×960 Pixel @ 1 fps, with Cube @ 12.5 fps",,200 Hz. low latency,0.5 m - 3 m,,,,,,,,,,,,,,,,,8-pin A-coded M12 socket for GigE,8-pin A-coded M12 plug for GPIO and power,API / User Manual / Viewer,GenICam / GigE Vision 2.0 / Rest API / UDP based ego-motion interface / Web GUI,,Halcon / OpenCV / Point Cloud Library (PCL) / ROS,,,,,,,,0.06 mm @ 0.5 m / 0.3 mm @ 1.0 m / 1.0 mm @ 2.0 m / 2.2 mm @ 3.0 m,0.5 m distance: 0.24 m x 0.30 m / 1.0 m distance: 0.64 m x 0.60 m / 2.0 m distance: 1.44 m x 1.20 m,6 mm,Nvidia Tegra K1,,,,,,,,,,,,,,
Basler,STA-300-547C-082625-W,sta-300-547c-082625-w,Basler,109524,3D 카메라,Basler Stereo Camera,36개월,,,Global Shutter,,2472 px × 2064 px,,,Color,,GigE,,,,24V DC,,IP50,158.5 mm x 345 mm x 70 mm,1800 g,,,,EAC,,,,,,,,,,,,,,,,,,,300 mm,,3 - 10 fps (depends on the configuration of the camera and the hardware of the host system),,,1.1 m - 5 m,ARM Linux (AArch64) / Linux (x86_64) / Windows,,,,,,,,,,,,,,,,2 x RJ45,"M12, 8-pin, female, Type A",,,,,,,,,,,"1 x Camera, Stereo ace2 x Trigger Cable, M8 8-pin to M8 8-pin1 x Mounting Bracket Stereo ace (incl. 3x socket screws M5 x 12)",0.072 mm at 1.1 m / 0.29 mm at 2.0 m / 0.65 mm at 3.0 m / 1.2 mm at 4.0 m / 1.8 mm at 5.0 m,836 x 669 mm at 1.1 m / 1470 x 1470 mm at 2.0 m / 2360 x 2210 mm at 3.0 m / 3250 x 2940 mm at 4.0 m / 4140 x 3680 mm at 5.0 m,,,,,,,,,,,,,,,,
Basler,Stereo Camera rc_visard 65m,stereo-camera-rc-visard-65m,Basler,2200000975,3D 카메라,Basler Stereo Camera,36개월,,,Global Shutter,,1280 px × 960 px,,,Mono,,GigE,,,,18-30 V,,IP54,135 mm x 75 mm x 96 mm,680 g,,0 °C - 50 °C,,"AS/NZS CISPR32, CE (incl. RoHS), CISPR 24 : 2015 +A1:2015, CISPR 32, EAC, EN 55024 : 2010 +A1:2015, EN 55032, EN 61000-6-2 : 2005, EN 61000-6-3 : 2007+A1:2011, GB 9254, GenICam, GigE Vision, KC",Stereo visard,,,,,,,,,,,,,,,,,,65 mm,61° x 48°,"214×160 Pixel @ 25 fps / 320×240 Pixel @ 15 fps / 640×480 Pixel @ 3 fps, with Cube @ 25 fps / 1280×960 Pixel @ 1 fps, with Cube @ 12.5 fps",,200 Hz. low latency,0.2 m - 1 m,,,,,,,,,,,,,,,,,8-pin A-coded M12 socket for GigE,8-pin A-coded M12 plug for GPIO and power,,,,,,,,,,,,0.04 mm @ 0.2 m / 0.9 mm @ 1.0 m,0.2 m distance: 0.17 m x 0.18 m / 0.5 m distance: 0.54 m x 0.45 m / 1.0 m distance: 1.14 m x 0.90 m,4 mm,Nvidia Tegra K1,,,,,,,,,,,,,,
Basler,STA-100-547C-082609-W,sta-100-547c-082609-w,Basler,109520,3D 카메라,Basler Stereo Camera,36개월,,,Global Shutter,,2472 px × 2064 px,,,Color,,GigE,,,,24V DC,,IP50,131.9 mm x 145.8 mm x 70 mm,1500 g,,,,EAC,,,,,,,,,,,,,,,,,,,100 mm,,3 - 10 fps (depends on the configuration of the camera and the hardware of the host system),,,0.6 m - 2 m,ARM Linux (AArch64) / Linux (x86_64) / Windows,,,,,,,,,,,,,,,,2 x RJ45,"M12, 8-pin, female, Type A",,,,,,,,,,,"1 x Camera, Stereo ace2 x Trigger Cable, M8 8-pin to M8 8-pin1 x Mounting Bracket Stereo ace (incl. 3x socket screws M5 x 12)",0.10 mm at 0.6 m / 0.28 mm at 1 m / 0.64 mm at 1.5 m / 1.13 mm at 2 m,433 x 442 mm at 0.6 m / 789 x 737 mm at 1.0 m / 1233 x 1106 mm at 1.5 m / 1677 x 1475 mm at 2.0 m,,,,,,,,,,,,,,,,
Basler,HeliotisHeliotis Sensor H9 1.5x,heliotis-sensor-h9-1-5x,Heliotis,1456,3D 카메라,Heliotis heliInspect H9,,Heliotis proprietary,heliSens S4,,Area Sensor,512 px × 542 px,,,Mono,,GigE,,,,,,,299.5 mm x 60 mm x 216 mm,,,,,,,,,,,,,,,,,,,,,,,,,8.19 x 8.70 mm,,,,,,,,,,,,,,,,,,,,,,,,,,,,,,,,,,,,,,16 μm,100 nm,1.5x,Blue LED / Red LED,51.0 nm,,,,,,,,,
Basler,HeliotisHeliotis Sensor H9 0.5x,heliotis-sensor-h9-0-5x,Heliotis,1459,3D 카메라,Heliotis heliInspect H9,,Heliotis proprietary,heliSens S4,,Area Sensor,512 px × 542 px,,,Mono,,GigE,,,,,,,299.5 mm x 60 mm x 216 mm,,,,,,,,,,,,,,,,,,,,,,,,,24.58 x 26.11 mm,,,,,,,,,,,,,,,,,,,,,,,,,,,,,,,,,,,,,,48 μm,100 nm,0.5x,Blue LED / Red LED,51.0 nm,,,,,,,,,
Basler,HeliotisHeliotis Sensor H9 0.8x,heliotis-sensor-h9-0-8x,Heliotis,1458,3D 카메라,Heliotis heliInspect H9,,Heliotis proprietary,heliSens S4,,Area Sensor,512 px × 542 px,,,Mono,,GigE,,,,,,,299.5 mm x 60 mm x 216 mm,,,,,,,,,,,,,,,,,,,,,,,,,15.36 x 16.32 mm,,,,,,,,,,,,,,,,,,,,,,,,,,,,,,,,,,,,,,30 μm,100 nm,0.8x,Blue LED / Red LED,51.0 nm,,,,,,,,,
Basler,HeliotisHeliotis Sensor H9 2x,heliotis-sensor-h9-2x,Heliotis,1455,3D 카메라,Heliotis heliInspect H9,,Heliotis proprietary,heliSens S4,,Area Sensor,512 px × 542 px,,,Mono,,GigE,,,,,,,299.5 mm x 60 mm x 216 mm,,,,,,,,,,,,,,,,,,,,,,,,,6.14 x 6.53 mm,,,,,,,,,,,,,,,,,,,,,,,,,,,,,,,,,,,,,,12 μm,100 nm,2x,Blue LED / Red LED,49.0 nm,,,,,,,,,
Basler,HeliotisHeliotis Sensor H9 3x,heliotis-sensor-h9-3x,Heliotis,1454,3D 카메라,Heliotis heliInspect H9,,Heliotis proprietary,heliSens S4,,Area Sensor,512 px × 542 px,,,Mono,,GigE,,,,,,,299.5 mm x 60 mm x 216 mm,,,,,,,,,,,,,,,,,,,,,,,,,4.10 x 4.35 mm,,,,,,,,,,,,,,,,,,,,,,,,,,,,,,,,,,,,,,8 μm,100 nm,3x,Blue LED / Red LED,49.0 nm,,,,,,,,,
Basler,HeliotisHeliotis Sensor H9 1x,heliotis-sensor-h9-1x,Heliotis,1457,3D 카메라,Heliotis heliInspect H9,,Heliotis proprietary,heliSens S4,,Area Sensor,512 px × 542 px,,,Mono,,GigE,,,,,,,299.5 mm x 60 mm x 216 mm,,,,,,,,,,,,,,,,,,,,,,,,,12.29 x 13.06 mm,,,,,,,,,,,,,,,,,,,,,,,,,,,,,,,,,,,,,,24 μm,100 nm,1x,Blue LED / Red LED,51.0 nm,,,,,,,,,
Basler,LMILMI Sensor Gocator 2610,lmi-sensor-gocator-2610,LMI,2725,3D 카메라,LMI Gocator 2600,,,,,Line Sensor,,,,Mono,,GigE,,,,,,,116 mm x 125 mm x 50 mm,900 g,,,,,,,,,,,,,,,,,,,,,,,,10.2 - 10.8 mm,,,,,,,,,,,,,,,,,,,,,,,,,,,,,,,,,,,,,,2.5 μm,,,Blue laser (405 nm),19.5 mm,,0.22 nm,"2, 3R, 3B",0.015 %,approx. 1.1 kHz - 9 kHz,4192.0,5 mm,,
Basler,LMILMI Sensor Gocator 2540,lmi-sensor-gocator-2540,LMI,2723,3D 카메라,LMI Gocator 2500,,,,,Line Sensor,,,,Mono,,GigE,,,,,,,105 mm x 195 mm x 55 mm,1480 g,,,,,,,,,,,,,,,,,,,,,,,,120 - 292 mm (diffuse),,,,,,,,,,,,,,,,,,,,,,,,,,,,,,,,,,,,,,64 - 160 μm,,,"Blue laser (405 nm), Red laser (660 nm)",152 mm,,1.2 nm,"2, 3R, 3B",0.05 %,approx. 1.7 kHz - 20 kHz,1920.0,295 mm,,
Basler,LMILMI Sensor Gocator 5516,lmi-sensor-gocator-5516,LMI,2739,3D 카메라,LMI Gocator 5500,,,,,Line Confocal Sensor,,,,Mono,,GigE,,,,,,,358 mm x 440 mm x 113 mm,21000 g,,,,,,,,,,,,,,,,,,,,,,,,17 mm,,,,,,,,,,,,,,,,,,,,,,,,,,,,,,,,,,,,,,9.9 μm,,,Polychromatic Light Source,61.3 mm,,0.42 nm,,0.42 %,approx. 3.8 kHz - 38 kHz,1792.0,5.5 mm,,
Basler,LMILMI Sensor Gocator 2629,lmi-sensor-gocator-2629,LMI,2727,3D 카메라,LMI Gocator 2600,,,,,Line Sensor,,,,Mono,,GigE,,,,,,,105 mm x 165 mm x 55 mm,1340 g,,,,,,,,,,,,,,,,,,,,,,,,71 - 93 mm,,,,,,,,,,,,,,,,,,,,,,,,,,,,,,,,,,,,,,18 - 23 μm,,,"Blue laser (405 nm), Red laser (660 nm)",110 mm,,0.3 nm,"2, 3R, 3B",0.03 %,approx. 2.5 kHz - 9 kHz,4192.0,45 mm,,
Basler,LMILMI Sensor Gocator 4010,lmi-sensor-gocator-4010,LMI,2733,3D 카메라,LMI Gocator 4000,,,,,Area Sensor,,,,Mono,,GigE,,,,,,,82 mm x 459 mm x 183 mm,1040 g,,,,,,,,,,,,,,,,,,,,,,,,3.5 mm,,,,,,,,,,,,,,,,,,,,,,,,,,,,,,,,,,,,,,1.9 μm,,,White LED,9.3 ±0.2 mm,,0.12 nm,,0.04 %,approx. 4.3 kHz - 34 kHz,1920.0,1.05 mm,,
Basler,LMILMI Sensor Gocator 2640,lmi-sensor-gocator-2640,LMI,2729,3D 카메라,LMI Gocator 2600,,,,,Line Sensor,,,,Mono,,GigE,,,,,,,105 mm x 195 mm x 55 mm,1480 g,,,,,,,,,,,,,,,,,,,,,,,,105 - 198 mm,,,,,,,,,,,,,,,,,,,,,,,,,,,,,,,,,,,,,,28 - 46 μm,,,"Blue laser (405 nm), Red laser (660 nm)",170 mm,,1 nm,"2, 3R, 3B",0.04 %,approx. 0.6 kHz - 9 kHz,4192.0,190 mm,,
Basler,LMILMI Sensor Gocator 5512,lmi-sensor-gocator-5512,LMI,2738,3D 카메라,LMI Gocator 5500,,,,,Line Confocal Sensor,,,,Mono,,GigE,,,,,,,354 mm x 419 mm x 91 mm,9000 g,,,,,,,,,,,,,,,,,,,,,,,,11.6 mm,,,,,,,,,,,,,,,,,,,,,,,,,,,,,,,,,,,,,,6.5 μm,,,Polychromatic Light Source,19.1 mm,,0.17 nm,,0.17 %,approx. 4.2 kHz - 40 kHz,1792.0,3 mm,,
Basler,LMILMI Sensor Gocator 2690,lmi-sensor-gocator-2690,LMI,2732,3D 카메라,LMI Gocator 2600,,,,,Line Sensor,,,,Mono,,GigE,,,,,,,105 mm x 280 mm x 55 mm,2120 g,,,,,,,,,,,,,,,,,,,,,,,,385 - 2000 mm,,,,,,,,,,,,,,,,,,,,,,,,,,,,,,,,,,,,,,124 - 550 μm,,,Red laser (660 nm),325 mm,,12 nm,"2, 3R",0.08 %,approx. 0.9 kHz - 10 kHz,3700.0,1550 mm,,
Basler,LMILMI Sensor Gocator 2618,lmi-sensor-gocator-2618,LMI,2726,3D 카메라,LMI Gocator 2600,,,,,Line Sensor,,,,Mono,,GigE,,,,,,,80 mm x 110 mm x 46 mm,650 g,,,,,,,,,,,,,,,,,,,,,,,,20 - 23 mm,,,,,,,,,,,,,,,,,,,,,,,,,,,,,,,,,,,,,,5.0 - 5.4 μm,,,Blue laser (405 nm),44.5 mm,,0.38 nm,"2, 3R, 3B",0.015 %,approx. 0.7 kHz - 10 kHz,4192.0,12 mm,,
Basler,LMILMI Sensor Gocator 2630,lmi-sensor-gocator-2630,LMI,2728,3D 카메라,LMI Gocator 2600,,,,,Line Sensor,,,,Mono,,GigE,,,,,,,105 mm x 165 mm x 55 mm,1340 g,,,,,,,,,,,,,,,,,,,,,,,,71 - 135 mm,,,,,,,,,,,,,,,,,,,,,,,,,,,,,,,,,,,,,,18 - 33 μm,,,"Blue laser (405 nm), Red laser (660 nm)",110 mm,,0.3 nm,"2, 3R, 3B",0.03 %,approx. 0.6 kHz - 9 kHz,4192.0,130 mm,,
Basler,LMILMI Sensor Gocator 2550,lmi-sensor-gocator-2550,LMI,2724,3D 카메라,LMI Gocator 2500,,,,,Line Sensor,,,,Mono,,GigE,,,,,,,105 mm x 195 mm x 55 mm,1480 g,,,,,,,,,,,,,,,,,,,,,,,,154 - 518 mm (diffuse),,,,,,,,,,,,,,,,,,,,,,,,,,,,,,,,,,,,,,90 - 270 μm,,,"Blue laser (405 nm), Red laser (660 nm)",216 mm,,2 nm,"2, 3R, 3B",0.06 %,approx. 1.8 kHz - 20 kHz,1920.0,595 mm,,
Basler,LMILMI Sensor Gocator 5504,lmi-sensor-gocator-5504,LMI,2737,3D 카메라,LMI Gocator 5500,,,,,Line Confocal Sensor,,,,Mono,,GigE,,,,,,,190 mm x 303 mm x 60 mm,5000 g,,,,,,,,,,,,,,,,,,,,,,,,4.3 mm,,,,,,,,,,,,,,,,,,,,,,,,,,,,,,,,,,,,,,2.5 μm,,,Polychromatic Light Source,7.8 mm,,0.07 nm,,0.07 %,approx. 2.1 kHz - 39 kHz,1792.0,1.1 mm,,
Basler,LMILMI Sensor Gocator 4020,lmi-sensor-gocator-4020,LMI,2735,3D 카메라,LMI Gocator 4000,,,,,Area Sensor,,,,Mono,,GigE,,,,,,,82 mm x 428 mm x 183 mm,960 g,,,,,,,,,,,,,,,,,,,,,,,,5.0 mm,,,,,,,,,,,,,,,,,,,,,,,,,,,,,,,,,,,,,,2.6 μm,,,White LED,27.8 ±0.3 mm,,0.25 nm,,0.02 %,approx. 4.5 kHz - 36 kHz,1920.0,2.5 mm,,
Basler,LMILMI Sensor Gocator 4021,lmi-sensor-gocator-4021,LMI,2736,3D 카메라,LMI Gocator 4000,,,,,Area Sensor,,,,Mono,,GigE,,,,,,,82 mm x 428 mm x 183 mm,960 g,,,,,,,,,,,,,,,,,,,,,,,,5.0 mm,,,,,,,,,,,,,,,,,,,,,,,,,,,,,,,,,,,,,,2.6 μm,,,White LED,27.8 ±0.3 mm,,0.2 nm,,0.02 %,approx. 4.5 kHz - 36 kHz,1920.0,2.5 mm,,
Basler,LMILMI Sensor Gocator 4011,lmi-sensor-gocator-4011,LMI,2734,3D 카메라,LMI Gocator 4000,,,,,Area Sensor,,,,Mono,,GigE,,,,,,,82 mm x 459 mm x 183 mm,1040 g,,,,,,,,,,,,,,,,,,,,,,,,3.5 mm,,,,,,,,,,,,,,,,,,,,,,,,,,,,,,,,,,,,,,1.9 μm,,,White LED,9.3 ±0.2 mm,,0.1 nm,,0.04 %,approx. 4.3 kHz - 34 kHz,1920.0,1.05 mm,,
Basler,LMILMI Sensor Gocator 2670,lmi-sensor-gocator-2670,LMI,2731,3D 카메라,LMI Gocator 2600,,,,,Line Sensor,,,,Mono,,GigE,,,,,,,105 mm x 280 mm x 55 mm,2120 g,,,,,,,,,,,,,,,,,,,,,,,,272 - 817 mm,,,,,,,,,,,,,,,,,,,,,,,,,,,,,,,,,,,,,,67 - 197 μm,,,Blue laser (405 nm),495 mm,,10 nm,"2, 3R, 3B",0.05 %,approx. 0.6 kHz - 9 kHz,4192.0,1060 mm,,
Basler,LMILMI Sensor Gocator 2650,lmi-sensor-gocator-2650,LMI,2730,3D 카메라,LMI Gocator 2600,,,,,Line Sensor,,,,Mono,,GigE,,,,,,,105 mm x 280 mm x 55 mm,2120 g,,,,,,,,,,,,,,,,,,,,,,,,190 - 430 mm,,,,,,,,,,,,,,,,,,,,,,,,,,,,,,,,,,,,,,47 - 104 μm,,,Blue laser (405 nm),330 mm,,2.7 nm,"2, 3R, 3B",0.04 %,approx. 0.6 kHz - 9 kHz,4192.0,475 mm,,
Basler,HeliotisHeliotis Sensor H8 20x,heliotis-sensor-h8-20x,Heliotis,1446,3D 카메라,Heliotis heliInspect H8,,Heliotis proprietary,heliSens S4,,Area Sensor,512 px × 542 px,,,Mono,,GigE,,,,,,,254 mm x 58 mm x 100 mm,2500 g,,,,,,,,,,,,,,,,,,,,,,,,650 x 610 μm,,,,,,,,,,,,,,,,,,,,,,,,,,,,,,,,,,,,,,1.2 μm,20 nm,20x,Blue LED / Red LED,4.7 mm (Nikon Mirau) / 3.6 mm (Leica Mirau),,15 nm,,,,,40 mm,,
Basler,LMILMI Sensor Gocator 2510,lmi-sensor-gocator-2510,LMI,1428,3D 카메라,LMI Gocator 2500,,,,,Line Sensor,,,,Mono,,GigE,,,,,,,46 mm x 80 mm x 110 mm,650 g,,,,,,,,,,,,,,,,,,,,,,,,13 - 14.5 mm (diffuse),,,,,,,,2 MP,,,,,,,,,,,,,,,,,,,,,,,,,,,,,,8 μm,,,Blue laser (405 nm),17 mm,,0.2 μm,2,0.015 %,2.4 kHz,1920.0,6 mm,,
Basler,LMILMI Sensor Gocator 2375,lmi-sensor-gocator-2375,LMI,1420,3D 카메라,LMI Gocator 2300,,,,,Line Sensor,,,,Mono,,GigE,,,,,,,49 mm x 75 mm x 272 mm,1300 g,,,,,,,,,,,,,,,,,,,,,,,,324 - 1010 mm,,,,,,,,1 MP,,,,,,,,,,,,,,,,,,,,,,,,,,,,,,255 - 790 μm,175 - 925 μm,,Red laser (660 nm),650 mm,,12 μm,2 / 3R,0.03 %,approx. 170 Hz - 5 kHz,1280.0,1350 mm,,
Basler,LMILMI Sensor Gocator 2410,lmi-sensor-gocator-2410,LMI,1422,3D 카메라,LMI Gocator 2400,,,,,Line Sensor,,,,Mono,,GigE,,,,,,,44 mm x 90 mm x 145 mm,880 g,,,,,,,,,,,,,,,,,,,,,,,,10 mm,,,,,,,,2 MP,,,,,,,,,,,,,,,,,,,,,,,,,,,,,,5.8 - 6.2 μm,,,Blue laser (405 nm),19 mm,,0.2 μm,2M / 3R,0.015 %,approx. 200 Hz - 5 kHz,1710.0,6 mm,,
Basler,LMILMI Sensor Gocator 2880,lmi-sensor-gocator-2880,LMI,1433,3D 카메라,LMI Gocator 2800,,,,,Line Sensor,,,,Mono,,GigE,,,,,,,49 mm x 75 mm x 498 mm,2560 g,,,,,,,,,,,,,,,,,,,,,,,,390 - 1260 mm,,,,,,,,1 MP,,,,,,,,,,,,,,,,,,,,,,,,,,,,,,375 - 1100 μm,92 - 488 μm,,Red laser,350 mm,,,3R,0.04 %,approx. 380 Hz - 5 kHz,1280.0,800 mm,,
Basler,LMILMI Sensor Gocator 2420,lmi-sensor-gocator-2420,LMI,1423,3D 카메라,LMI Gocator 2400,,,,,Line Sensor,,,,Mono,,GigE,,,,,,,44 mm x 90 mm x 145 mm,880 g,,,,,,,,,,,,,,,,,,,,,,,,27 - 32 mm,,,,,,,,2 MP,,,,,,,,,,,,,,,,,,,,,,,,,,,,,,14 - 16.5 μm,,,Blue laser (405 nm),60 mm,,0.4 μm,2M / 3R,0.006 %,approx. 200 Hz - 5 kHz,1940.0,25 mm,,
Basler,LMILMI Sensor Gocator 2130,lmi-sensor-gocator-2130,LMI,1409,3D 카메라,LMI Gocator 2100,,,,,Line Sensor,,,,Mono,,GigE,,,,,,,49 mm x 75 mm x 142 mm,740 g,,,,,,,,,,,,,,,,,,,,,,,,47 - 85 mm,,,,,,,,VGA,,,,,,,,,,,,,,,,,,,,,,,,,,,,,,88 - 150 μm,6 - 14 μm,,Red laser (660 nm),90 mm,,0.8 μm,2 / 3R,0.01 %,approx. 170 Hz - 5 kHz,640.0,80 mm,,
Basler,HeliotisHeliotis Sensor H8 2x,heliotis-sensor-h8-2x,Heliotis,1450,3D 카메라,Heliotis heliInspect H8,,Heliotis proprietary,heliSens S4,,Area Sensor,512 px × 542 px,,,Mono,,GigE,,,,,,,254 mm x 58 mm x 100 mm,2500 g,,,,,,,,,,,,,,,,,,,,,,,,6.5 x 6.1 mm,,,,,,,,,,,,,,,,,,,,,,,,,,,,,,,,,,,,,,12 μm,20 nm,2x,Blue LED / Red LED,43.0 mm,,15 nm,,,,,40 mm,,
Basler,LMILMI Sensor Gocator 2440,lmi-sensor-gocator-2440,LMI,1425,3D 카메라,LMI Gocator 2400,,,,,Line Sensor,,,,Mono,,GigE,,,,,,,44 mm x 90 mm x 190 mm,1200 g,,,,,,,,,,,,,,,,,,,,,,,,96 - 194 mm,,,,,,,,2 MP,,,,,,,,,,,,,,,,,,,,,,,,,,,,,,90 - 130 μm,,,Blue laser (405 nm) / Red laser (660 nm),183 mm,,1.2 μm,2 / 3B / 3R,0.01 %,approx. 200 Hz - 5 kHz,1500.0,210 mm,,
Basler,LMILMI Sensor Gocator 2140,lmi-sensor-gocator-2140,LMI,1410,3D 카메라,LMI Gocator 2100,,,,,Line Sensor,,,,Mono,,GigE,,,,,,,49 mm x 75 mm x 197 mm,940 g,,,,,,,,,,,,,,,,,,,,,,,,96 - 194 mm,,,,,,,,VGA,,,,,,,,,,,,,,,,,,,,,,,,,,,,,,190 - 340 μm,13 - 37 μm,,Red laser (660 nm),190 mm,,1.2 μm,2 / 3B / 3R,0.01 %,approx. 170 Hz - 5 kHz,640.0,210 mm,,
Basler,LMILMI Sensor Gocator 1320,lmi-sensor-gocator-1320,LMI,1401,3D 카메라,LMI Gocator 1300,,,,,Point Sensor,,,,Mono,,GigE,,,,,,,30 mm x 120 mm x 149 mm,800 g,,,,,,,,,,,,,,,,,,,,,,,,,,,,,,,,,,,,,,,,,,,,,,,,,,,,,,,,,,,,,,,0.4 μm,,Red laser,40 mm,,,3R,0.05 %,32 kHz,,20 mm,,
Basler,LMILMI Sensor Gocator 2120,lmi-sensor-gocator-2120,LMI,1408,3D 카메라,LMI Gocator 2100,,,,,Line Sensor,,,,Mono,,GigE,,,,,,,35 mm x 120 mm x 149.5 mm,800 g,,,,,,,,,,,,,,,,,,,,,,,,18 - 26 mm,,,,,,,,VGA,,,,,,,,,,,,,,,,,,,,,,,,,,,,,,28 - 42 μm,1.8 - 3 μm,,Red laser (660 nm),40 mm,,0.4 μm,2 / 3R,0.01 %,approx. 170 Hz - 5 kHz,640.0,25 mm,,
Basler,LMILMI Sensor Gocator 1380,lmi-sensor-gocator-1380,LMI,1406,3D 카메라,LMI Gocator 1300,,,,,Point Sensor,,,,Mono,,GigE,,,,,,,30 mm x 120 mm x 149 mm,800 g,,,,,,,,,,,,,,,,,,,,,,,,,,,,,,,,,,,,,,,,,,,,,,,,,,,,,,,,,,,,,,,10 - 45 μm,,Red laser,127 mm,,,3B,0.18 %,32 kHz,,1651 mm,,
Basler,HeliotisHeliotis Sensor H8 8x,heliotis-sensor-h8-8x,Heliotis,1448,3D 카메라,Heliotis heliInspect H8,,Heliotis proprietary,heliSens S4,,Area Sensor,512 px × 542 px,,,Mono,,GigE,,,,,,,254 mm x 58 mm x 100 mm,2500 g,,,,,,,,,,,,,,,,,,,,,,,,1.6 x 1.5 mm,,,,,,,,,,,,,,,,,,,,,,,,,,,,,,,,,,,,,,3 μm,20 nm,8x,Blue LED / Red LED,12.8 mm,,15 nm,,,,,40 mm,,
Basler,LMILMI Sensor Gocator 3210,lmi-sensor-gocator-3210,LMI,1434,3D 카메라,LMI Gocator 3200,,,,,Area Sensor,,,,Mono,,GigE,,,,,,,49 mm x 146 mm x 190 mm,1700 g,,,,,,,,,,,,,,,,,,,,,,,,71 x 98 mm - 100 x 154 mm,,,,,,,,2 MP,,,,,,,,,,,,,,,,,,,,,,,,,,,,,,60 - 90 μm,,,Blue LED (465 nm),164 mm,,4.7 μm,,,4 Hz,,110 mm,,
Basler,LMILMI Sensor Gocator 2490,lmi-sensor-gocator-2490,LMI,1427,3D 카메라,LMI Gocator 2400,,,,,Line Sensor,,,,Mono,,GigE,,,,,,,49 mm x 85 mm x 272 mm,1500 g,,,,,,,,,,,,,,,,,,,,,,,,390 - 2000 mm,,,,,,,,2 MP,,,,,,,,,,,,,,,,,,,,,,,,,,,,,,250 - 1100 μm,,,Red laser (660 nm),350 mm,,12 μm,2 / 3R,0.04 %,approx. 200 Hz - 5 kHz,1920.0,1525 mm,,
Basler,LMILMI Sensor Gocator 2350,lmi-sensor-gocator-2350,LMI,1418,3D 카메라,LMI Gocator 2300,,,,,Line Sensor,,,,Mono,,GigE,,,,,,,49 mm x 75 mm x 272 mm,1300 g,,,,,,,,,,,,,,,,,,,,,,,,158 - 365 mm,,,,,,,,1 MP,,,,,,,,,,,,,,,,,,,,,,,,,,,,,,150 - 300 μm,19 - 60 μm,,Red laser (660 nm),300 mm,,2 μm,2 / 3B / 3R,0.01 %,approx. 170 Hz - 5 kHz,1280.0,400 mm,,
Basler,LMILMI Sensor Gocator 1390,lmi-sensor-gocator-1390,LMI,1407,3D 카메라,LMI Gocator 1300,,,,,Point Sensor,,,,Mono,,GigE,,,,,,,30 mm x 120 mm x 277 mm,1400 g,,,,,,,,,,,,,,,,,,,,,,,,,,,,,,,,,,,,,,,,,,,,,,,,,,,,,,,,,,,,,,,25 - 60 μm,,Red laser,500 mm,,,3B,0.1 %,32 kHz,,2000 mm,,
Basler,LMILMI Sensor Gocator 2430,lmi-sensor-gocator-2430,LMI,1424,3D 카메라,LMI Gocator 2400,,,,,Line Sensor,,,,Mono,,GigE,,,,,,,44 mm x 90 mm x 155 mm,1000 g,,,,,,,,,,,,,,,,,,,,,,,,47 - 85 mm,,,,,,,,2 MP,,,,,,,,,,,,,,,,,,,,,,,,,,,,,,37 - 57  μm,,,Blue laser (405 nm) / Red laser (660 nm),75 mm,,0.8 μm,2 / 3B / 3R,0.01 %,approx. 200 Hz - 5 kHz,1500.0,80 mm,,
Basler,LMILMI Sensor Gocator 2170,lmi-sensor-gocator-2170,LMI,1412,3D 카메라,LMI Gocator 2100,,,,,Line Sensor,,,,Mono,,GigE,,,,,,,49 mm x 75 mm x 272 mm,1300 g,,,,,,,,,,,,,,,,,,,,,,,,308 - 687 mm,,,,,,,,VGA,,,,,,,,,,,,,,,,,,,,,,,,,,,,,,550 - 1100 μm,55 - 200 μm,,Red laser (660 nm),400 mm,,8 μm,2 / 3R,0.04 %,approx. 170 Hz - 5 kHz,640.0,500 mm,,
Basler,LMILMI Sensor Gocator 2150,lmi-sensor-gocator-2150,LMI,1411,3D 카메라,LMI Gocator 2100,,,,,Line Sensor,,,,Mono,,GigE,,,,,,,49 mm x 75 mm x 272 mm,1300 g,,,,,,,,,,,,,,,,,,,,,,,,158 - 365 mm,,,,,,,,VGA,,,,,,,,,,,,,,,,,,,,,,,,,,,,,,300 - 600 μm,19 - 60 μm,,Red laser (660 nm),300 mm,,2 μm,2 / 3R,0.01 %,approx. 170 Hz - 5 kHz,640.0,400 mm,,
Basler,LMILMI Sensor Gocator 1365,lmi-sensor-gocator-1365,LMI,1404,3D 카메라,LMI Gocator 1300,,,,,Point Sensor,,,,Mono,,GigE,,,,,,,30 mm x 120 mm x 220 mm,1100 g,,,,,,,,,,,,,,,,,,,,,,,,,,,,,,,,,,,,,,,,,,,,,,,,,,,,,,,,,,,,,,,2.5 - 4.0 μm,,Red laser,562 mm,,,3B,0.11 %,32 kHz,,375 mm,,
Basler,LMILMI Sensor Gocator 1370,lmi-sensor-gocator-1370,LMI,1405,3D 카메라,LMI Gocator 1300,,,,,Point Sensor,,,,Mono,,GigE,,,,,,,30 mm x 120 mm x 149 mm,800 g,,,,,,,,,,,,,,,,,,,,,,,,,,,,,,,,,,,,,,,,,,,,,,,,,,,,,,,,,,,,,,,2.5 - 7.0 μm,,Red laser,237.5 mm,,,3B,0.07 %,32 kHz,,412.5 mm,,
Basler,LMILMI Sensor Gocator 1340,lmi-sensor-gocator-1340,LMI,1402,3D 카메라,LMI Gocator 1300,,,,,Point Sensor,,,,Mono,,GigE,,,,,,,30 mm x 120 mm x 149 mm,800 g,,,,,,,,,,,,,,,,,,,,,,,,,,,,,,,,,,,,,,,,,,,,,,,,,,,,,,,,,,,,,,,0.5 - 1.0 μm,,Red laser,162.5 mm,,,3B,0.05 %,32 kHz,,95 mm,,
Basler,LMILMI Sensor Gocator 2530,lmi-sensor-gocator-2530,LMI,1432,3D 카메라,LMI Gocator 2500,,,,,Line Sensor,,,,Mono,,GigE,,,,,,,46 mm x 80 mm x 110 mm,650 g,,,,,,,,,,,,,,,,,,,,,,,,48 - 100 mm (diffuse),,,,,,,,2 MP,,,,,,,,,,,,,,,,,,,,,,,,,,,,,,28 - 54 μm,,,Blue laser (405 nm),40 mm,,0.5 μm,2,0.01 %,2.0 kHz,1920.0,80 mm,,
Basler,LMILMI Sensor Gocator 2380,lmi-sensor-gocator-2380,LMI,1421,3D 카메라,LMI Gocator 2300,,,,,Line Sensor,,,,Mono,,GigE,,,,,,,49 mm x 75 mm x 272 mm,1300 g,,,,,,,,,,,,,,,,,,,,,,,,390 - 1260 mm,,,,,,,,1 MP,,,,,,,,,,,,,,,,,,,,,,,,,,,,,,375 - 1100 μm,92 - 488 μm,,Red laser (660 nm),350 mm,,12 μm,2 / 3R,0.04 %,approx. 170 Hz - 5 kHz,1280.0,800 mm,,
Basler,LMILMI Sensor Gocator 2450,lmi-sensor-gocator-2450,LMI,1426,3D 카메라,LMI Gocator 2400,,,,,Line Sensor,,,,Mono,,GigE,,,,,,,44 mm x 90 mm x 240 mm,1200 g,,,,,,,,,,,,,,,,,,,,,,,,145 - 425 mm,,,,,,,,2 MP,,,,,,,,,,,,,,,,,,,,,,,,,,,,,,100 - 255 μm,,,Blue laser (405 nm),270 mm,,2 μm,2 / 3B / 3R,0.01 %,approx. 200 Hz - 5 kHz,1800.0,550 mm,,
Basler,LMILMI Sensor Gocator 2175,lmi-sensor-gocator-2175,LMI,1413,3D 카메라,LMI Gocator 2100,,,,,Line Sensor,,,,Mono,,GigE,,,,,,,49 mm x 75 mm x 272 mm,1300 g,,,,,,,,,,,,,,,,,,,,,,,,324 - 1010 mm,,,,,,,,VGA,,,,,,,,,,,,,,,,,,,,,,,,,,,,,,510 - 1580 μm,175 - 925 μm,,Red laser (660 nm),650 mm,,12 μm,2 / 3R,0.03 %,approx. 170 Hz - 5 kHz,640.0,1350 mm,,
Basler,LMILMI Sensor Gocator 2180,lmi-sensor-gocator-2180,LMI,1414,3D 카메라,LMI Gocator 2100,,,,,Line Sensor,,,,Mono,,GigE,,,,,,,49 mm x 75 mm x 272 mm,1300 g,,,,,,,,,,,,,,,,,,,,,,,,390 - 1260 mm,,,,,,,,VGA,,,,,,,,,,,,,,,,,,,,,,,,,,,,,,750 - 2200 μm,92 - 488 μm,,Red laser (660 nm),350 mm,,12 μm,2 / 3R,0.04 %,approx. 170 Hz - 5 kHz,640.0,800 mm,,
Basler,HeliotisHeliotis Sensor H8 10x,heliotis-sensor-h8-10x,Heliotis,1447,3D 카메라,Heliotis heliInspect H8,,Heliotis proprietary,heliSens S4,,Area Sensor,512 px × 542 px,,,Mono,,GigE,,,,,,,254 mm x 58 mm x 100 mm,2500 g,,,,,,,,,,,,,,,,,,,,,,,,1.3 x 1.2 mm,,,,,,,,,,,,,,,,,,,,,,,,,,,,,,,,,,,,,,2.4 μm,20 nm,10x,Blue LED / Red LED,7.4 mm (Nikon Mirau) / 3.6 mm (Leica Mirau),,15 nm,,,,,40 mm,,
Basler,LMILMI Sensor Gocator 2370,lmi-sensor-gocator-2370,LMI,1419,3D 카메라,LMI Gocator 2300,,,,,Line Sensor,,,,Mono,,GigE,,,,,,,49 mm x 75 mm x 272 mm,1300 g,,,,,,,,,,,,,,,,,,,,,,,,308 - 687 mm,,,,,,,,1 MP,,,,,,,,,,,,,,,,,,,,,,,,,,,,,,275 - 550 μm,55 - 200 μm,,Red laser (660 nm),400 mm,,8 μm,2 / 3R,0.04 %,approx. 170 Hz - 5 kHz,1280.0,500 mm,,
Basler,LMILMI Sensor Gocator 2520,lmi-sensor-gocator-2520,LMI,1430,3D 카메라,LMI Gocator 2500,,,,,Line Sensor,,,,Mono,,GigE,,,,,,,46 mm x 80 mm x 110 mm,650 g,,,,,,,,,,,,,,,,,,,,,,,,"25 - 32.5 mm (diffuse), 25 mm (specular)",,,,,,,,2 MP,,,,,,,,,,,,,,,,,,,,,,,,,,,,,,13 - 17 μm,,,Blue laser (405 nm),47.5 mm,,0.4 μm,2,0.006 %,1.6 kHz,1920.0,25 mm,,
Basler,LMILMI Sensor Gocator 2320,lmi-sensor-gocator-2320,LMI,1415,3D 카메라,LMI Gocator 2300,,,,,Line Sensor,,,,Mono,,GigE,,,,,,,35 mm x 120 mm x 149.5 mm,800 g,,,,,,,,,,,,,,,,,,,,,,,,18 - 26 mm,,,,,,,,1 MP,,,,,,,,,,,,,,,,,,,,,,,,,,,,,,14 - 21 μm,1.8 - 3 μm,,Red laser (660 nm),40 mm,,0.4 μm,2 / 3R,0.01 %,approx. 170 Hz - 5 kHz,1280.0,25 mm,,
Basler,LMILMI Sensor Gocator 3506,lmi-sensor-gocator-3506,LMI,1436,3D 카메라,LMI Gocator 3500,,,,,Area Sensor,,,,Mono,,GigE,,,,,,,49 mm x 136 mm x 170 mm,1520 g,,,,,,,,,,,,,,,,,,,,,,,,27 x 45 mm - 30 x 45 mm,,,,,,,,5 MP,,,,,,,,,,,,,,,,,,,,,,,,,,,,,,20 - 25 μm,,,Blue LED (465 nm),87 mm,,2 μm,,,3 Hz,,25 mm,,
Basler,LMILMI Sensor Gocator 3520,lmi-sensor-gocator-3520,LMI,1437,3D 카메라,LMI Gocator 3500,,,,,Area Sensor,,,,Mono,,GigE,,,,,,,55 mm x 167 mm x 260 mm,2600 g,,,,,,,,,,,,,,,,,,,,,,,,179 x 115 mm - 282 x 175 mm,,,,,,,,5 MP,,,,,,,,,,,,,,,,,,,,,,,,,,,,,,74 - 121 μm,,,Blue LED (465 nm),203 mm,,4.6 μm,,,3 Hz,,150 mm,,
Basler,LMILMI Sensor Gocator 1350,lmi-sensor-gocator-1350,LMI,1403,3D 카메라,LMI Gocator 1300,,,,,Point Sensor,,,,Mono,,GigE,,,,,,,30 mm x 120 mm x 149 mm,800 g,,,,,,,,,,,,,,,,,,,,,,,,,,,,,,,,,,,,,,,,,,,,,,,,,,,,,,,,,,,,,,,1.5 -3.5 μm,,Red laser,200 mm,,,3B,0.05 %,32 kHz,,200 mm,,
Basler,LMILMI Sensor Gocator 2512,lmi-sensor-gocator-2512,LMI,1429,3D 카메라,LMI Gocator 2500,,,,,Line Sensor,,,,Mono,,GigE,,,,,,,46 mm x 80 mm x 110 mm,650 g,,,,,,,,,,,,,,,,,,,,,,,,13 - 14.5 mm (diffuse & specular),,,,,,,,2 MP,,,,,,,,,,,,,,,,,,,,,,,,,,,,,,8 μm,,,Blue laser (405 nm),17 mm,,0.2 μm,2,0.015 %,2.4 kHz,1920.0,6 mm,,
Basler,LMILMI Sensor Gocator 2340,lmi-sensor-gocator-2340,LMI,1417,3D 카메라,LMI Gocator 2300,,,,,Line Sensor,,,,Mono,,GigE,,,,,,,49 mm x 75 mm x 197 mm,940 g,,,,,,,,,,,,,,,,,,,,,,,,96 - 194 mm,,,,,,,,1 MP,,,,,,,,,,,,,,,,,,,,,,,,,,,,,,95 - 170 μm,13 - 37 μm,,Red laser (660 nm),190 mm,,1.2 μm,2 / 3B / 3R,0.01 %,approx. 170 Hz - 5 kHz,1280.0,210 mm,,
Basler,LMILMI Sensor Gocator 2522,lmi-sensor-gocator-2522,LMI,1431,3D 카메라,LMI Gocator 2500,,,,,Line Sensor,,,,Mono,,GigE,,,,,,,46 mm x 110 mm x 110 mm,650 g,,,,,,,,,,,,,,,,,,,,,,,,"25 - 32.5 mm (diffuse), 25 mm (specular)",,,,,,,,2 MP,,,,,,,,,,,,,,,,,,,,,,,,,,,,,,13 - 17 μm,,,Blue laser (405 nm),17.75 mm,,0.4 μm,2,0.006 %,1.6 kHz,1920.0,25 mm,,
Basler,HeliotisHeliotis Sensor H8 4x,heliotis-sensor-h8-4x,Heliotis,1449,3D 카메라,Heliotis heliInspect H8,,Heliotis proprietary,heliSens S4,,Area Sensor,512 px × 542 px,,,Mono,,GigE,,,,,,,254 mm x 58 mm x 100 mm,2500 g,,,,,,,,,,,,,,,,,,,,,,,,3.3 x 3.1 mm,,,,,,,,,,,,,,,,,,,,,,,,,,,,,,,,,,,,,,6 μm,20 nm,4x,Blue LED / Red LED,42.9 mm,,15 nm,,,,,40 mm,,
Basler,HeliotisHeliotis Sensor H8 50x,heliotis-sensor-h8-50x,Heliotis,1445,3D 카메라,Heliotis heliInspect H8,,Heliotis proprietary,heliSens S4,,Area Sensor,512 px × 542 px,,,Mono,,GigE,,,,,,,254 mm x 58 mm x 100 mm,2500 g,,,,,,,,,,,,,,,,,,,,,,,,260 x 250 μm,,,,,,,,,,,,,,,,,,,,,,,,,,,,,,,,,,,,,,0.48 μm,20 nm,50x,Blue LED / Red LED,3.4 mm (Nikon Mirau) / 2.5 mm (Leica Mirau),,15 nm,,,,,40 mm,,
Basler,LMILMI Sensor Gocator 2330,lmi-sensor-gocator-2330,LMI,1416,3D 카메라,LMI Gocator 2300,,,,,Line Sensor,,,,Mono,,GigE,,,,,,,49 mm x 75 mm x 142 mm,740 g,,,,,,,,,,,,,,,,,,,,,,,,47 - 85 mm,,,,,,,,1 MP,,,,,,,,,,,,,,,,,,,,,,,,,,,,,,44 - 75 μm,6 - 14 μm,,Red laser (660 nm),90 mm,,0.8 μm,2 / 3B / 3R,0.01 %,approx. 170 Hz - 5 kHz,1280.0,80 mm,,
Basler,HeliotisHeliotis Sensor H8 100x,heliotis-sensor-h8-100x,Heliotis,1444,3D 카메라,Heliotis heliInspect H8,,Heliotis proprietary,heliSens S4,,Area Sensor,512 px × 542 px,,,Mono,,GigE,,,,,,,254 mm x 58 mm x 100 mm,2500 g,,,,,,,,,,,,,,,,,,,,,,,,130 x 120 μm,,,,,,,,,,,,,,,,,,,,,,,,,,,,,,,,,,,,,,0.24 μm,20 nm,100x,Blue LED / Red LED,2.0 mm (Nikon Mirau),,15 nm,,,,,40 mm,,
